stock_id,name,chip_trend_days,chip_concentration_threshold,chip_latest_date,chip_available_days,short_margin_ratio_pct,short_margin_ratio_pct_t0,short_margin_ratio_pct_t1,short_margin_ratio_pct_t2,short_margin_ratio_score,margin_cost_line,margin_cost_line_t0,margin_cost_line_t1,margin_cost_line_t2,margin_cost_status,margin_purchase_change,margin_purchase_change_t0,margin_purchase_change_t1,margin_purchase_change_t2,margin_purchase_change_score,short_sale_change,short_sale_change_t0,short_sale_change_t1,short_sale_change_t2,short_sale_change_score,chip_concentration_pct,chip_concentration_pct_t0,chip_concentration_pct_t1,chip_concentration_pct_t2,chip_date_t0,chip_date_t1,chip_date_t2,chip_concentration_score,main_force_net,main_force_net_t0,main_force_net_t1,main_force_net_t2,main_force_score,broker_diff,broker_diff_t0,broker_diff_t1,broker_diff_t2,broker_diff_score,foreign_investor_net,foreign_investor_net_t0,foreign_investor_net_t1,foreign_investor_net_t2,foreign_investor_net_score,investment_trust_net,investment_trust_net_t0,investment_trust_net_t1,investment_trust_net_t2,investment_trust_net_score,dealer_net,dealer_net_t0,dealer_net_t1,dealer_net_t2,dealer_net_score,institutional_total_net,institutional_total_net_t0,institutional_total_net_t1,institutional_total_net_t2,institutional_total_net_score,main_force_net_5d,total_volume_5d,main_force_buy_rate_5d_pct,chip_concentration_avg_5d,chip_concentration_change_5d,broker_diff_avg_5d,chip_signal_state,chip_signal_text,chips_updated_at,chips_status,chips_reason,finmind_token_status,finmind_token_source,finmind_token_masked,finmind_user_count,finmind_api_request_limit,finmind_remain,finmind_usage_checked_at
0056,元大高股息,3,15.0,2026-09-30,3,4.69,4.69,4.69,4.78,-0.5,53.95,53.95,53.95,53.9,ok,,,58.0,48.0,1,,,-1.0,-6.0,1,-17.85,-17.85,-42.08,-55.65,2026-09-30,2026-09-29,2026-09-24,-1.0,-5709,-5709,-15963,-12888,-1.0,73,73,155,189,1.0,3705,3705,-5089,-5371,1.0,0,0,262,150,0.0,-15726,-15726,-22594,-9633,0.0,-12021,-12021,-27421,-14854,0.0,-67692,158276,-42.77,-42.76,25.55,134.0,bearish_distributed,主力連3賣、買賣家數差連3正，籌碼流向散戶風險高,2026-09-30 10:55:13,ok,,ok,FINMIND_TOKEN,eyJ0...py2s,0,6000,6000,2026-09-30 10:55:22
00662,富邦NASDAQ,3,15.0,2026-09-30,3,0.0,0.0,0.0,0.0,0.0,116.59,116.59,116.59,116.54,ok,,,10.0,42.0,-1,,,0.0,0.0,0,-17.5,-17.5,-33.95,-40.2,2026-09-30,2026-09-29,2026-09-24,-1.0,-400,-400,-1382,-1097,-1.0,128,128,357,310,1.0,191,191,147,-159,1.0,96,96,96,95,0.5,-1118,-1118,-2541,-1590,0.0,-831,-831,-2298,-1654,0.0,-2962,15688,-18.88,-17.95,-22.99,147.6,bearish_distributed,主力連3賣、買賣家數差連3正，籌碼流向散戶風險高,2026-09-30 10:55:13,ok,,ok,FINMIND_TOKEN,eyJ0...py2s,0,6000,6000,2026-09-30 10:55:22
00878,國泰永續高股息,3,15.0,2026-09-30,3,1.08,1.08,1.08,1.03,0.5,33.28,33.28,33.28,33.27,ok,,,-56.0,35.0,-1,,,1.0,0.0,1,-25.03,-25.03,-26.53,-54.91,2026-09-30,2026-09-29,2026-09-24,-1.0,-5971,-5971,-8313,-19642,-1.0,151,151,130,265,1.0,-150,-150,98,-3122,0.0,0,0,0,0,0.0,-8984,-8984,-16790,-22290,1.0,-9134,-9134,-16692,-25412,1.0,-45310,142162,-31.87,-29.68,-25.57,152.4,bearish_distributed,主力連3賣、買賣家數差連3正，籌碼流向散戶風險高,2026-09-30 10:55:14,ok,,ok,FINMIND_TOKEN,eyJ0...py2s,0,6000,6000,2026-09-30 10:55:22
00892,富邦台灣半導體,3,15.0,2026-09-30,3,0.27,0.27,0.27,0.27,-0.5,40.47,40.47,40.47,40.4,ok,,,3.0,11.0,-1,,,0.0,0.0,0,1.11,1.11,-9.36,-9.93,2026-09-30,2026-09-29,2026-09-24,0.0,35,35,-629,-443,-0.5,38,38,258,194,1.0,-360,-360,-97,-89,-1.0,0,0,0,0,0.0,635,635,-1166,-952,0.0,275,275,-1263,-1041,0.0,997,23850,4.18,3.72,-27.23,49.0,neutral,籌碼震盪，方向未定,2026-09-30 10:55:14,ok,,ok,FINMIND_TOKEN,eyJ0...py2s,0,6000,6000,2026-09-30 10:55:21
00919,群益台灣精選高息,3,15.0,2026-09-30,3,0.35,0.35,0.35,0.05,0.5,31.19,31.19,31.19,31.18,ok,,,-309.0,238.0,-1,,,56.0,-24.0,1,-38.21,-38.21,-10.79,-60.44,2026-09-30,2026-09-29,2026-09-24,-0.5,-21129,-21129,-5980,-52035,-1.0,130,130,77,169,1.0,540,540,-2515,-7010,1.0,0,0,0,0,0.0,-24900,-24900,-7949,-55820,0.0,-24360,-24360,-10464,-62830,0.0,-129232,323556,-39.94,-38.44,0.09,111.0,bearish_distributed,主力連3賣、買賣家數差連3正，籌碼流向散戶風險高,2026-09-30 10:55:14,ok,,ok,FINMIND_TOKEN,eyJ0...py2s,0,6000,6000,2026-09-30 10:55:22
00941,中信上游半導體,3,15.0,2026-09-30,3,0.0,0.0,0.0,0.0,0.0,26.34,26.34,26.34,26.36,ok,,,-1.0,-20.0,1,,,0.0,0.0,0,31.21,31.21,17.09,11.9,2026-09-30,2026-09-29,2026-09-24,0.5,309,309,87,106,1.0,-86,-86,16,-10,-0.5,296,296,202,-39,1.0,0,0,0,0,0.0,100,100,-32,295,0.0,396,396,170,256,0.0,1421,4966,28.61,20.06,15.33,-36.6,bullish_distributed,主力連3買但買賣家數差偏正，可能偏分散,2026-09-30 10:55:14,ok,,ok,FINMIND_TOKEN,eyJ0...py2s,0,6000,6000,2026-09-30 10:55:21
1101,台泥,3,15.0,2026-09-30,3,0.13,0.13,0.13,0.18,-0.5,24.66,24.66,24.66,24.64,ok,,,-10.0,-2661.0,1,,,-18.0,-34.0,1,33.86,33.86,-11.32,-35.77,2026-09-30,2026-09-29,2026-09-24,0.0,35536,35536,-3578,-14067,-0.5,-35,-35,123,139,0.5,52829,52829,-301,-12699,1.0,4828,4828,1,-12,1.0,950,950,-220,-450,1.0,58607,58607,-520,-13161,1.0,54833,335945,16.32,7.5,0.18,31.2,neutral,籌碼震盪，方向未定,2026-09-30 10:55:21,ok,,ok,FINMIND_TOKEN,eyJ0...py2s,0,6000,6000,2026-09-30 10:55:29
1216,統一,3,15.0,2026-09-30,3,0.1,0.1,0.1,0.12,-0.5,75.09,75.09,75.09,75.31,ok,,,142.0,47.0,1,,,0.0,0.0,0,-6.41,-6.41,-25.94,-31.13,2026-09-30,2026-09-29,2026-09-24,-0.5,-446,-446,-1690,-1514,-1.0,220,220,355,365,1.0,-13,-13,-1720,-2560,1.0,-12,-12,-69,103,0.0,300,300,494,263,0.0,275,275,-1295,-2194,1.0,-3562,32518,-10.95,-13.18,6.06,219.0,bearish_distributed,主力連3賣、買賣家數差連3正，籌碼流向散戶風險高,2026-09-30 10:55:21,ok,,ok,FINMIND_TOKEN,eyJ0...py2s,0,6000,6000,2026-09-30 10:55:30
1301,台塑,3,15.0,2026-09-30,3,4.48,4.48,4.48,4.51,-0.5,63.57,63.57,63.57,63.52,ok,,,202.0,320.0,-1,,,4.0,23.0,-1,49.85,49.85,-8.0,8.06,2026-09-30,2026-09-29,2026-09-24,0.5,26336,26336,-2791,1323,0.5,-54,-54,27,-26,-0.5,29049,29049,791,1468,0.0,486,486,0,0,0.5,1046,1046,0,485,0.0,30581,30581,791,1953,0.0,22941,141705,16.19,4.73,50.42,43.0,neutral,籌碼震盪，方向未定,2026-09-30 10:55:22,ok,,ok,FINMIND_TOKEN,eyJ0...py2s,0,6000,6000,2026-09-30 10:55:30
1303,南亞,3,15.0,2026-09-30,3,8.11,8.11,8.11,4.92,0.5,231.09,231.09,231.09,229.68,ok,,,-3730.0,1828.0,-1,,,1013.0,309.0,1,4.91,4.91,35.74,19.0,2026-09-30,2026-09-29,2026-09-24,0.5,6007,6007,28349,12762,1.0,-7,-7,-20,-7,-1.0,2374,2374,30203,17802,0.0,6195,6195,1825,-5067,1.0,1133,1133,1793,1504,0.0,9702,9702,33821,14239,0.0,16625,395115,4.21,0.98,32.27,-0.2,bullish_concentrated,主力連3買、買賣家數差連3負，籌碼偏集中,2026-09-30 10:55:23,ok,,ok,FINMIND_TOKEN,eyJ0...py2s,0,6000,6000,2026-09-30 10:55:32
1319,東陽,3,15.0,2026-09-30,3,0.0,0.0,0.0,0.01,-0.5,81.74,81.74,81.74,81.78,ok,,,56.0,-7.0,1,,,-1.0,0.0,-1,-23.83,-23.83,-39.02,-0.63,2026-09-30,2026-09-29,2026-09-24,-0.5,-345,-345,-501,-4,-1.0,205,205,279,53,1.0,194,194,-199,258,0.0,-2,-2,3,-1,0.0,4,4,6,-12,0.0,196,196,-190,245,0.0,-1462,5561,-26.29,-23.14,-6.16,184.2,bearish_distributed,主力連3賣、買賣家數差連3正，籌碼流向散戶風險高,2026-09-30 10:55:23,ok,,ok,FINMIND_TOKEN,eyJ0...py2s,0,6000,6000,2026-09-30 10:55:30
1326,台化,3,15.0,2026-09-30,3,0.87,0.87,0.87,0.92,-0.5,67.73,67.73,67.73,67.74,ok,,,-6.0,447.0,-1,,,-11.0,18.0,-1,26.46,26.46,-0.73,3.22,2026-09-30,2026-09-29,2026-09-24,0.5,8722,8722,-187,604,0.5,-42,-42,2,-16,-0.5,8739,8739,204,-36,1.0,0,0,0,0,0.0,769,769,-530,477,0.0,9508,9508,-326,441,0.0,2561,113124,2.26,-1.8,41.81,50.4,neutral,籌碼震盪，方向未定,2026-09-30 10:55:23,ok,,ok,FINMIND_TOKEN,eyJ0...py2s,0,6000,6000,2026-09-30 10:55:31
1402,遠東新,3,15.0,2026-09-30,3,0.72,0.72,0.72,0.74,-0.5,27.84,27.84,27.84,27.84,ok,,,121.0,-133.0,1,,,-1.0,-1.0,0,31.7,31.7,-18.02,24.26,2026-09-30,2026-09-29,2026-09-24,0.5,2252,2252,-1080,1175,0.5,-212,-212,205,-124,-0.5,1156,1156,-1640,747,0.0,1084,1084,4,113,0.0,214,214,-45,-7,0.0,2454,2454,-1681,853,0.0,1662,28115,5.91,4.9,52.01,13.4,neutral,籌碼震盪，方向未定,2026-09-30 10:55:29,ok,,ok,FINMIND_TOKEN,eyJ0...py2s,0,6000,6000,2026-09-30 10:55:36
1503,士電,3,15.0,2026-09-30,3,0.4,0.4,0.4,0.33,0.5,209.13,209.13,209.13,209.24,ok,,,-6.0,10.0,-1,,,2.0,-3.0,1,25.26,25.26,-30.25,-17.25,2026-09-30,2026-09-29,2026-09-24,-0.5,197,197,-242,-108,-0.5,-35,-35,285,201,0.5,280,280,-285,-78,0.0,4,4,-1,-1,0.5,5,5,-22,-2,0.0,289,289,-308,-81,0.0,-296,3608,-8.2,-10.91,48.06,164.6,neutral,籌碼震盪，方向未定,2026-09-30 10:55:30,ok,,ok,FINMIND_TOKEN,eyJ0...py2s,0,6000,6000,2026-09-30 10:55:37
1504,東元,3,15.0,2026-09-30,3,0.23,0.23,0.23,0.23,0.5,71.66,71.66,71.66,71.68,ok,,,111.0,-121.0,1,,,1.0,-2.0,1,6.6,6.6,-2.4,-13.99,2026-09-30,2026-09-29,2026-09-24,0.0,322,322,-79,-580,-0.5,-8,-8,68,221,0.5,515,515,-121,197,0.0,-7,-7,-3,-740,0.0,-31,-31,11,-18,0.0,477,477,-113,-561,1.0,-1494,19724,-7.57,-8.11,36.39,118.4,neutral,籌碼震盪，方向未定,2026-09-30 10:55:30,ok,,ok,FINMIND_TOKEN,eyJ0...py2s,0,6000,6000,2026-09-30 10:55:38
1513,中興電,3,15.0,2026-09-30,3,0.24,0.24,0.24,0.21,0.5,167.47,167.47,167.47,167.47,ok,,,-31.0,-52.0,1,,,2.0,1.0,1,15.94,15.94,40.72,22.8,2026-09-30,2026-09-29,2026-09-24,1.0,464,464,728,290,1.0,-104,-104,-154,-49,-1.0,1123,1123,741,547,1.0,6,6,101,0,0.0,48,48,51,31,0.0,1177,1177,893,578,1.0,2100,9506,22.09,17.74,4.88,-45.0,bullish_concentrated,主力連3買、買賣家數差連3負，籌碼偏集中,2026-09-30 10:55:30,ok,,ok,FINMIND_TOKEN,eyJ0...py2s,0,6000,6000,2026-09-30 10:55:38
1514,亞力,3,15.0,2026-09-30,3,0.51,0.51,0.51,0.48,0.5,110.26,110.26,110.26,110.31,ok,,,-94.0,-221.0,1,,,1.0,-2.0,1,16.44,16.44,25.88,-39.12,2026-09-30,2026-09-29,2026-09-24,0.5,110,110,315,-728,0.5,-57,-57,-92,215,-0.5,197,197,683,-278,0.0,0,0,0,0,0.0,0,0,8,-13,0.0,197,197,691,-291,0.0,392,5831,6.72,10.49,2.8,-25.4,neutral,籌碼震盪，方向未定,2026-09-30 10:55:31,ok,,ok,FINMIND_TOKEN,eyJ0...py2s,0,6000,6000,2026-09-30 10:55:39
1519,華城,3,15.0,2026-09-30,3,1.56,1.56,1.56,1.45,0.5,751.99,751.99,751.99,753.53,ok,,,33.0,-43.0,1,,,4.0,8.0,-1,-1.08,-1.08,-33.6,-21.53,2026-09-30,2026-09-29,2026-09-24,-0.5,-13,-13,-417,-146,-1.0,82,82,386,377,1.0,-63,-63,-509,-137,0.0,0,0,34,-1,0.0,10,10,-6,-3,0.0,-53,-53,-481,-141,0.0,-684,4303,-15.9,-14.51,-0.9,261.4,bearish_distributed,主力連3賣、買賣家數差連3正，籌碼流向散戶風險高,2026-09-30 10:55:32,ok,,ok,FINMIND_TOKEN,eyJ0...py2s,0,6000,6000,2026-09-30 10:55:40
1532,勤美,3,15.0,2026-09-30,3,0.11,0.11,0.11,0.11,-0.5,22.79,22.79,22.79,22.79,ok,,,7.0,-3.0,1,,,0.0,-1.0,1,-1.29,-1.29,-6.96,-8.81,2026-09-30,2026-09-29,2026-09-24,0.0,-4,-4,-24,-29,-1.0,3,3,27,28,1.0,72,72,-85,-65,0.0,0,0,0,0,0.0,-1,-1,0,0,-0.5,71,71,-85,-65,0.0,-75,1576,-4.76,-5.7,4.91,17.0,bearish_distributed,主力連3賣、買賣家數差連3正，籌碼流向散戶風險高,2026-09-30 10:55:36,ok,,ok,FINMIND_TOKEN,eyJ0...py2s,0,6000,6000,2026-09-30 10:55:44
1560,中砂,3,15.0,2026-09-30,3,19.74,19.74,19.74,19.52,0.5,836.64,836.64,836.64,830.7,ok,,,13.0,-11.0,1,,,5.0,3.0,1,-0.15,-0.15,2.4,5.48,2026-09-30,2026-09-29,2026-09-24,0.0,-2,-2,26,119,0.5,25,25,94,22,1.0,173,173,47,671,0.0,-2,-2,2,-195,0.0,10,10,-14,-21,1.0,181,181,35,455,0.0,402,11919,3.37,2.28,-3.19,20.4,neutral,籌碼震盪，方向未定,2026-09-30 10:55:37,ok,,ok,FINMIND_TOKEN,eyJ0...py2s,0,6000,6000,2026-09-30 10:55:46
1590,亞德客-KY,3,15.0,2026-09-30,3,0.0,0.0,0.0,0.0,0.0,1321.32,1321.32,1321.32,1326.73,ok,,,-1.0,11.0,-1,,,0.0,0.0,0,-3.58,-3.58,0.9,-8.17,2026-09-30,2026-09-29,2026-09-24,0.0,-36,-36,7,-75,-0.5,244,244,73,307,1.0,-17,-17,49,-76,0.0,-28,-28,-19,2,-1.0,0,0,1,-8,0.0,-45,-45,31,-82,0.0,-181,4363,-4.15,-3.89,-3.78,181.0,neutral,籌碼震盪，方向未定,2026-09-30 10:55:38,ok,,ok,FINMIND_TOKEN,eyJ0...py2s,0,6000,6000,2026-09-30 10:55:45
1605,華新,3,15.0,2026-09-30,3,2.22,2.22,2.22,2.28,-0.5,37.32,37.32,37.32,37.35,ok,,,828.0,-121.0,1,,,-8.0,-1.0,-1,42.63,42.63,-35.12,-11.97,2026-09-30,2026-09-29,2026-09-24,0.0,17935,17935,-3341,-752,-0.5,-90,-90,264,159,0.5,19093,19093,-3894,-1312,0.0,3342,3342,4,0,1.0,901,901,-277,-79,0.0,23336,23336,-4167,-1391,0.0,10721,88960,12.05,-5.54,39.26,106.2,neutral,籌碼震盪，方向未定,2026-09-30 10:55:38,ok,,ok,FINMIND_TOKEN,eyJ0...py2s,0,6000,6000,2026-09-30 10:55:47
1711,永光,3,15.0,2026-09-30,3,0.79,0.79,0.76,0.63,0.5,42.57,42.57,42.61,42.66,ok,62.0,62.0,96,-139,0,4.0,4.0,22,-7,0,-3.66,-3.66,22.1,-9.64,2026-09-30,2026-09-29,2026-09-24,0.5,-172,-172,1117,-188,-0.5,-13,-13,-115,112,-0.5,-190,-190,1597,-20,0,0,0,0,0,0,45,45,62,-68,0,-145,-145,1659,-88,0,768,17060,4.5,-0.04,13.46,27.6,neutral,籌碼震盪，方向未定,2026-09-30 14:26:45,ok,,ok,FINMIND_TOKEN,eyJ0...py2s,1188,6000,4812,2026-09-30 14:26:56
1717,長興,3,15.0,2026-09-30,3,2.7,2.7,2.63,2.39,0.5,75.4,75.4,75.48,75.52,ok,187.0,187.0,-464,189,0,17.0,17.0,30,2,0,1.6,1.6,23.25,-12.6,2026-09-30,2026-09-29,2026-09-24,0.5,188,188,1622,-544,0.5,-16,-16,-109,96,-0.5,-16,-16,2449,-1037,0,650,650,2,0,1,113,113,1,-73,1,747,747,2452,-1110,0,492,32479,1.51,-1.71,20.91,29.8,neutral,籌碼震盪，方向未定,2026-09-30 14:26:45,ok,,ok,FINMIND_TOKEN,eyJ0...py2s,1188,6000,4812,2026-09-30 14:26:56
1727,中華化,3,15.0,2026-09-30,3,4.01,4.01,4.01,4.31,-0.5,112.85,112.85,112.85,110.08,ok,,,1690.0,443.0,1,,,39.0,-261.0,1,-27.01,-27.01,0.42,-9.96,2026-09-30,2026-09-29,2026-09-24,-0.5,-8072,-8072,126,-4773,-0.5,57,57,5,1,1.0,-8651,-8651,-254,581,-1.0,0,0,0,0,0.0,-121,-121,-49,314,-1.0,-8772,-8772,-303,895,-1.0,-6694,135843,-4.93,-1.65,-35.23,-8.6,neutral,籌碼震盪，方向未定,2026-09-30 10:55:39,ok,,ok,FINMIND_TOKEN,eyJ0...py2s,0,6000,6000,2026-09-30 10:55:48
1785,光洋科,3,15.0,2026-09-30,3,0.1,0.1,0.11,0.1,0,121.65,121.65,122.63,122.86,ok,692.0,692.0,-63,46,0,-2.0,-2.0,4,-9,0,-7.39,-7.39,14.86,-13.97,2026-09-30,2026-09-29,2026-09-24,0,-672,-672,723,-370,-0.5,-1,-1,-48,199,-0.5,-1202,-1202,946,-98,0,0,0,13,0,0,-3,-3,-129,-1,0,-1205,-1205,830,-99,0,-1370,24540,-5.58,-5.36,4.3,87.6,neutral,籌碼震盪，方向未定,2026-09-30 14:26:45,ok,,ok,FINMIND_TOKEN,eyJ0...py2s,1188,6000,4812,2026-09-30 14:26:56
1802,台玻,3,15.0,2026-09-30,3,2.74,2.74,2.74,2.76,-0.5,60.25,60.25,60.25,60.28,ok,,,38.0,61.0,-1,,,-6.0,47.0,-1,24.01,24.01,-22.49,6.99,2026-09-30,2026-09-29,2026-09-24,0.0,5694,5694,-1794,563,0.5,-29,-29,186,33,0.5,5643,5643,-2039,508,0.0,-101,-101,0,0,-0.5,310,310,-80,-110,1.0,5852,5852,-2119,398,0.0,-1808,82202,-2.2,-5.4,31.82,67.0,neutral,籌碼震盪，方向未定,2026-09-30 10:55:41,ok,,ok,FINMIND_TOKEN,eyJ0...py2s,0,6000,6000,2026-09-30 10:55:49
1815,富喬,3,15.0,2026-09-30,3,0.88,0.88,0.88,0.88,-0.5,119.07,119.07,119.07,119.16,ok,,,197.0,-1253.0,1,,,-2.0,-193.0,1,-16.92,-16.92,-11.33,-30.63,2026-09-30,2026-09-29,2026-09-24,-0.5,-2805,-2805,-1940,-8843,-1.0,17,17,53,70,1.0,-3171,-3171,-3002,-9055,0.0,-46,-46,-5,-265,0.0,-195,-195,76,-624,0.0,-3412,-3412,-2931,-9944,0.0,-22861,165697,-13.8,-15.29,-9.18,31.4,bearish_distributed,主力連3賣、買賣家數差連3正，籌碼流向散戶風險高,2026-09-30 10:55:44,ok,,ok,FINMIND_TOKEN,eyJ0...py2s,0,6000,6000,2026-09-30 10:55:52
2002,中鋼,3,15.0,2026-09-30,3,0.07,0.07,0.07,0.07,0.5,19.09,19.09,19.09,19.09,ok,,,-402.0,-117.0,-1,,,0.0,1.0,-1,49.5,49.5,12.84,-25.51,2026-09-30,2026-09-29,2026-09-24,0.0,44847,44847,4698,-5228,0.5,-169,-169,-69,199,-0.5,54064,54064,10050,-4157,1.0,-69,-69,9,-8,0.0,356,356,-180,75,0.0,54351,54351,9879,-4090,1.0,34190,202439,16.89,-2.31,81.38,53.0,neutral,籌碼震盪，方向未定,2026-09-30 10:55:45,ok,,ok,FINMIND_TOKEN,eyJ0...py2s,0,6000,6000,2026-09-30 10:55:53
2059,川湖,3,15.0,2026-09-30,3,0.44,0.44,0.44,0.29,0.5,12258.04,12258.04,12258.04,12260.17,ok,,,-1.0,0.0,-1,,,1.0,1.0,0,-8.0,-8.0,-11.14,-5.26,2026-09-30,2026-09-29,2026-09-24,0.0,-30,-30,-50,-22,-1.0,91,91,394,211,1.0,-23,-23,69,109,-1.0,6,6,-19,-42,1.0,25,25,11,24,0.0,8,8,61,91,-1.0,-116,2013,-5.76,-5.71,-10.38,201.8,bearish_distributed,主力連3賣、買賣家數差連3正，籌碼流向散戶風險高,2026-09-30 10:55:46,ok,,ok,FINMIND_TOKEN,eyJ0...py2s,0,6000,6000,2026-09-30 10:55:54
2207,和泰車,3,15.0,2026-09-30,3,0.0,0.0,0.0,0.0,0.0,516.42,516.42,516.42,517.37,ok,,,4.0,5.0,-1,,,0.0,0.0,0,-3.31,-3.31,-24.89,-42.8,2026-09-30,2026-09-29,2026-09-24,-0.5,-11,-11,-57,-116,-1.0,40,40,170,239,1.0,37,37,-94,-163,1.0,6,6,1,6,0.0,5,5,-1,3,0.0,48,48,-94,-154,1.0,-258,1170,-22.05,-19.39,12.36,117.6,bearish_distributed,主力連3賣、買賣家數差連3正，籌碼流向散戶風險高,2026-09-30 10:55:47,ok,,ok,FINMIND_TOKEN,eyJ0...py2s,0,6000,6000,2026-09-30 10:55:54
2233,宇隆,3,15.0,2026-09-30,3,0.72,0.72,0.72,0.63,0.5,212.2,212.2,212.2,213.58,ok,,,11.0,-37.0,1,,,3.0,0.0,1,-17.84,-17.84,4.63,-9.78,2026-09-30,2026-09-29,2026-09-24,-0.5,-124,-124,21,-31,-0.5,70,70,29,45,1.0,-6,-6,21,45,-1.0,0,0,0,0,0.0,-2,-2,-3,-1,0.0,-8,-8,18,44,-1.0,-244,2438,-10.01,-8.02,-19.4,47.2,neutral,籌碼震盪，方向未定,2026-09-30 10:55:48,ok,,ok,FINMIND_TOKEN,eyJ0...py2s,0,6000,6000,2026-09-30 10:55:56
2301,光寶科,3,15.0,2026-09-30,3,0.45,0.45,0.45,0.5,-0.5,288.73,288.73,288.73,289.02,ok,,,237.0,-22.0,1,,,-9.0,3.0,-1,-25.55,-25.55,-21.58,3.02,2026-09-30,2026-09-29,2026-09-24,-0.5,-3221,-3221,-2928,284,-0.5,137,137,152,10,1.0,-4040,-4040,-3230,265,-1.0,-13,-13,2,-134,0.0,62,62,-34,140,0.0,-3991,-3991,-3262,271,-1.0,-10479,66367,-15.79,-16.18,-12.06,86.4,neutral,籌碼震盪，方向未定,2026-09-30 10:55:49,ok,,ok,FINMIND_TOKEN,eyJ0...py2s,0,6000,6000,2026-09-30 10:55:58
2303,聯電,3,15.0,2026-09-30,3,3.29,3.29,3.29,3.38,-0.5,143.29,143.29,143.29,142.37,ok,,,9448.0,232.0,1,,,160.0,-1283.0,1,1.48,1.48,-0.92,-29.48,2026-09-30,2026-09-29,2026-09-24,-0.5,1516,1516,-1031,-46253,-0.5,2,2,7,10,1.0,-592,-592,-12783,-35153,1.0,3653,3653,9537,-9471,0.0,-1171,-1171,1097,443,0.0,1890,1890,-2149,-44181,1.0,-6080,782092,-0.78,-4.13,-13.58,5.2,neutral,籌碼震盪，方向未定,2026-09-30 10:55:52,ok,,ok,FINMIND_TOKEN,eyJ0...py2s,0,6000,6000,2026-09-30 10:56:01
2308,台達電,3,15.0,2026-09-30,3,0.99,0.99,0.99,1.16,-0.5,1803.38,1803.38,1803.38,1801.65,ok,,,-380.0,105.0,-1,,,-23.0,4.0,-1,15.91,15.91,-15.33,5.85,2026-09-30,2026-09-29,2026-09-24,0.0,1746,1746,-2115,518,0.5,-29,-29,58,-25,-0.5,265,265,-2790,-327,0.0,461,461,380,420,0.0,198,198,-4,141,0.0,924,924,-2414,234,0.0,2287,60235,3.8,4.71,7.54,-2.4,neutral,籌碼震盪，方向未定,2026-09-30 10:55:53,ok,,ok,FINMIND_TOKEN,eyJ0...py2s,0,6000,6000,2026-09-30 10:56:02
2313,華通,3,15.0,2026-09-30,3,1.99,1.99,1.99,1.71,0.5,231.28,231.28,231.28,231.33,ok,,,-567.0,97.0,-1,,,89.0,-449.0,1,1.84,1.84,16.72,-8.75,2026-09-30,2026-09-29,2026-09-24,0.5,239,239,1683,-613,0.5,-8,-8,-33,109,-0.5,430,430,1329,-1419,0.0,77,77,747,2,0.0,-152,-152,27,-128,0.0,355,355,2103,-1545,0.0,5020,55302,9.08,6.83,-9.86,11.0,neutral,籌碼震盪，方向未定,2026-09-30 10:55:54,ok,,ok,FINMIND_TOKEN,eyJ0...py2s,0,6000,6000,2026-09-30 10:56:02
2317,鴻海,3,15.0,2026-09-30,3,0.72,0.72,0.72,0.7,0.5,253.84,253.84,253.84,253.86,ok,,,-183.0,1661.0,-1,,,9.0,-60.0,1,12.42,12.42,9.32,-58.35,2026-09-30,2026-09-29,2026-09-24,-0.5,3348,3348,2856,-20036,0.5,-22,-22,-10,116,-0.5,4632,4632,3091,-23873,1.0,-236,-236,-28,-263,0.0,222,222,-78,-96,1.0,4618,4618,2985,-24232,1.0,6647,166337,4.0,3.36,-11.87,10.0,neutral,籌碼震盪，方向未定,2026-09-30 10:55:54,ok,,ok,FINMIND_TOKEN,eyJ0...py2s,0,6000,6000,2026-09-30 10:56:03
2324,仁寶,3,15.0,2026-09-30,3,1.59,1.59,1.59,1.62,-0.5,39.53,39.53,39.53,39.6,ok,,,748.0,144.0,1,,,-2.0,-94.0,1,9.65,9.65,-37.44,-29.01,2026-09-30,2026-09-29,2026-09-24,-0.5,4469,4469,-11089,-5229,-0.5,-7,-7,213,191,0.5,1967,1967,-13959,-6316,0.0,0,0,11,108,-1.0,722,722,218,154,1.0,2689,2689,-13730,-6054,0.0,-35981,155681,-23.11,-26.25,51.4,129.8,neutral,籌碼震盪，方向未定,2026-09-30 10:55:56,ok,,ok,FINMIND_TOKEN,eyJ0...py2s,0,6000,6000,2026-09-30 10:56:05
2327,國巨*,3,15.0,2026-09-30,3,0.68,0.68,0.68,0.94,-0.5,581.86,581.86,581.86,583.77,ok,,,2018.0,186.0,1,,,-110.0,33.0,-1,-13.77,-13.77,-40.29,5.89,2026-09-30,2026-09-29,2026-09-24,-0.5,-3190,-3190,-16584,2117,-0.5,10,10,47,-7,0.5,-104,-104,-15517,2132,0.0,-554,-554,-1519,-266,0.0,-23,-23,-378,472,0.0,-681,-681,-17414,2338,0.0,-10349,185577,-5.58,-6.63,-35.66,10.6,neutral,籌碼震盪，方向未定,2026-09-30 10:55:58,ok,,ok,FINMIND_TOKEN,eyJ0...py2s,0,6000,6000,2026-09-30 10:56:07
2330,台積電,3,15.0,2026-09-30,3,0.06,0.06,0.05,0.05,0,2383.74,2383.74,2380.25,2377.57,ok,562,562,427,874,0,3,3,-1,-2,1,3.41,3.41,-8.86,-27.83,2026-09-30,2026-09-29,2026-09-24,-0.5,1108,1108,-2271,-3986,-0.5,-3,-3,11,23,0.5,703,703,-3736,-4668,1,762,762,629,-1288,1,400,400,117,243,0,1865,1865,-2990,-5713,1,-1769,115352,-1.53,-3.3,19.49,4.8,neutral,籌碼震盪，方向未定,2026-10-01 08:16:37,ok,,ok,FINMIND_TOKEN,eyJ0...py2s,828,6000,5172,2026-10-01 08:16:45
2337,旺宏,3,15.0,2026-09-30,3,1.82,1.82,1.82,1.8,0.5,130.88,130.88,130.88,130.93,ok,,,-428.0,699.0,-1,,,4.0,-175.0,1,32.13,32.13,14.64,-41.79,2026-09-30,2026-09-29,2026-09-24,0.0,8652,8652,2215,-7772,0.5,-57,-57,-23,112,-0.5,10511,10511,2739,-9083,1.0,-35,-35,9,67,-1.0,291,291,215,-106,1.0,10767,10767,2963,-9122,1.0,3071,112413,2.73,0.01,48.4,10.2,neutral,籌碼震盪，方向未定,2026-09-30 10:56:01,ok,,ok,FINMIND_TOKEN,eyJ0...py2s,0,6000,6000,2026-09-30 10:56:09
2338,光罩,3,15.0,2026-09-30,3,4.57,4.57,4.57,5.15,-0.5,48.09,48.09,48.09,48.12,ok,,,-18.0,-20.0,1,,,-41.0,-208.0,1,3.66,3.66,3.27,-8.72,2026-09-30,2026-09-29,2026-09-24,0.0,101,101,132,-350,0.5,-21,-21,8,60,0.5,470,470,204,-451,1.0,0,0,0,0,0.0,-58,-58,31,-3,0.0,412,412,235,-454,1.0,42,26455,0.16,-1.25,3.64,28.6,neutral,籌碼震盪，方向未定,2026-09-30 10:56:02,ok,,ok,FINMIND_TOKEN,eyJ0...py2s,0,6000,6000,2026-09-30 10:56:10
2344,華邦電,3,15.0,2026-09-30,3,3.14,3.14,3.14,2.84,0.5,174.65,174.65,174.65,174.66,ok,,,-619.0,1681.0,-1,,,349.0,-237.0,1,39.3,39.3,9.97,-31.64,2026-09-30,2026-09-29,2026-09-24,0.0,33413,33413,4567,-16207,0.5,-9,-9,3,13,0.5,37711,37711,7391,-17824,1.0,-37,-37,-2002,-162,0.0,1349,1349,667,-8,1.0,39023,39023,6056,-17994,1.0,19640,350047,5.61,3.18,49.59,1.8,neutral,籌碼震盪，方向未定,2026-09-30 10:56:02,ok,,ok,FINMIND_TOKEN,eyJ0...py2s,0,6000,6000,2026-09-30 10:56:11
2345,智邦,3,15.0,2026-09-30,3,0.26,0.26,0.26,0.24,0.5,2001.87,2001.87,2001.87,2016.51,ok,,,145.0,-12.0,1,,,1.0,-1.0,1,-20.42,-20.42,-24.77,-12.03,2026-09-30,2026-09-29,2026-09-24,-0.5,-1454,-1454,-1030,-309,-1.0,242,242,349,283,1.0,1075,1075,-632,-5,0.0,-2059,-2059,-736,-485,-1.0,87,87,2,9,0.0,-897,-897,-1366,-481,0.0,-3858,21965,-17.56,-16.01,-15.97,220.0,bearish_distributed,主力連3賣、買賣家數差連3正，籌碼流向散戶風險高,2026-09-30 10:56:03,ok,,ok,FINMIND_TOKEN,eyJ0...py2s,0,6000,6000,2026-09-30 10:56:11
2347,聯強,3,15.0,2026-09-30,3,2.2,2.2,2.2,2.3,-0.5,90.3,90.3,90.3,89.9,ok,,,28.0,21.0,1,,,0.0,0.0,0,5.23,5.23,6.7,6.83,2026-09-30,2026-09-29,2026-09-24,0.0,170,170,313,162,1.0,-32,-32,-37,-73,-1.0,-77,-77,347,-27,0.0,129,129,15,161,0.0,55,55,106,55,0.0,107,107,468,189,0.0,3203,17300,18.51,12.13,5.17,-80.6,neutral,籌碼震盪，方向未定,2026-09-30 10:56:05,ok,,ok,FINMIND_TOKEN,eyJ0...py2s,0,6000,6000,2026-09-30 10:56:13
2353,宏碁,3,15.0,2026-09-30,3,3.03,3.03,3.03,3.09,-0.5,32.79,32.79,32.79,32.8,ok,,,237.0,-167.0,1,,,-17.0,18.0,-1,7.22,7.22,-25.04,19.59,2026-09-30,2026-09-29,2026-09-24,0.0,728,728,-1580,1737,0.5,-20,-20,208,-87,-0.5,1724,1724,-1722,870,0.0,92,92,16,94,0.0,218,218,23,377,0.0,2034,2034,-1683,1341,0.0,-6422,55559,-11.56,-6.91,52.54,57.8,neutral,籌碼震盪，方向未定,2026-09-30 10:56:07,ok,,ok,FINMIND_TOKEN,eyJ0...py2s,0,6000,6000,2026-09-30 10:56:15
2356,英業達,3,15.0,2026-09-30,3,0.3,0.3,0.3,0.31,-0.5,65.18,65.18,65.18,65.24,ok,,,78.0,136.0,-1,,,-2.0,-27.0,1,-11.65,-11.65,-34.87,-36.57,2026-09-30,2026-09-29,2026-09-24,-0.5,-1350,-1350,-3303,-3801,-1.0,137,137,281,233,1.0,-2032,-2032,-4059,-4408,1.0,-190,-190,-67,21,-1.0,188,188,102,-103,1.0,-2034,-2034,-4024,-4490,1.0,-13521,54327,-24.89,-23.16,0.64,189.2,bearish_distributed,主力連3賣、買賣家數差連3正，籌碼流向散戶風險高,2026-09-30 10:56:09,ok,,ok,FINMIND_TOKEN,eyJ0...py2s,0,6000,6000,2026-09-30 10:56:17
2357,華碩,3,15.0,2026-09-30,3,7.08,7.08,7.08,6.81,0.5,942.23,942.23,942.23,941.85,ok,,,-28.0,3.0,-1,,,2.0,0.0,1,-2.82,-2.82,21.29,1.16,2026-09-30,2026-09-29,2026-09-24,0.5,-56,-56,354,15,0.5,51,51,-217,120,0.5,45,45,404,-23,0.0,11,11,-96,26,0.0,47,47,81,42,0.0,103,103,389,45,0.0,466,7636,6.1,6.51,-5.8,14.2,neutral,籌碼震盪，方向未定,2026-09-30 10:56:10,ok,,ok,FINMIND_TOKEN,eyJ0...py2s,0,6000,6000,2026-09-30 10:56:18
2360,致茂,3,15.0,2026-09-30,3,0.91,0.91,0.91,1.31,-0.5,2267.8,2267.8,2267.8,2284.73,ok,,,130.0,-43.0,1,,,-5.0,0.0,-1,-14.66,-14.66,-14.19,2.12,2026-09-30,2026-09-29,2026-09-24,0.0,-345,-345,-341,42,-0.5,308,308,370,208,1.0,69,69,-26,681,0.0,-370,-370,-446,-237,0.0,42,42,-19,69,0.0,-259,-259,-491,513,0.0,-691,12298,-5.62,-7.36,-17.14,193.2,neutral,籌碼震盪，方向未定,2026-09-30 10:56:11,ok,,ok,FINMIND_TOKEN,eyJ0...py2s,0,6000,6000,2026-09-30 10:56:19
2367,燿華,3,15.0,2026-09-30,3,1.14,1.14,1.14,1.06,0.5,54.0,54.0,54.0,54.06,ok,,,54.0,-24.0,1,,,19.0,-9.0,1,29.96,29.96,10.06,14.39,2026-09-30,2026-09-29,2026-09-24,0.5,1381,1381,250,269,1.0,-132,-132,-39,13,-0.5,1579,1579,224,495,0.0,0,0,0,0,0.0,145,145,-5,-30,1.0,1724,1724,219,465,0.0,2558,15750,16.24,13.14,22.7,-26.6,bullish_distributed,主力連3買但買賣家數差偏正，可能偏分散,2026-09-30 10:56:12,ok,,ok,FINMIND_TOKEN,eyJ0...py2s,0,6000,6000,2026-09-30 10:56:19
2368,金像電,3,15.0,2026-09-30,3,0.91,0.91,0.91,0.87,0.5,1078.21,1078.21,1078.21,1074.94,ok,,,391.0,1142.0,-1,,,9.0,-108.0,1,-13.39,-13.39,-2.17,-18.12,2026-09-30,2026-09-29,2026-09-24,-0.5,-2589,-2589,-191,-2854,-1.0,34,34,18,88,1.0,-3601,-3601,-1430,-2644,0.0,960,960,804,660,1.0,-79,-79,193,204,-1.0,-2720,-2720,-433,-1780,0.0,-4468,66403,-6.73,-5.07,-3.19,24.2,bearish_distributed,主力連3賣、買賣家數差連3正，籌碼流向散戶風險高,2026-09-30 10:56:13,ok,,ok,FINMIND_TOKEN,eyJ0...py2s,0,6000,6000,2026-09-30 10:56:24
2376,技嘉,3,15.0,2026-09-30,3,4.37,4.37,4.37,5.77,-0.5,357.78,357.78,357.78,357.45,ok,,,291.0,20.0,1,,,-75.0,78.0,-1,-12.34,-12.34,-2.43,-2.04,2026-09-30,2026-09-29,2026-09-24,0.0,-525,-525,-168,-71,-1.0,123,123,-1,108,0.5,-337,-337,1778,239,0.0,-209,-209,2,-210,0.0,-35,-35,167,-58,0.0,-581,-581,1947,-29,0.0,-290,24084,-1.2,-0.76,-15.19,31.0,bearish,主力連3賣，籌碼偏弱,2026-09-30 10:56:15,ok,,ok,FINMIND_TOKEN,eyJ0...py2s,0,6000,6000,2026-09-30 10:56:25
2377,微星,3,15.0,2026-09-30,3,0.57,0.57,0.57,0.57,-0.5,150.68,150.68,150.68,150.68,ok,,,-62.0,-46.0,-1,,,-1.0,-2.0,1,-3.46,-3.46,2.6,9.41,2026-09-30,2026-09-29,2026-09-24,0.0,-115,-115,61,247,0.5,53,53,-10,-17,-0.5,-641,-641,65,482,-1.0,374,374,-3,-15,1.0,-37,-37,107,3,0.0,-304,-304,169,470,-1.0,83,19264,0.43,2.23,-15.34,17.2,neutral,籌碼震盪，方向未定,2026-09-30 10:56:17,ok,,ok,FINMIND_TOKEN,eyJ0...py2s,0,6000,6000,2026-09-30 10:56:26
2379,瑞昱,3,15.0,2026-09-30,3,1.24,1.24,1.24,1.11,0.5,721.27,721.27,721.27,720.66,ok,,,-17.0,8.0,-1,,,3.0,-5.0,1,1.93,1.93,12.52,-13.64,2026-09-30,2026-09-29,2026-09-24,0.0,40,40,382,-386,0.5,42,42,-145,197,0.5,258,258,703,-938,0.0,188,188,10,461,0.0,-76,-76,-16,142,-1.0,370,370,697,-335,0.0,902,16566,5.44,4.15,-13.24,-14.6,neutral,籌碼震盪，方向未定,2026-09-30 10:56:18,ok,,ok,FINMIND_TOKEN,eyJ0...py2s,0,6000,6000,2026-09-30 10:56:27
2382,廣達,3,15.0,2026-09-30,3,0.32,0.32,0.32,0.32,-0.5,330.42,330.42,330.42,330.36,ok,,,69.0,220.0,-1,,,0.0,-32.0,1,-26.22,-26.22,-6.34,-21.85,2026-09-30,2026-09-29,2026-09-24,-0.5,-3163,-3163,-623,-2083,-1.0,260,260,168,255,1.0,-3673,-3673,894,-3654,0.0,48,48,-27,762,0.0,216,216,155,149,1.0,-3409,-3409,1022,-2743,0.0,-9805,52176,-18.79,-16.76,-13.41,188.6,bearish_distributed,主力連3賣、買賣家數差連3正，籌碼流向散戶風險高,2026-09-30 10:56:19,ok,,ok,FINMIND_TOKEN,eyJ0...py2s,0,6000,6000,2026-09-30 10:56:29
2383,台光電,3,15.0,2026-09-30,3,0.28,0.28,0.28,0.08,0.5,5191.84,5191.84,5191.84,5205.82,ok,,,107.0,53.0,1,,,5.0,0.0,1,-1.29,-1.29,-16.16,-7.8,2026-09-30,2026-09-29,2026-09-24,-0.5,-20,-20,-347,-183,-1.0,99,99,280,102,1.0,-162,-162,-282,28,0.0,163,163,-188,-405,1.0,-4,-4,-9,77,0.0,-3,-3,-479,-300,0.0,-801,10461,-7.66,-7.78,14.31,130.2,bearish_distributed,主力連3賣、買賣家數差連3正，籌碼流向散戶風險高,2026-09-30 10:56:19,ok,,ok,FINMIND_TOKEN,eyJ0...py2s,0,6000,6000,2026-09-30 10:56:29
2395,研華,3,15.0,2026-09-30,3,4.7,4.7,4.7,3.64,0.5,679.06,679.06,679.06,676.14,ok,,,-26.0,26.0,-1,,,15.0,14.0,1,-4.7,-4.7,0.08,16.43,2026-09-30,2026-09-29,2026-09-24,0.5,-103,-103,3,454,0.5,106,106,-28,-86,-0.5,-270,-270,-546,548,0.0,147,147,528,-36,0.0,-55,-55,25,65,-1.0,-178,-178,7,577,-1.0,529,12269,4.31,3.94,-12.22,-6.6,neutral,籌碼震盪，方向未定,2026-09-30 10:56:24,ok,,ok,FINMIND_TOKEN,eyJ0...py2s,0,6000,6000,2026-09-30 10:56:32
2402,毅嘉,3,15.0,2026-09-30,3,0.55,0.55,0.55,0.5,0.5,61.9,61.9,61.9,61.97,ok,,,-19.0,-64.0,1,,,6.0,-7.0,1,14.41,14.41,18.81,25.12,2026-09-30,2026-09-29,2026-09-24,0.5,479,479,428,216,1.0,-79,-79,-111,-38,-1.0,472,472,431,191,1.0,0,0,0,0,0.0,95,95,138,-13,0.0,567,567,569,178,0.0,1072,8166,13.13,12.35,14.62,-11.4,bullish_concentrated,主力連3買、買賣家數差連3負，籌碼偏集中,2026-09-30 10:56:25,ok,,ok,FINMIND_TOKEN,eyJ0...py2s,0,6000,6000,2026-09-30 10:56:32
2404,漢唐,3,15.0,2026-09-30,3,0.72,0.72,0.72,1.3,-0.5,1161.57,1161.57,1161.57,1156.58,ok,,,-11.0,-76.0,1,,,-13.0,0.0,-1,19.26,19.26,-14.46,18.89,2026-09-30,2026-09-29,2026-09-24,0.5,680,680,-437,534,0.5,-173,-173,165,-99,-0.5,-95,-95,-849,-196,0.0,164,164,403,613,-1.0,61,61,-61,-14,0.0,130,130,-507,403,0.0,3009,16157,18.62,15.72,1.27,-87.8,neutral,籌碼震盪，方向未定,2026-09-30 10:56:26,ok,,ok,FINMIND_TOKEN,eyJ0...py2s,0,6000,6000,2026-09-30 10:56:34
2406,國碩,3,15.0,2026-09-30,3,1.93,1.93,1.97,2.4,-0.5,32.6,32.6,32.72,32.78,ok,409.0,409.0,-97,-83,0,2.0,2.0,-60,11,0,3.64,3.64,-3.76,0.37,2026-09-30,2026-09-29,2026-09-24,0,690,690,-186,39,0.5,-13,-13,11,20,0.5,735,735,-717,-284,0,-6,-6,0,0,-0.5,11,11,5,4,1,740,740,-712,-280,0,-6890,75292,-9.15,-5.7,25.93,21.0,neutral,籌碼震盪，方向未定,2026-09-30 14:26:45,ok,,ok,FINMIND_TOKEN,eyJ0...py2s,1188,6000,4812,2026-09-30 14:26:57
2408,南亞科,3,15.0,2026-09-30,3,3.43,3.43,3.43,3.25,0.5,493.14,493.14,493.14,492.96,ok,,,34.0,1616.0,-1,,,115.0,-547.0,1,22.18,22.18,3.43,-47.66,2026-09-30,2026-09-29,2026-09-24,0.0,8886,8886,856,-19182,0.5,-9,-9,-1,36,-0.5,11753,11753,2282,-19953,1.0,182,182,-898,-2388,1.0,607,607,206,-337,1.0,12542,12542,1590,-22678,1.0,-3373,231070,-1.46,-2.68,54.36,3.2,neutral,籌碼震盪，方向未定,2026-09-30 10:56:27,ok,,ok,FINMIND_TOKEN,eyJ0...py2s,0,6000,6000,2026-09-30 10:56:36
2409,友達,3,15.0,2026-09-30,3,5.23,5.23,5.23,4.52,0.5,32.74,32.74,32.74,32.48,ok,,,-27895.0,1894.0,-1,,,706.0,-1348.0,1,40.92,40.92,-3.19,-14.36,2026-09-30,2026-09-29,2026-09-24,0.5,176787,176787,-17219,-77908,-0.5,-9,-9,1,1,0.5,67780,67780,15537,-79999,1.0,150,150,0,-6,1.0,2991,2991,7505,2104,0.0,70921,70921,23042,-77901,1.0,161700,3625423,4.46,5.5,20.72,-1.0,neutral,籌碼震盪，方向未定,2026-09-30 10:56:29,ok,,ok,FINMIND_TOKEN,eyJ0...py2s,0,6000,6000,2026-09-30 10:56:40
2412,中華電,3,15.0,2026-09-30,3,1.61,1.61,1.61,1.6,0.5,138.79,138.79,138.79,138.77,ok,,,-8.0,0.0,-1,,,0.0,0.0,0,0.35,0.35,-5.88,13.45,2026-09-30,2026-09-29,2026-09-24,0.0,37,37,-621,849,0.5,111,111,311,-143,0.5,2852,2852,-153,2863,0.0,-15,-15,-67,79,0.0,64,64,46,-194,1.0,2901,2901,-174,2748,0.0,3571,41270,8.65,9.43,-19.22,-15.6,neutral,籌碼震盪，方向未定,2026-09-30 10:56:30,ok,,ok,FINMIND_TOKEN,eyJ0...py2s,0,6000,6000,2026-09-30 10:56:37
2449,京元電子,3,15.0,2026-09-30,3,1.18,1.18,1.18,2.08,-0.5,287.17,287.17,287.17,286.42,ok,,,138.0,-185.0,1,,,-213.0,-28.0,-1,-13.86,-13.86,-40.78,7.6,2026-09-30,2026-09-29,2026-09-24,-0.5,-3326,-3326,-12130,2052,-0.5,11,11,65,-7,0.5,-2575,-2575,-12634,1134,0.0,6,6,1,-178,1.0,-902,-902,-548,-219,-1.0,-3471,-3471,-13181,737,0.0,-447,190121,-0.24,-7.3,-38.56,14.2,neutral,籌碼震盪，方向未定,2026-09-30 10:56:32,ok,,ok,FINMIND_TOKEN,eyJ0...py2s,0,6000,6000,2026-09-30 10:56:41
2454,聯發科,3,15.0,2026-09-30,3,0.49,0.49,0.49,0.71,-0.5,4504.73,4504.73,4504.73,4464.54,ok,,,26.0,470.0,-1,,,-23.0,3.0,-1,-10.24,-10.24,-31.89,1.31,2026-09-30,2026-09-29,2026-09-24,-0.5,-842,-842,-4224,102,-0.5,13,13,36,-8,0.5,-986,-986,-4669,827,0.0,53,53,-59,-289,1.0,65,65,-85,133,0.0,-868,-868,-4813,671,0.0,-3963,47720,-8.3,-7.0,-20.09,8.6,neutral,籌碼震盪，方向未定,2026-09-30 10:56:34,ok,,ok,FINMIND_TOKEN,eyJ0...py2s,0,6000,6000,2026-09-30 10:56:44
2455,全新,3,15.0,2026-09-30,3,6.24,6.24,6.24,6.82,-0.5,515.61,515.61,515.61,515.56,ok,,,-159.0,-131.0,-1,,,-68.0,-272.0,1,20.89,20.89,2.85,21.02,2026-09-30,2026-09-29,2026-09-24,0.5,291,291,29,345,1.0,-65,-65,51,-143,-0.5,249,249,-109,201,0.0,0,0,35,-8,0.0,34,34,120,321,-1.0,283,283,46,514,0.0,-2370,26118,-9.07,9.01,38.97,-40.0,bullish_distributed,主力連3買但買賣家數差偏正，可能偏分散,2026-09-30 10:56:36,ok,,ok,FINMIND_TOKEN,eyJ0...py2s,0,6000,6000,2026-09-30 10:56:45
2467,志聖,3,15.0,2026-09-30,3,0.82,0.82,0.82,0.51,0.5,567.12,567.12,567.12,567.55,ok,,,-59.0,-5.0,-1,,,5.0,0.0,1,-26.3,-26.3,15.06,0.95,2026-09-30,2026-09-29,2026-09-24,0.0,-273,-273,134,6,0.5,137,137,-43,123,0.5,-357,-357,171,45,0.0,0,0,0,0,0.0,-28,-28,36,6,0.0,-385,-385,207,51,0.0,-280,4009,-6.98,-8.01,-16.09,121.4,neutral,籌碼震盪，方向未定,2026-09-30 10:56:38,ok,,ok,FINMIND_TOKEN,eyJ0...py2s,0,6000,6000,2026-09-30 10:56:46
2481,強茂,3,15.0,2026-09-30,3,5.11,5.11,5.11,5.56,-0.5,166.96,166.96,166.96,165.78,ok,,,1223.0,-457.0,1,,,-21.0,61.0,-1,-16.21,-16.21,-8.14,-0.94,2026-09-30,2026-09-29,2026-09-24,-0.5,-4614,-4614,-1681,-335,-1.0,36,36,13,6,1.0,-3563,-3563,-3193,-1625,-1.0,0,0,180,0,0.0,-645,-645,-407,-174,-1.0,-4208,-4208,-3420,-1799,-1.0,-3184,156625,-2.03,-2.62,-32.56,7.4,bearish_distributed,主力連3賣、買賣家數差連3正，籌碼流向散戶風險高,2026-09-30 10:56:40,ok,,ok,FINMIND_TOKEN,eyJ0...py2s,0,6000,6000,2026-09-30 10:56:49
2486,一詮,3,15.0,2026-09-30,3,0.96,0.96,0.96,0.99,-0.5,248.79,248.79,248.79,248.84,ok,,,-18.0,1.0,-1,,,-7.0,-2.0,-1,-1.34,-1.34,16.16,-6.18,2026-09-30,2026-09-29,2026-09-24,0.5,-50,-50,316,-98,-0.5,42,42,23,132,1.0,-227,-227,408,66,0.0,0,0,0,0,0.0,5,5,-4,-2,0.0,-222,-222,404,64,0.0,-254,12441,-2.04,-2.56,9.13,90.6,neutral,籌碼震盪，方向未定,2026-09-30 10:56:41,ok,,ok,FINMIND_TOKEN,eyJ0...py2s,0,6000,6000,2026-09-30 10:56:49
2492,華新科,3,15.0,2026-09-30,3,1.65,1.65,1.71,3.96,-0.5,307.82,307.82,308.5,309.43,ok,1137.0,1137.0,1660,-128,0,8.0,8.0,-386,31,0,-36.76,-36.76,-32.35,17.4,2026-09-30,2026-09-29,2026-09-24,-0.5,-6671,-6671,-10093,2714,-0.5,74,74,39,-33,0.5,-3930,-3930,-7560,3145,0,-1006,-1006,-61,1,-1,-230,-230,-480,252,0,-5166,-5166,-8101,3398,0,-16605,105940,-15.67,-13.53,-44.45,21.4,neutral,籌碼震盪，方向未定,2026-09-30 14:26:45,ok,,ok,FINMIND_TOKEN,eyJ0...py2s,1188,6000,4812,2026-09-30 14:26:57
2603,長榮,3,15.0,2026-09-30,3,3.87,3.87,3.87,4.23,-0.5,224.18,224.18,224.18,223.81,ok,,,98.0,145.0,-1,,,-35.0,5.0,-1,10.37,10.37,-26.46,5.26,2026-09-30,2026-09-29,2026-09-24,-0.5,491,491,-1654,260,0.5,-51,-51,238,-18,-0.5,313,313,-3222,-852,0.0,361,361,0,941,0.0,88,88,19,-25,1.0,762,762,-3203,64,0.0,-305,28054,-1.09,1.32,0.07,12.8,neutral,籌碼震盪，方向未定,2026-09-30 10:56:41,ok,,ok,FINMIND_TOKEN,eyJ0...py2s,0,6000,6000,2026-09-30 10:56:49
2609,陽明,3,15.0,2026-09-30,3,6.24,6.24,6.24,6.51,-0.5,59.03,59.03,59.03,59.05,ok,,,272.0,279.0,-1,,,-70.0,-33.0,-1,33.91,33.91,-22.78,-3.59,2026-09-30,2026-09-29,2026-09-24,0.0,5196,5196,-5377,-434,-0.5,-206,-206,196,58,0.5,6595,6595,-5903,129,0.0,44,44,11,50,0.0,175,175,-339,-178,0.0,6814,6814,-6231,1,0.0,-2666,95312,-2.8,-1.55,30.86,32.0,neutral,籌碼震盪，方向未定,2026-09-30 10:56:44,ok,,ok,FINMIND_TOKEN,eyJ0...py2s,0,6000,6000,2026-09-30 10:56:52
2615,萬海,3,15.0,2026-09-30,3,6.96,6.96,6.96,7.37,-0.5,115.08,115.08,115.08,115.28,ok,,,47.0,-174.0,1,,,-59.0,-39.0,-1,26.37,26.37,-32.8,14.91,2026-09-30,2026-09-29,2026-09-24,0.0,1385,1385,-3292,940,0.5,-185,-185,237,-57,-0.5,1594,1594,-2108,1241,0.0,0,0,-37,-66,1.0,212,212,-1210,82,0.0,1806,1806,-3355,1257,0.0,-1030,40236,-2.56,-0.31,18.05,34.4,neutral,籌碼震盪，方向未定,2026-09-30 10:56:46,ok,,ok,FINMIND_TOKEN,eyJ0...py2s,0,6000,6000,2026-09-30 10:56:53
2618,長榮航,3,15.0,2026-09-30,3,4.96,4.96,4.96,4.96,-0.5,41.71,41.71,41.71,41.71,ok,,,4.0,160.0,-1,,,0.0,-69.0,1,38.56,38.56,-10.71,-31.48,2026-09-30,2026-09-29,2026-09-24,0.0,10619,10619,-1536,-6414,-0.5,-416,-416,267,299,0.5,12173,12173,-3068,-11905,1.0,1099,1099,924,4165,0.0,592,592,420,96,1.0,13864,13864,-1724,-7644,1.0,18151,118529,15.31,10.51,-1.62,-97.0,neutral,籌碼震盪，方向未定,2026-09-30 10:56:49,ok,,ok,FINMIND_TOKEN,eyJ0...py2s,0,6000,6000,2026-09-30 10:56:58
2801,彰銀,3,15.0,2026-09-30,3,2.32,2.32,2.32,2.4,-0.5,27.16,27.16,27.16,27.15,ok,,,118.0,-332.0,1,,,-5.0,16.0,-1,0.62,0.62,-9.08,-5.13,2026-09-30,2026-09-29,2026-09-24,0.0,107,107,-2070,-635,-0.5,141,141,269,260,1.0,-1032,-1032,-1281,-362,0.0,1304,1304,-98,-128,1.0,4,4,-28,-62,1.0,276,276,-1407,-552,0.0,-4650,99664,-4.67,-6.07,0.93,211.2,neutral,籌碼震盪，方向未定,2026-09-30 10:56:49,ok,,ok,FINMIND_TOKEN,eyJ0...py2s,0,6000,6000,2026-09-30 10:56:57
2834,臺企銀,3,15.0,2026-09-30,3,0.14,0.14,0.14,0.16,-0.5,17.28,17.28,17.28,17.27,ok,,,-1983.0,-587.0,-1,,,-7.0,-466.0,1,-2.82,-2.82,-26.53,-20.63,2026-09-30,2026-09-29,2026-09-24,-0.5,-541,-541,-8805,-2874,-1.0,108,108,323,306,1.0,-962,-962,-8188,-5092,0.0,0,0,9,-7,0.0,-116,-116,-5,-64,0.0,-1078,-1078,-8184,-5163,0.0,-24430,119580,-20.43,-20.27,18.5,233.0,bearish_distributed,主力連3賣、買賣家數差連3正，籌碼流向散戶風險高,2026-09-30 10:56:52,ok,,ok,FINMIND_TOKEN,eyJ0...py2s,0,6000,6000,2026-09-30 10:57:00
2880,華南金,3,15.0,2026-09-30,3,8.93,8.93,8.93,11.48,-0.5,44.56,44.56,44.56,44.54,ok,,,32.0,10.0,1,,,-18.0,-3.0,-1,7.7,7.7,-13.92,1.69,2026-09-30,2026-09-29,2026-09-24,0.0,1041,1041,-1752,100,0.5,-111,-111,273,123,0.5,764,764,-2827,-423,0.0,84,84,-53,55,0.0,844,844,1386,619,0.0,1692,1692,-1494,251,0.0,-266,52084,-0.51,-1.91,5.44,114.8,neutral,籌碼震盪，方向未定,2026-09-30 10:56:53,ok,,ok,FINMIND_TOKEN,eyJ0...py2s,0,6000,6000,2026-09-30 10:57:03
2881,富邦金,3,15.0,2026-09-30,3,6.4,6.4,6.4,5.92,0.5,148.29,148.29,148.29,148.27,ok,,,-377.0,262.0,-1,,,4.0,-17.0,1,-4.1,-4.1,10.48,-30.52,2026-09-30,2026-09-29,2026-09-24,-0.5,-461,-461,1487,-2569,-0.5,76,76,-85,347,0.5,297,297,4214,-2939,0.0,-595,-595,-1687,-326,0.0,168,168,-562,130,0.0,-130,-130,1965,-3135,0.0,40,65641,0.06,-4.55,-11.23,90.6,neutral,籌碼震盪，方向未定,2026-09-30 10:56:54,ok,,ok,FINMIND_TOKEN,eyJ0...py2s,0,6000,6000,2026-09-30 10:57:02
2882,國泰金,3,15.0,2026-09-30,3,29.89,29.89,29.89,29.72,0.5,107.55,107.55,107.55,107.37,ok,,,24.0,44.0,-1,,,16.0,-1.0,1,-1.74,-1.74,12.94,-13.77,2026-09-30,2026-09-29,2026-09-24,0.0,-372,-372,2482,-1626,-0.5,74,74,-163,250,0.5,-409,-409,3743,-3351,0.0,-10,-10,-146,1604,0.0,33,33,110,-781,0.0,-386,-386,3707,-2528,0.0,-1526,84975,-1.8,-2.3,1.56,80.2,neutral,籌碼震盪，方向未定,2026-09-30 10:56:57,ok,,ok,FINMIND_TOKEN,eyJ0...py2s,0,6000,6000,2026-09-30 10:57:06
2883,凱基金,3,15.0,2026-09-30,3,3.57,3.57,3.57,3.39,0.5,37.23,37.23,37.23,37.19,ok,,,-439.0,380.0,-1,,,3.0,-5.0,1,-8.34,-8.34,4.61,-8.33,2026-09-30,2026-09-29,2026-09-24,0.0,-2818,-2818,1731,-1733,-0.5,147,147,22,155,1.0,-1943,-1943,1547,-2679,0.0,269,269,732,-41,0.0,615,615,1227,640,0.0,-1059,-1059,3506,-2080,0.0,-23466,173655,-13.51,-11.17,37.93,116.2,neutral,籌碼震盪，方向未定,2026-09-30 10:56:57,ok,,ok,FINMIND_TOKEN,eyJ0...py2s,0,6000,6000,2026-09-30 10:57:05
2884,玉山金,3,15.0,2026-09-30,3,3.71,3.71,3.71,4.27,-0.5,44.0,44.0,44.0,43.97,ok,,,150.0,-155.0,1,,,-31.0,-5.0,-1,-6.22,-6.22,-7.89,3.22,2026-09-30,2026-09-29,2026-09-24,0.0,-1913,-1913,-2525,587,-0.5,121,121,165,111,1.0,-6295,-6295,-2727,-2037,-1.0,4082,4082,221,3052,0.0,496,496,851,339,0.0,-1717,-1717,-1655,1354,-1.0,-4020,123390,-3.26,-0.32,-19.48,117.8,neutral,籌碼震盪，方向未定,2026-09-30 10:56:58,ok,,ok,FINMIND_TOKEN,eyJ0...py2s,0,6000,6000,2026-09-30 10:57:06
2885,元大金,3,15.0,2026-09-30,3,0.24,0.24,0.24,0.24,0.5,67.8,67.8,67.8,67.78,ok,,,-1.0,9.0,-1,,,0.0,0.0,0,-8.7,-8.7,-8.4,-12.02,2026-09-30,2026-09-29,2026-09-24,0.0,-1361,-1361,-1710,-1521,-1.0,183,183,164,163,1.0,-669,-669,-2951,-1503,0.0,-126,-126,1331,-1998,0.0,337,337,680,335,0.0,-458,-458,-940,-3166,1.0,-3463,89775,-3.86,-4.79,-25.21,110.8,bearish_distributed,主力連3賣、買賣家數差連3正，籌碼流向散戶風險高,2026-09-30 10:57:00,ok,,ok,FINMIND_TOKEN,eyJ0...py2s,0,6000,6000,2026-09-30 10:57:07
2886,兆豐金,3,15.0,2026-09-30,3,0.74,0.74,0.74,0.68,0.5,50.47,50.47,50.47,50.51,ok,,,-228.0,19.0,-1,,,0.0,1.0,-1,-9.3,-9.3,-8.14,-22.73,2026-09-30,2026-09-29,2026-09-24,-0.5,-1492,-1492,-1696,-1894,-1.0,261,261,331,385,1.0,-2200,-2200,-3665,-1019,0.0,492,492,487,359,1.0,650,650,1565,641,0.0,-1058,-1058,-1613,-19,0.0,-9194,87441,-10.51,-12.74,-2.51,316.2,bearish_distributed,主力連3賣、買賣家數差連3正，籌碼流向散戶風險高,2026-09-30 10:57:02,ok,,ok,FINMIND_TOKEN,eyJ0...py2s,0,6000,6000,2026-09-30 10:57:10
2887,台新新光金,3,15.0,2026-09-30,3,0.58,0.58,0.58,0.76,-0.5,35.34,35.34,35.34,35.25,ok,,,176.0,-8.0,1,,,-78.0,-74.0,-1,7.67,7.67,-20.18,-13.07,2026-09-30,2026-09-29,2026-09-24,-0.5,2641,2641,-9471,-2897,-0.5,-4,-4,168,184,0.5,1851,1851,-11665,-3764,0.0,2204,2204,662,-168,1.0,720,720,967,1009,-1.0,4775,4775,-10036,-2923,0.0,-25051,189719,-13.2,-11.47,42.08,112.2,neutral,籌碼震盪，方向未定,2026-09-30 10:57:03,ok,,ok,FINMIND_TOKEN,eyJ0...py2s,0,6000,6000,2026-09-30 10:57:11
2890,永豐金,3,15.0,2026-09-30,3,3.2,3.2,3.2,4.86,-0.5,42.99,42.99,42.99,42.68,ok,,,671.0,-39.0,1,,,-13.0,21.0,-1,4.3,4.3,-11.89,7.96,2026-09-30,2026-09-29,2026-09-24,0.0,769,769,-4122,831,0.5,-6,-6,277,11,0.5,-118,-118,-3317,-1289,0.0,1601,1601,-197,2057,0.0,673,673,859,254,0.0,2156,2156,-2655,1022,0.0,-4087,96883,-4.22,-3.45,14.57,131.2,neutral,籌碼震盪，方向未定,2026-09-30 10:57:05,ok,,ok,FINMIND_TOKEN,eyJ0...py2s,0,6000,6000,2026-09-30 10:57:15
2891,中信金,3,15.0,2026-09-30,3,3.2,3.2,3.2,2.36,0.5,67.68,67.68,67.68,67.67,ok,,,-7.0,31.0,-1,,,22.0,-20.0,1,-12.84,-12.84,4.91,-7.86,2026-09-30,2026-09-29,2026-09-24,0.0,-3389,-3389,1351,-1386,-0.5,309,309,-18,274,0.5,-5215,-5215,1393,-4929,0.0,1067,1067,189,1768,0.0,344,344,981,910,0.0,-3804,-3804,2563,-2251,0.0,-9599,108981,-8.81,-10.27,8.89,224.8,neutral,籌碼震盪，方向未定,2026-09-30 10:57:06,ok,,ok,FINMIND_TOKEN,eyJ0...py2s,0,6000,6000,2026-09-30 10:57:13
2892,第一金,3,15.0,2026-09-30,3,0.78,0.78,0.78,0.84,-0.5,38.22,38.22,38.22,38.22,ok,,,-48.0,-68.0,1,,,-11.0,-3.0,-1,-1.18,-1.18,-8.87,8.34,2026-09-30,2026-09-29,2026-09-24,0.0,-341,-341,-2390,947,-0.5,114,114,290,87,1.0,1061,1061,-3537,1571,0.0,4389,4389,382,643,0.0,106,106,70,148,0.0,5556,5556,-3085,2362,0.0,3198,104784,3.05,5.3,-21.29,58.2,neutral,籌碼震盪，方向未定,2026-09-30 10:57:06,ok,,ok,FINMIND_TOKEN,eyJ0...py2s,0,6000,6000,2026-09-30 10:57:14
2912,統一超,3,15.0,2026-09-30,3,0.0,0.0,0.0,0.0,0.0,216.06,216.06,216.06,216.09,ok,,,3.0,479.0,-1,,,0.0,0.0,0,-19.55,-19.55,-31.75,-34.65,2026-09-30,2026-09-29,2026-09-24,-1.0,-325,-325,-474,-761,-1.0,330,330,413,474,1.0,187,187,-445,-640,1.0,1,1,-15,84,0.0,10,10,31,25,0.0,198,198,-429,-531,1.0,-3152,8592,-36.69,-33.91,23.39,390.8,bearish_distributed,主力連3賣、買賣家數差連3正，籌碼流向散戶風險高,2026-09-30 10:57:08,ok,,ok,FINMIND_TOKEN,eyJ0...py2s,0,6000,6000,2026-09-30 10:57:15
3008,大立光,3,15.0,2026-09-30,3,1.22,1.22,1.22,1.3,-0.5,6263.14,6263.14,6263.14,6270.13,ok,,,-133.0,131.0,-1,,,-5.0,2.0,-1,-19.68,-19.68,-24.27,-7.18,2026-09-30,2026-09-29,2026-09-24,-0.5,-328,-328,-433,-86,-1.0,258,258,232,201,1.0,-80,-80,-278,-192,0.0,-188,-188,1,-106,0.0,19,19,-51,18,0.0,-249,-249,-328,-280,0.0,-1295,8793,-14.73,-15.47,-10.3,174.2,bearish_distributed,主力連3賣、買賣家數差連3正，籌碼流向散戶風險高,2026-09-30 10:57:10,ok,,ok,FINMIND_TOKEN,eyJ0...py2s,0,6000,6000,2026-09-30 10:57:19
3017,奇鋐,3,15.0,2026-09-30,3,1.1,1.1,1.1,1.69,-0.5,3203.78,3203.78,3203.78,3188.95,ok,,,161.0,2.0,1,,,-21.0,8.0,-1,7.13,7.13,-18.85,8.58,2026-09-30,2026-09-29,2026-09-24,-0.5,259,259,-700,194,0.5,-71,-71,163,-45,-0.5,84,84,-453,166,0.0,184,184,-513,11,0.0,-7,-7,47,43,0.0,261,261,-919,220,0.0,-124,14542,-0.85,0.06,13.17,-0.2,neutral,籌碼震盪，方向未定,2026-09-30 10:57:11,ok,,ok,FINMIND_TOKEN,eyJ0...py2s,0,6000,6000,2026-09-30 10:57:20
3034,聯詠,3,15.0,2026-09-30,3,3.77,3.77,3.77,3.72,0.5,533.9,533.9,533.9,533.84,ok,,,-29.0,95.0,-1,,,0.0,0.0,0,10.49,10.49,3.97,-15.34,2026-09-30,2026-09-29,2026-09-24,-0.5,471,471,111,-548,0.5,-125,-125,-45,229,-0.5,1303,1303,1000,-105,1.0,-132,-132,-186,40,0.0,86,86,78,43,1.0,1257,1257,892,-22,1.0,669,17563,3.81,0.86,-18.08,22.8,neutral,籌碼震盪，方向未定,2026-09-30 10:57:14,ok,,ok,FINMIND_TOKEN,eyJ0...py2s,0,6000,6000,2026-09-30 10:57:21
3035,智原,3,15.0,2026-09-30,3,4.13,4.13,4.13,4.16,-0.5,191.54,191.54,191.54,190.65,ok,,,-312.0,-282.0,-1,,,-16.0,12.0,-1,2.95,2.95,15.45,15.8,2026-09-30,2026-09-29,2026-09-24,0.5,172,172,1116,767,1.0,-2,-2,-67,-73,-1.0,60,60,1570,1184,0.0,-10,-10,-18,20,0.0,-133,-133,134,47,0.0,-83,-83,1686,1251,0.0,5149,40565,12.69,10.37,-18.71,-37.0,bullish_concentrated,主力連3買、買賣家數差連3負，籌碼偏集中,2026-09-30 10:57:14,ok,,ok,FINMIND_TOKEN,eyJ0...py2s,0,6000,6000,2026-09-30 10:57:22
3036,文曄,3,15.0,2026-09-30,3,0.58,0.58,0.58,0.56,0.5,207.4,207.4,207.4,207.4,ok,,,-221.0,77.0,-1,,,1.0,-6.0,1,-8.44,-8.44,6.95,6.16,2026-09-30,2026-09-29,2026-09-24,0.0,-610,-610,317,302,0.5,101,101,-19,31,0.5,-3077,-3077,849,102,0.0,-15,-15,-15,-2,-0.5,-186,-186,30,68,-1.0,-3278,-3278,864,168,0.0,486,28325,1.72,2.37,-1.26,30.8,neutral,籌碼震盪，方向未定,2026-09-30 10:57:15,ok,,ok,FINMIND_TOKEN,eyJ0...py2s,0,6000,6000,2026-09-30 10:57:22
3037,欣興,3,15.0,2026-09-30,3,2.17,2.17,2.17,2.36,-0.5,981.19,981.19,981.19,978.3,ok,,,217.0,163.0,1,,,-56.0,13.0,-1,7.34,7.34,-1.57,10.3,2026-09-30,2026-09-29,2026-09-24,0.0,786,786,-170,1712,0.5,-54,-54,16,-28,-0.5,596,596,-766,1807,0.0,312,312,484,122,0.0,-189,-189,104,-115,0.0,719,719,-178,1814,0.0,11896,72026,16.52,17.19,-46.84,-138.2,neutral,籌碼震盪，方向未定,2026-09-30 10:57:15,ok,,ok,FINMIND_TOKEN,eyJ0...py2s,0,6000,6000,2026-09-30 10:57:23
3044,健鼎,3,15.0,2026-09-30,3,0.55,0.55,0.55,0.67,-0.5,481.82,481.82,481.82,480.55,ok,,,67.0,-115.0,1,,,-6.0,-2.0,-1,7.66,7.66,-13.63,-12.06,2026-09-30,2026-09-29,2026-09-24,0.0,182,182,-314,-172,-0.5,-42,-42,223,117,0.5,323,323,-371,-72,0.0,-193,-193,-118,-4,-1.0,33,33,24,-15,1.0,163,163,-465,-91,0.0,1237,13262,9.33,3.89,-23.47,19.6,neutral,籌碼震盪，方向未定,2026-09-30 10:57:19,ok,,ok,FINMIND_TOKEN,eyJ0...py2s,0,6000,6000,2026-09-30 10:57:27
3045,台灣大,3,15.0,2026-09-30,3,36.69,36.69,36.69,44.4,-0.5,122.51,122.51,122.51,122.84,ok,,,107.0,-338.0,1,,,0.0,-30.0,1,-10.26,-10.26,-9.01,-1.53,2026-09-30,2026-09-29,2026-09-24,0.0,-984,-984,-523,-75,-1.0,224,224,183,50,1.0,1445,1445,-211,1434,0.0,-323,-323,0,-233,0.0,404,404,129,-235,1.0,1526,1526,-82,966,0.0,-1522,41996,-3.62,-4.93,-5.63,122.4,bearish_distributed,主力連3賣、買賣家數差連3正，籌碼流向散戶風險高,2026-09-30 10:57:20,ok,,ok,FINMIND_TOKEN,eyJ0...py2s,0,6000,6000,2026-09-30 10:57:28
3081,聯亞,3,15.0,2026-09-30,3,1.76,1.76,1.76,1.79,-0.5,2786.94,2786.94,2786.94,2789.46,ok,,,9.0,-16.0,1,,,-2.0,-5.0,1,-1.41,-1.41,-8.03,-3.78,2026-09-30,2026-09-29,2026-09-24,0.0,-20,-20,-100,-73,-1.0,61,61,185,123,1.0,-89,-89,-48,198,-1.0,38,38,2,-140,1.0,-23,-23,-10,31,-1.0,-74,-74,-56,89,-1.0,-773,11612,-6.66,-7.47,11.08,115.4,bearish_distributed,主力連3賣、買賣家數差連3正，籌碼流向散戶風險高,2026-09-30 10:57:21,ok,,ok,FINMIND_TOKEN,eyJ0...py2s,0,6000,6000,2026-09-30 10:57:30
3105,穩懋,3,15.0,2026-09-30,3,2.25,2.25,2.25,2.64,-0.5,446.5,446.5,446.5,445.77,ok,,,272.0,-742.0,1,,,-169.0,40.0,-1,40.11,40.11,-8.69,10.87,2026-09-30,2026-09-29,2026-09-24,0.5,17325,17325,-1333,2358,0.5,-53,-53,34,-3,-0.5,12766,12766,-1507,3001,0.0,142,142,437,434,0.0,1016,1016,-3,40,0.0,13924,13924,-1073,3475,0.0,21302,141621,15.04,9.42,23.48,-5.0,neutral,籌碼震盪，方向未定,2026-09-30 10:57:23,ok,,ok,FINMIND_TOKEN,eyJ0...py2s,0,6000,6000,2026-09-30 10:57:33
3131,弘塑,3,15.0,2026-09-30,3,0.0,0.0,0.0,0.25,-0.5,2477.38,2477.38,2477.38,2477.55,ok,,,-2.0,-9.0,1,,,-1.0,0.0,-1,2.34,2.34,8.63,0.52,2026-09-30,2026-09-29,2026-09-24,0.0,18,18,48,1,1.0,101,101,-54,119,0.5,64,64,130,77,0.0,-13,-13,0,-13,0.0,2,2,8,2,0.0,53,53,138,66,0.0,-35,2070,-1.69,-6.49,21.6,151.4,bullish_distributed,主力連3買但買賣家數差偏正，可能偏分散,2026-09-30 10:57:22,ok,,ok,FINMIND_TOKEN,eyJ0...py2s,0,6000,6000,2026-09-30 10:57:30
3138,耀登,3,15.0,2026-09-30,3,0.51,0.51,0.51,0.5,0.5,128.99,128.99,128.99,129.24,ok,,,-27.0,40.0,-1,,,0.0,-7.0,1,6.1,6.1,-5.24,-21.01,2026-09-30,2026-09-29,2026-09-24,-0.5,36,36,-23,-238,-0.5,-8,-8,49,94,0.5,-12,-12,-5,-360,0.0,0,0,0,0,0.0,2,2,-1,-5,1.0,-10,-10,-6,-365,0.0,-432,3508,-12.31,-9.82,16.08,73.8,neutral,籌碼震盪，方向未定,2026-09-30 10:57:23,ok,,ok,FINMIND_TOKEN,eyJ0...py2s,0,6000,6000,2026-09-30 10:57:31
3149,正達,3,15.0,2026-09-30,3,1.07,1.07,0.61,0.48,0.5,71.05,71.05,70.64,70.77,ok,2437.0,2437.0,361,-180,1,136.0,136.0,32,-25,1,12.7,12.7,11.48,1.43,2026-09-30,2026-09-29,2026-09-24,0,2388,2388,1076,37,1,-37,-37,-43,13,-0.5,-4098,-4098,1153,248,0,0,0,0,0,0,158,158,0,0,0.5,-3940,-3940,1153,248,0,2668,41605,6.41,3.15,14.18,3.6,bullish_distributed,主力連3買但買賣家數差偏正，可能偏分散,2026-09-30 14:26:45,ok,,ok,FINMIND_TOKEN,eyJ0...py2s,1188,6000,4812,2026-09-30 14:26:56
3163,波若威,3,15.0,2026-09-30,3,0.81,0.81,0.81,0.81,0.5,713.34,713.34,713.34,714.69,ok,,,-9.0,0.0,-1,,,0.0,-12.0,1,-7.19,-7.19,-3.65,-15.26,2026-09-30,2026-09-29,2026-09-24,-0.5,-77,-77,-38,-127,-1.0,211,211,231,255,1.0,-113,-113,-67,-75,0.0,-8,-8,-3,0,-1.0,4,4,-1,1,0.0,-117,-117,-71,-74,0.0,-348,5816,-5.98,-7.25,6.97,206.4,bearish_distributed,主力連3賣、買賣家數差連3正，籌碼流向散戶風險高,2026-09-30 10:57:27,ok,,ok,FINMIND_TOKEN,eyJ0...py2s,0,6000,6000,2026-09-30 10:57:35
3167,大量,3,15.0,2026-09-30,3,1.19,1.19,1.19,1.98,-0.5,839.53,839.53,839.53,834.85,ok,,,81.0,160.0,-1,,,-67.0,49.0,-1,-16.67,-16.67,-9.32,10.41,2026-09-30,2026-09-29,2026-09-24,-0.5,-690,-690,-457,872,-0.5,96,96,87,-34,0.5,-735,-735,-583,944,-1.0,0,0,0,0,0.0,-7,-7,-9,-24,1.0,-742,-742,-592,920,-1.0,-145,29345,-0.49,-2.94,-21.44,20.8,neutral,籌碼震盪，方向未定,2026-09-30 10:57:28,ok,,ok,FINMIND_TOKEN,eyJ0...py2s,0,6000,6000,2026-09-30 10:57:36
3178,公準,3,15.0,2026-09-30,3,0.35,0.35,0.35,0.35,0.0,70.23,70.23,70.23,70.24,ok,,,0.0,52.0,-1,,,0.0,-1.0,1,1.67,1.67,4.9,-8.22,2026-09-30,2026-09-29,2026-09-24,0.0,4,4,7,-53,0.5,2,2,3,46,1.0,25,25,5,-78,1.0,0,0,0,0,0.0,-2,-2,0,1,-1.0,23,23,5,-77,1.0,-332,4512,-7.36,-1.66,17.4,22.4,neutral,籌碼震盪，方向未定,2026-09-30 10:57:31,ok,,ok,FINMIND_TOKEN,eyJ0...py2s,0,6000,6000,2026-09-30 10:57:38
3189,景碩,3,15.0,2026-09-30,3,5.46,5.46,5.46,4.14,0.5,851.11,851.11,851.11,846.3,ok,,,-199.0,157.0,-1,,,272.0,178.0,1,-3.49,-3.49,-7.63,15.01,2026-09-30,2026-09-29,2026-09-24,0.5,-744,-744,-1156,6408,-0.5,7,7,34,-11,0.5,-432,-432,1104,6834,-1.0,610,610,287,984,0.0,51,51,-49,518,0.0,229,229,1342,8336,-1.0,16833,136996,12.29,9.03,-47.95,-7.2,neutral,籌碼震盪，方向未定,2026-09-30 10:57:31,ok,,ok,FINMIND_TOKEN,eyJ0...py2s,0,6000,6000,2026-09-30 10:57:40
3211,順達,3,15.0,2026-09-30,3,7.95,7.95,7.95,7.42,0.5,379.48,379.48,379.48,379.27,ok,,,-330.0,-73.0,-1,,,17.0,5.0,1,19.9,19.9,1.68,-20.02,2026-09-30,2026-09-29,2026-09-24,0.0,1637,1637,67,-247,0.5,-63,-63,-12,230,-0.5,472,472,-140,-182,1.0,-2,-2,2,0,0.0,162,162,138,-15,1.0,632,632,0,-197,1.0,1226,21523,5.7,-3.07,23.92,71.0,neutral,籌碼震盪，方向未定,2026-09-30 10:57:31,ok,,ok,FINMIND_TOKEN,eyJ0...py2s,0,6000,6000,2026-09-30 10:57:39
3227,原相,3,15.0,2026-09-30,3,0.14,0.14,0.14,0.14,0,205.11,205.11,205.48,205.56,ok,29.0,29.0,-45,4,0,0.0,0.0,0,0,0,-42.27,-42.27,12.77,-30.98,2026-09-30,2026-09-29,2026-09-24,-0.5,-306,-306,77,-114,-0.5,220,220,-7,162,0.5,-347,-347,117,-81,0,-81,-81,20,-71,0,-4,-4,24,-7,0,-432,-432,161,-159,0,-427,3097,-13.79,-13.17,-29.13,100.6,neutral,籌碼震盪，方向未定,2026-09-30 14:26:56,ok,,ok,FINMIND_TOKEN,eyJ0...py2s,1188,6000,4812,2026-09-30 14:27:06
3231,緯創,3,15.0,2026-09-30,3,0.71,0.71,0.71,0.69,0.5,184.4,184.4,184.4,184.37,ok,,,200.0,-283.0,1,,,16.0,-39.0,1,-10.11,-10.11,21.8,21.33,2026-09-30,2026-09-29,2026-09-24,0.5,-2061,-2061,7006,5901,0.5,42,42,-98,-45,-0.5,-1847,-1847,8080,7873,0.0,146,146,31,-954,1.0,94,94,439,662,-1.0,-1607,-1607,8550,7581,0.0,-28084,173137,-16.22,-7.62,37.93,13.0,neutral,籌碼震盪，方向未定,2026-09-30 10:57:33,ok,,ok,FINMIND_TOKEN,eyJ0...py2s,0,6000,6000,2026-09-30 10:57:42
3234,光環,3,15.0,2026-09-30,3,,,,,0.0,,,,,empty,,,0.0,0.0,0,,,0.0,0.0,0,-16.17,-16.17,-18.17,-14.12,2026-09-30,2026-09-29,2026-09-24,-0.5,-300,-300,-322,-630,-1.0,112,112,96,15,1.0,-164,-164,-339,-298,0.0,0,0,0,0,0.0,0,0,0,-2,0.5,-164,-164,-339,-300,0.0,-1123,11987,-9.37,-12.97,-2.57,83.8,bearish_distributed,主力連3賣、買賣家數差連3正，籌碼流向散戶風險高,2026-09-30 10:57:35,ok,,ok,FINMIND_TOKEN,eyJ0...py2s,0,6000,6000,2026-09-30 10:57:54
3260,威剛,3,15.0,2026-09-30,3,0.28,0.28,0.33,0.37,-0.5,385.8,385.8,385.92,386.0,ok,132.0,132.0,8,163,0,-9.0,-9.0,-7,-5,-1,-18.96,-18.96,-25.35,-42.3,2026-09-30,2026-09-29,2026-09-24,-1,-662,-662,-723,-1882,-1,169,169,260,266,1,-749,-749,-821,-2090,1,17,17,15,-64,1,19,19,46,-53,0,-713,-713,-760,-2207,1,-4486,19053,-23.54,-24.56,1.15,199.6,bearish_distributed,主力連3賣、買賣家數差連3正，籌碼流向散戶風險高,2026-09-30 14:26:56,ok,,ok,FINMIND_TOKEN,eyJ0...py2s,1188,6000,4812,2026-09-30 14:27:07
3264,欣銓,3,15.0,2026-09-30,3,0.99,0.99,0.99,1.39,-0.5,254.21,254.21,254.21,255.3,ok,,,336.0,690.0,-1,,,-40.0,-36.0,-1,-40.52,-40.52,-28.03,-23.89,2026-09-30,2026-09-29,2026-09-24,-1.0,-6332,-6332,-2982,-4380,-1.0,72,72,183,141,1.0,-6731,-6731,-2583,2730,-1.0,-53,-53,-706,-7612,1.0,-8,-8,-132,414,0.0,-6792,-6792,-3421,-4468,0.0,-22890,96302,-23.77,-24.9,-37.22,95.4,bearish_distributed,主力連3賣、買賣家數差連3正，籌碼流向散戶風險高,2026-09-30 10:57:37,ok,,ok,FINMIND_TOKEN,eyJ0...py2s,0,6000,6000,2026-09-30 10:57:45
3265,台星科,3,15.0,2026-09-30,3,1.76,1.76,1.76,1.74,0.5,178.73,178.73,178.73,178.71,ok,,,16.0,-60.0,1,,,1.0,-2.0,1,19.34,19.34,-8.71,12.88,2026-09-30,2026-09-29,2026-09-24,0.5,457,457,-65,140,0.5,-130,-130,22,-64,-0.5,732,732,-230,8,0.0,0,0,0,-24,0.5,-44,-44,-62,20,0.0,688,688,-292,4,0.0,1783,12088,14.75,6.48,-11.25,-42.8,neutral,籌碼震盪，方向未定,2026-09-30 10:57:38,ok,,ok,FINMIND_TOKEN,eyJ0...py2s,0,6000,6000,2026-09-30 10:57:45
3289,宜特,3,15.0,2026-09-30,3,0.34,0.34,0.34,0.34,-0.5,160.86,160.86,160.86,161.0,ok,,,33.0,-20.0,1,,,0.0,2.0,-1,-0.13,-0.13,13.67,33.15,2026-09-30,2026-09-29,2026-09-24,0.5,-2,-2,63,178,0.5,-13,-13,-43,-91,-1.0,-16,-16,140,228,-1.0,0,0,0,0,0.0,9,9,-1,3,0.0,-7,-7,139,231,-1.0,336,4745,7.08,9.53,-4.23,-15.6,neutral,籌碼震盪，方向未定,2026-09-30 10:57:39,ok,,ok,FINMIND_TOKEN,eyJ0...py2s,0,6000,6000,2026-09-30 10:57:46
3293,鈊象,3,15.0,2026-09-30,3,0.53,0.53,0.26,0.13,0.5,729.94,729.94,729.44,726.66,ok,-72.0,-72.0,0,-256,0,6.0,6.0,3,3,0.5,44.18,44.18,28.4,45.72,2026-09-30,2026-09-29,2026-09-24,1,918,918,992,2631,1,-316,-316,-188,-211,-1,1064,1064,1166,3149,-1,48,48,0,39,0,1,1,-26,77,0,1113,1113,1140,3265,-1,5307,13303,39.89,37.63,6.26,-173.4,bullish_concentrated,主力連3買、買賣家數差連3負，籌碼偏集中,2026-09-30 14:26:56,ok,,ok,FINMIND_TOKEN,eyJ0...py2s,1188,6000,4812,2026-09-30 14:27:07
3324,雙鴻,3,15.0,2026-09-30,3,2.13,2.13,2.13,2.94,-0.5,1382.23,1382.23,1382.23,1367.11,ok,,,89.0,-130.0,1,,,-55.0,48.0,-1,-17.23,-17.23,-12.55,8.25,2026-09-30,2026-09-29,2026-09-24,-0.5,-753,-753,-495,532,-0.5,120,120,123,-50,0.5,-805,-805,-710,-48,-1.0,0,0,178,333,-1.0,-203,-203,-49,-9,-1.0,-1008,-1008,-581,276,-1.0,-423,24431,-1.73,-2.79,-24.36,22.6,neutral,籌碼震盪，方向未定,2026-09-30 10:57:40,ok,,ok,FINMIND_TOKEN,eyJ0...py2s,0,6000,6000,2026-09-30 10:57:49
3357,臺慶科,3,15.0,2026-09-30,3,0.69,0.69,1.42,1.51,-0.5,225.67,225.67,225.69,225.87,ok,-109.0,-109.0,20,30,-1,-30.0,-30.0,-3,0,-1,14.4,14.4,-13.33,-9.73,2026-09-30,2026-09-29,2026-09-24,0,53,53,-58,-79,-0.5,-12,-12,115,99,0.5,101,101,-16,219,0,-1,-1,0,-262,0,-11,-11,-19,-1,0,89,89,-35,-44,1,-124,3804,-3.26,-3.92,17.29,71.8,neutral,籌碼震盪，方向未定,2026-09-30 14:26:56,ok,,ok,FINMIND_TOKEN,eyJ0...py2s,1188,6000,4812,2026-09-30 14:27:06
3362,先進光,3,15.0,2026-09-30,3,9.11,9.11,9.09,9.11,0,186.1,186.1,186.23,186.35,ok,-75.0,-75.0,-13,-41,0,-6.0,-6.0,-2,-4,0,2.3,2.3,-4.9,5.68,2026-09-30,2026-09-29,2026-09-24,0,15,15,-37,57,0.5,47,47,94,39,1,91,91,83,210,0,0,0,0,0,0,0,0,-24,2,0,91,91,59,212,0,104,4676,2.22,0.47,8.72,67.2,neutral,籌碼震盪，方向未定,2026-09-30 14:26:57,ok,,ok,FINMIND_TOKEN,eyJ0...py2s,1188,6000,4812,2026-09-30 14:27:08
3363,上詮,3,15.0,2026-09-30,3,4.04,4.04,4.04,4.39,-0.5,687.62,687.62,687.62,688.63,ok,,,109.0,4.0,1,,,-21.0,33.0,-1,-9.32,-9.32,-3.02,-4.69,2026-09-30,2026-09-29,2026-09-24,0.0,-143,-143,-48,-77,-1.0,162,162,103,144,1.0,-68,-68,140,99,0.0,0,0,0,0,0.0,-3,-3,0,-3,0.0,-71,-71,140,96,0.0,-932,10573,-8.81,-7.58,4.92,156.2,bearish_distributed,主力連3賣、買賣家數差連3正，籌碼流向散戶風險高,2026-09-30 10:57:42,ok,,ok,FINMIND_TOKEN,eyJ0...py2s,0,6000,6000,2026-09-30 10:57:50
3374,精材,3,15.0,2026-09-30,3,2.73,2.73,2.73,3.37,-0.5,405.98,405.98,405.98,405.92,ok,,,-398.0,141.0,-1,,,-196.0,361.0,-1,19.32,19.32,27.76,-21.23,2026-09-30,2026-09-29,2026-09-24,0.5,233,233,578,-3133,0.5,-17,-17,-108,85,-0.5,78,78,220,-3083,0.0,-18,-18,-2,0,-1.0,11,11,479,-199,0.0,71,71,697,-3282,0.0,-1903,53227,-3.58,5.69,-2.27,-14.6,neutral,籌碼震盪，方向未定,2026-09-30 10:57:45,ok,,ok,FINMIND_TOKEN,eyJ0...py2s,0,6000,6000,2026-09-30 10:57:54
3376,新日興,3,15.0,2026-09-30,3,2.03,2.03,2.03,0.39,0.5,197.57,197.57,197.57,197.79,ok,,,-28.0,62.0,-1,,,200.0,-15.0,1,6.23,6.23,-10.88,-23.06,2026-09-30,2026-09-29,2026-09-24,-0.5,157,157,-226,-389,-0.5,68,68,240,253,1.0,-642,-642,-64,-462,0.0,0,0,0,0,0.0,23,23,-42,-8,0.0,-619,-619,-106,-470,0.0,-275,11620,-2.37,-8.53,-1.91,166.4,neutral,籌碼震盪，方向未定,2026-09-30 10:57:45,ok,,ok,FINMIND_TOKEN,eyJ0...py2s,0,6000,6000,2026-09-30 10:57:53
3443,創意,3,15.0,2026-09-30,3,3.32,3.32,3.32,3.52,-0.5,5992.37,5992.37,5992.37,5923.81,ok,,,-44.0,58.0,-1,,,-11.0,1.0,-1,5.83,5.83,-5.45,2.79,2026-09-30,2026-09-29,2026-09-24,0.0,39,39,-59,40,0.5,147,147,150,43,1.0,198,198,34,117,0.0,-59,-59,-175,-252,1.0,-9,-9,55,94,-1.0,130,130,-86,-41,0.0,280,6000,4.67,7.67,-29.05,-52.4,neutral,籌碼震盪，方向未定,2026-09-30 10:57:47,ok,,ok,FINMIND_TOKEN,eyJ0...py2s,0,6000,6000,2026-09-30 10:57:55
3450,聯鈞,3,15.0,2026-09-30,3,1.28,1.28,1.28,1.7,-0.5,543.4,543.4,543.4,543.98,ok,,,108.0,144.0,-1,,,-56.0,19.0,-1,-18.52,-18.52,0.06,-19.35,2026-09-30,2026-09-29,2026-09-24,-0.5,-940,-940,3,-970,-0.5,74,74,5,154,1.0,-1383,-1383,17,-796,0.0,387,387,0,-274,1.0,14,14,-38,6,0.0,-982,-982,-21,-1064,0.0,-4630,31684,-14.61,-13.65,4.9,77.4,neutral,籌碼震盪，方向未定,2026-09-30 10:57:49,ok,,ok,FINMIND_TOKEN,eyJ0...py2s,0,6000,6000,2026-09-30 10:57:57
3481,群創,3,15.0,2026-09-30,3,1.2,1.2,1.2,1.23,-0.5,50.5,50.5,50.5,50.51,ok,,,-1476.0,-151.0,-1,,,-115.0,-412.0,1,35.64,35.64,5.8,-5.2,2026-09-30,2026-09-29,2026-09-24,0.5,173212,173212,6053,-5305,0.5,-5,-5,3,3,0.5,99099,99099,5883,-1969,1.0,0,0,12,0,0.0,7181,7181,1261,-2653,1.0,106280,106280,7156,-4622,1.0,131799,1414413,9.32,2.93,35.16,1.0,neutral,籌碼震盪，方向未定,2026-09-30 10:57:50,ok,,ok,FINMIND_TOKEN,eyJ0...py2s,0,6000,6000,2026-09-30 10:58:00
3491,昇達科,3,15.0,2026-09-30,3,1.24,1.24,1.24,1.8,-0.5,1432.8,1432.8,1432.8,1428.5,ok,,,53.0,-14.0,1,,,-16.0,-3.0,-1,-20.89,-20.89,-16.88,-0.22,2026-09-30,2026-09-29,2026-09-24,-0.5,-184,-184,-263,-2,-1.0,208,208,109,79,1.0,-131,-131,-166,-186,1.0,18,18,-10,1,0.0,-22,-22,-70,-3,0.0,-135,-135,-246,-188,0.0,48,6711,0.72,-4.46,-11.73,59.0,bearish_distributed,主力連3賣、買賣家數差連3正，籌碼流向散戶風險高,2026-09-30 10:57:53,ok,,ok,FINMIND_TOKEN,eyJ0...py2s,0,6000,6000,2026-09-30 10:58:01
3526,凡甲,3,15.0,2026-09-30,3,0.36,0.36,0.57,0.58,-0.5,321.12,321.12,321.43,321.78,ok,8.0,8.0,6,-5,1,-4.0,-4.0,0,-1,0,-16.3,-16.3,-3.12,-7.41,2026-09-30,2026-09-29,2026-09-24,-0.5,-15,-15,-5,-6,-1,58,58,32,55,1,-30,-30,-19,4,-1,2,2,1,-1,1,0,0,-7,-5,0,-28,-28,-25,-2,-1,-89,661,-13.46,-10.99,-2.75,63.2,bearish_distributed,主力連3賣、買賣家數差連3正，籌碼流向散戶風險高,2026-09-30 14:26:57,ok,,ok,FINMIND_TOKEN,eyJ0...py2s,1188,6000,4812,2026-09-30 14:27:08
3529,力旺,3,15.0,2026-09-30,3,1.27,1.27,1.27,0.93,0.5,2803.85,2803.85,2803.85,2770.1,ok,,,28.0,-54.0,1,,,7.0,-5.0,1,-0.38,-0.38,-2.06,-9.6,2026-09-30,2026-09-29,2026-09-24,0.0,-10,-10,-46,-154,-1.0,-19,-19,-63,102,-0.5,-202,-202,-724,-585,0.0,63,63,243,416,-1.0,-5,-5,-14,16,0.0,-144,-144,-495,-153,0.0,41,11466,0.36,2.0,-20.0,-48.0,bearish,主力連3賣，籌碼偏弱,2026-09-30 10:57:54,ok,,ok,FINMIND_TOKEN,eyJ0...py2s,0,6000,6000,2026-09-30 10:58:02
3532,台勝科,3,15.0,2026-09-30,3,7.03,7.03,7.03,6.94,0.5,406.08,406.08,406.08,403.18,ok,,,157.0,36.0,1,,,19.0,-33.0,1,-5.5,-5.5,3.46,-5.24,2026-09-30,2026-09-29,2026-09-24,0.0,-774,-774,245,-242,-0.5,10,10,-26,26,0.5,-940,-940,70,-278,0.0,0,0,1,10,-1.0,-164,-164,-57,-17,-1.0,-1104,-1104,14,-285,0.0,441,45589,0.97,0.65,-3.4,-7.2,neutral,籌碼震盪，方向未定,2026-09-30 10:57:54,ok,,ok,FINMIND_TOKEN,eyJ0...py2s,0,6000,6000,2026-09-30 10:58:02
3533,嘉澤,3,15.0,2026-09-30,3,0.0,0.0,0.0,0.0,0.0,1732.12,1732.12,1732.12,1733.87,ok,,,36.0,-4.0,1,,,0.0,0.0,0,5.96,5.96,0.0,-5.01,2026-09-30,2026-09-29,2026-09-24,0.0,143,143,0,-54,0.0,-80,-80,34,140,0.5,-241,-241,69,-73,0.0,229,229,10,0,1.0,25,25,-21,17,0.0,13,13,58,-56,0.0,-29,9156,-0.32,6.5,-42.82,-46.2,neutral,籌碼震盪，方向未定,2026-09-30 10:57:55,ok,,ok,FINMIND_TOKEN,eyJ0...py2s,0,6000,6000,2026-09-30 10:58:03
3563,牧德,3,15.0,2026-09-30,3,0.28,0.28,0.28,0.26,0.5,747.98,747.98,747.98,744.52,ok,,,384.0,234.0,1,,,2.0,4.0,-1,11.84,11.84,4.24,4.4,2026-09-30,2026-09-29,2026-09-24,0.0,221,221,77,63,1.0,-157,-157,-135,-83,-1.0,334,334,-192,-149,0.0,0,0,0,0,0.0,14,14,30,21,0.0,348,348,-162,-128,0.0,968,8544,11.33,12.02,-19.94,-132.2,neutral,籌碼震盪，方向未定,2026-09-30 10:57:58,ok,,ok,FINMIND_TOKEN,eyJ0...py2s,0,6000,6000,2026-09-30 10:58:06
3583,辛耘,3,15.0,2026-09-30,3,0.34,0.34,0.34,0.29,0.5,747.35,747.35,747.35,748.18,ok,,,-3.0,13.0,-1,,,1.0,1.0,0,-17.45,-17.45,6.29,-12.04,2026-09-30,2026-09-29,2026-09-24,-0.5,-220,-220,45,-36,-0.5,144,144,-27,185,0.5,-173,-173,71,-52,0.0,0,0,0,0,0.0,-3,-3,28,-4,0.0,-176,-176,99,-56,0.0,-273,3330,-8.2,-8.63,-28.17,121.6,neutral,籌碼震盪，方向未定,2026-09-30 10:58:00,ok,,ok,FINMIND_TOKEN,eyJ0...py2s,0,6000,6000,2026-09-30 10:58:07
3587,閎康,3,15.0,2026-09-30,3,0.11,0.11,0.11,0.11,0.5,285.25,285.25,285.25,285.73,ok,,,-51.0,10.0,-1,,,0.0,0.0,0,-16.06,-16.06,-14.09,9.9,2026-09-30,2026-09-29,2026-09-24,-0.5,-53,-53,-41,19,-0.5,119,119,59,37,1.0,-45,-45,7,43,-1.0,0,0,0,0,0.0,1,1,0,-7,1.0,-44,-44,7,36,-1.0,-114,1311,-8.7,-7.71,-14.03,78.2,neutral,籌碼震盪，方向未定,2026-09-30 10:58:01,ok,,ok,FINMIND_TOKEN,eyJ0...py2s,0,6000,6000,2026-09-30 10:58:08
3605,宏致,3,15.0,2026-09-30,3,16.85,16.85,16.85,16.78,0.5,148.89,148.89,148.89,147.54,ok,,,-130.0,80.0,-1,,,-9.0,91.0,-1,-6.7,-6.7,-4.79,3.92,2026-09-30,2026-09-29,2026-09-24,0.0,-1194,-1194,-599,582,-0.5,49,49,14,5,1.0,1206,1206,-428,-16,0.0,0,0,0,974,-0.5,-439,-439,15,-77,0.0,767,767,-413,881,0.0,-349,116517,-0.3,-0.88,-0.88,13.4,neutral,籌碼震盪，方向未定,2026-09-30 10:58:02,ok,,ok,FINMIND_TOKEN,eyJ0...py2s,0,6000,6000,2026-09-30 10:58:11
3645,達邁,3,15.0,2026-09-30,3,0.45,0.45,0.45,0.47,-0.5,77.07,77.07,77.07,77.16,ok,,,-142.0,-43.0,-1,,,-2.0,2.0,-1,8.26,8.26,4.95,-18.17,2026-09-30,2026-09-29,2026-09-24,-0.5,413,413,87,-1112,0.5,-32,-32,44,81,0.5,216,216,204,-1258,1.0,0,0,0,0,0.0,33,33,-6,1,0.0,249,249,198,-1257,1.0,-1544,22311,-6.92,-7.6,32.02,56.4,neutral,籌碼震盪，方向未定,2026-09-30 10:58:02,ok,,ok,FINMIND_TOKEN,eyJ0...py2s,0,6000,6000,2026-09-30 10:58:10
3653,健策,3,15.0,2026-09-30,3,6.57,6.57,6.57,6.9,-0.5,5532.52,5532.52,5532.52,5439.25,ok,,,60.0,222.0,-1,,,-6.0,53.0,-1,-6.72,-6.72,-5.96,-6.5,2026-09-30,2026-09-29,2026-09-24,0.0,-83,-83,-99,-179,-1.0,129,129,-36,0,0.0,-214,-214,-309,-338,1.0,44,44,128,247,-1.0,5,5,5,-17,0.5,-165,-165,-176,-108,0.0,-146,8092,-1.8,-0.32,-2.14,-51.4,bearish,主力連3賣，籌碼偏弱,2026-09-30 10:58:03,ok,,ok,FINMIND_TOKEN,eyJ0...py2s,0,6000,6000,2026-09-30 10:58:12
3661,世芯-KY,3,15.0,2026-09-30,3,0.35,0.35,0.35,0.4,-0.5,3830.15,3830.15,3830.15,3832.04,ok,,,35.0,-9.0,1,,,-3.0,-4.0,1,5.96,5.96,-9.01,-11.88,2026-09-30,2026-09-29,2026-09-24,0.0,67,67,-106,-135,-0.5,49,49,167,116,1.0,79,79,-93,-131,1.0,-1,-1,-2,-19,1.0,12,12,-16,-5,0.0,90,90,-111,-155,1.0,9,8818,0.1,-2.1,6.98,67.0,neutral,籌碼震盪，方向未定,2026-09-30 10:58:06,ok,,ok,FINMIND_TOKEN,eyJ0...py2s,0,6000,6000,2026-09-30 10:58:14
3665,貿聯-KY,3,15.0,2026-09-30,3,0.91,0.91,0.91,0.68,0.5,2220.87,2220.87,2220.87,2206.73,ok,,,-350.0,-91.0,-1,,,8.0,-4.0,1,11.36,11.36,18.12,-7.11,2026-09-30,2026-09-29,2026-09-24,0.5,699,699,824,-318,0.5,-106,-106,-132,40,-0.5,-648,-648,720,-185,0.0,1118,1118,307,2,1.0,8,8,-25,-4,0.0,478,478,1002,-187,0.0,1100,24855,4.43,5.13,23.56,-58.8,neutral,籌碼震盪，方向未定,2026-09-30 10:58:07,ok,,ok,FINMIND_TOKEN,eyJ0...py2s,0,6000,6000,2026-09-30 10:58:16
3673,TPK-KY,3,15.0,2026-09-30,3,1.63,1.63,1.11,0.61,0.5,70.17,70.17,68.34,68.31,ok,2978.0,2978.0,244,95,1,125.0,125.0,73,1,1,-1.65,-1.65,-4.84,3.45,2026-09-30,2026-09-29,2026-09-24,0,-609,-609,-550,86,-0.5,-6,-6,0,3,0,-3788,-3788,-844,283,-1,0,0,0,0,0,99,99,211,-44,0,-3689,-3689,-633,239,-1,-1186,59855,-1.98,-1.25,-13.79,11.8,neutral,籌碼震盪，方向未定,2026-09-30 14:27:06,ok,,ok,FINMIND_TOKEN,eyJ0...py2s,1188,6000,4812,2026-09-30 14:27:17
3675,德微,3,15.0,2026-09-30,3,1.16,1.16,1.27,1.38,-0.5,310.46,310.46,309.58,306.9,ok,-91.0,-91.0,-14,-231,0,-4.0,-4.0,-3,-15,0,-5.04,-5.04,-6.4,-14.4,2026-09-30,2026-09-29,2026-09-24,0,-68,-68,-179,-519,-1,68,68,34,102,1,-42,-42,-271,-370,1,70,70,70,143,-0.5,27,27,-98,67,0,55,55,-299,-160,0,-302,12910,-2.34,-1.82,-8.16,3.8,bearish_distributed,主力連3賣、買賣家數差連3正，籌碼流向散戶風險高,2026-09-30 14:27:06,ok,,ok,FINMIND_TOKEN,eyJ0...py2s,1188,6000,4812,2026-09-30 14:27:17
3680,家登,3,15.0,2026-09-30,3,5.88,5.88,5.88,5.47,0.5,523.68,523.68,523.68,522.64,ok,,,6.0,34.0,-1,,,11.0,26.0,-1,5.68,5.68,18.91,5.0,2026-09-30,2026-09-29,2026-09-24,0.5,94,94,205,71,1.0,18,18,-96,19,0.5,188,188,216,164,0.0,0,0,-1,0,0.0,-25,-25,35,13,0.0,163,163,250,177,0.0,206,6757,3.05,2.07,13.87,43.2,bullish_distributed,主力連3買但買賣家數差偏正，可能偏分散,2026-09-30 10:58:08,ok,,ok,FINMIND_TOKEN,eyJ0...py2s,0,6000,6000,2026-09-30 10:58:17
3693,營邦,3,15.0,2026-09-30,3,0.86,0.86,0.89,0.96,-0.5,649.45,649.45,648.15,645.88,ok,-131.0,-131.0,-92,127,-1,-3.0,-3.0,-4,-3,0,-13.1,-13.1,-24.94,-16.72,2026-09-30,2026-09-29,2026-09-24,-0.5,-167,-167,-331,-329,-1,176,176,203,119,1,-37,-37,-281,-294,1,0,0,0,0,0,-17,-17,-11,-20,0,-54,-54,-292,-314,1,-359,9109,-3.94,-7.32,-15.04,69.0,bearish_distributed,主力連3賣、買賣家數差連3正，籌碼流向散戶風險高,2026-09-30 14:27:07,ok,,ok,FINMIND_TOKEN,eyJ0...py2s,1188,6000,4812,2026-09-30 14:27:18
3701,大眾控,3,15.0,2026-09-30,3,0.76,0.76,0.76,0.76,0.5,49.59,49.59,49.59,49.7,ok,,,-9.0,17.0,-1,,,0.0,0.0,0,27.54,27.54,8.5,-1.71,2026-09-30,2026-09-29,2026-09-24,0.5,1253,1253,47,-6,0.5,-220,-220,-22,14,-0.5,107,107,52,-22,1.0,0,0,0,0,0.0,-33,-33,-26,-3,-1.0,74,74,26,-25,1.0,1163,6818,17.06,5.42,41.2,-28.8,neutral,籌碼震盪，方向未定,2026-09-30 10:58:10,ok,,ok,FINMIND_TOKEN,eyJ0...py2s,0,6000,6000,2026-09-30 10:58:22
3702,大聯大,3,15.0,2026-09-30,3,0.26,0.26,0.26,0.31,-0.5,110.07,110.07,110.07,109.53,ok,,,1083.0,240.0,1,,,-4.0,6.0,-1,-19.92,-19.92,-10.39,33.32,2026-09-30,2026-09-29,2026-09-24,0.0,-1112,-1112,-1137,2683,-0.5,199,199,119,-277,0.5,-938,-938,-449,2858,-1.0,540,540,-21,414,0.0,50,50,-101,179,0.0,-348,-348,-571,3451,0.0,3559,43816,8.12,4.36,-21.27,-12.0,neutral,籌碼震盪，方向未定,2026-09-30 10:58:11,ok,,ok,FINMIND_TOKEN,eyJ0...py2s,0,6000,6000,2026-09-30 10:58:18
3707,漢磊,3,15.0,2026-09-30,3,3.37,3.37,3.31,3.12,0.5,71.26,71.26,70.58,70.4,ok,-207.0,-207.0,146,130,0,2.0,2.0,33,45,-1,6.12,6.12,-4.69,-3.03,2026-09-30,2026-09-29,2026-09-24,0,1871,1871,-966,-1019,-0.5,-15,-15,14,6,0.5,2305,2305,-1353,414,0,0,0,0,0,0,114,114,7,-116,1,2419,2419,-1346,298,0,-3671,160563,-2.29,-0.73,0.41,-0.2,neutral,籌碼震盪，方向未定,2026-09-30 14:27:07,ok,,ok,FINMIND_TOKEN,eyJ0...py2s,1188,6000,4812,2026-09-30 14:27:20
3711,日月光投控,3,15.0,2026-09-30,3,2.98,2.98,2.98,3.28,-0.5,622.46,622.46,622.46,620.73,ok,,,-62.0,-195.0,1,,,-29.0,-6.0,-1,14.93,14.93,-9.78,3.21,2026-09-30,2026-09-29,2026-09-24,0.0,2178,2178,-1394,352,0.5,-69,-69,73,-8,-0.5,2965,2965,-724,1906,0.0,-401,-401,-927,-2167,1.0,110,110,-39,15,0.0,2674,2674,-1690,-246,0.0,14350,79810,17.98,12.27,-26.48,-16.6,neutral,籌碼震盪，方向未定,2026-09-30 10:58:12,ok,,ok,FINMIND_TOKEN,eyJ0...py2s,0,6000,6000,2026-09-30 10:58:25
3715,定穎投控,3,15.0,2026-09-30,3,2.08,2.08,2.08,2.12,-0.5,135.17,135.17,135.17,135.31,ok,,,119.0,-12.0,1,,,-7.0,-38.0,1,3.58,3.58,1.04,-26.88,2026-09-30,2026-09-29,2026-09-24,-0.5,153,153,29,-840,0.5,-4,-4,41,241,0.5,82,82,50,-332,1.0,0,0,0,0,0.0,60,60,46,-39,1.0,142,142,96,-371,1.0,1608,35274,4.56,-3.27,-21.44,61.0,neutral,籌碼震盪，方向未定,2026-09-30 10:58:15,ok,,ok,FINMIND_TOKEN,eyJ0...py2s,0,6000,6000,2026-09-30 10:58:23
3718,中光電投控,3,15.0,2026-09-30,3,0.61,0.61,0.6,0.59,0.5,75.42,75.42,75.48,75.51,ok,-99.0,-99.0,-24,22,-1,1.0,1.0,0,-23,1,12.94,12.94,-2.15,-0.09,2026-09-30,2026-09-29,2026-09-24,0,195,195,-24,-1,-0.5,-6,-6,45,57,0.5,374,374,85,161,0,0,0,0,0,0,7,7,-19,-25,1,381,381,66,136,0,4,7347,0.05,-1.12,15.89,62.6,neutral,籌碼震盪，方向未定,2026-09-30 14:27:08,ok,,ok,FINMIND_TOKEN,eyJ0...py2s,1188,6000,4812,2026-09-30 14:27:18
4105,東洋,3,15.0,2026-09-30,3,0.0,0.0,0.0,0.0,0,77.2,77.2,77.2,77.18,ok,0.0,0.0,5,4,0,0.0,0.0,0,0,0,-5.51,-5.51,7.82,-7.88,2026-09-30,2026-09-29,2026-09-24,0,-30,-30,23,-16,-0.5,36,36,-14,35,0.5,-19,-19,108,-73,0,0,0,8,0,0,-9,-9,0,0,-0.5,-28,-28,116,-73,0,88,1675,5.25,1.73,-23.7,12.8,neutral,籌碼震盪，方向未定,2026-09-30 14:27:08,ok,,ok,FINMIND_TOKEN,eyJ0...py2s,1188,6000,4812,2026-09-30 14:27:18
4123,晟德,3,15.0,2026-09-30,3,0.27,0.27,0.27,0.27,0.5,35.74,35.74,35.75,35.75,ok,-1.0,-1.0,-22,-18,0,0.0,0.0,0,-2,0.5,21.46,21.46,8.48,-22.41,2026-09-30,2026-09-29,2026-09-24,0,212,212,88,-264,0.5,-40,-40,5,159,0.5,567,567,430,-522,1,0,0,0,0,0,-167,-167,-25,-90,0,400,400,405,-612,0,1101,6175,17.83,11.13,-2.84,-4.2,neutral,籌碼震盪，方向未定,2026-09-30 14:27:17,ok,,ok,FINMIND_TOKEN,eyJ0...py2s,1188,6000,4812,2026-09-30 14:27:26
4147,中裕,3,15.0,2026-09-30,3,0.22,0.22,0.23,0.21,0,63.77,63.77,63.77,63.77,ok,-5.0,-5.0,-35,496,0,-1.0,-1.0,2,-1,0,10.84,10.84,8.46,-20.74,2026-09-30,2026-09-29,2026-09-24,-0.5,63,63,49,-336,0.5,-28,-28,-28,167,-0.5,238,238,268,-412,0,0,0,0,0,0,7,7,0,-3,1,245,245,268,-415,0,363,6285,5.78,4.48,-6.72,-12.0,neutral,籌碼震盪，方向未定,2026-09-30 14:27:17,ok,,ok,FINMIND_TOKEN,eyJ0...py2s,1188,6000,4812,2026-09-30 14:27:27
4506,崇友,3,15.0,2026-09-30,3,,,,,0,,,,,empty,0.0,0.0,0,0,0,0.0,0.0,0,0,0,-7.69,-7.69,-29.55,-5.56,2026-09-30,2026-09-29,2026-09-24,-0.5,-2,-2,-13,-4,-1,39,39,53,36,1,-12,-12,-10,10,-1,0,0,0,0,0,0,0,0,0,0,-12,-12,-10,10,-1,-40,247,-16.19,-16.12,8.48,48.2,bearish_distributed,主力連3賣、買賣家數差連3正，籌碼流向散戶風險高,2026-09-30 14:27:18,ok,,ok,FINMIND_TOKEN,eyJ0...py2s,1188,6000,4812,2026-09-30 14:27:40
4728,雙美,3,15.0,2026-09-30,3,0.0,0.0,0.0,0.0,0,399.86,399.86,399.86,399.86,ok,0.0,0.0,1,-1,0,0.0,0.0,0,0,0,0.0,0.0,0.0,0.0,2026-09-30,2026-09-29,2026-09-24,0,0,0,0,0,0,-3,-3,-2,4,-0.5,-1,-1,-1,-2,0.5,0,0,0,0,0,0,0,0,0,0,-1,-1,-1,-2,0.5,0,52,0.0,0.0,0.0,0.0,neutral,籌碼震盪，方向未定,2026-09-30 14:27:18,ok,,ok,FINMIND_TOKEN,eyJ0...py2s,1188,6000,4812,2026-09-30 14:27:27
4743,合一,3,15.0,2026-09-30,3,0.69,0.69,0.62,0.63,0,51.79,51.79,51.82,51.85,ok,-127.0,-127.0,-26,11,-1,8.0,8.0,-1,-2,1,29.94,29.94,17.76,-10.37,2026-09-30,2026-09-29,2026-09-24,0.5,599,599,187,-65,0.5,-143,-143,-76,95,-0.5,1065,1065,277,-143,1,0,0,0,0,0,6,6,-16,-4,0,1071,1071,261,-147,1,1336,5438,24.57,14.28,26.11,-32.6,neutral,籌碼震盪，方向未定,2026-09-30 14:27:18,ok,,ok,FINMIND_TOKEN,eyJ0...py2s,1188,6000,4812,2026-09-30 14:27:27
4749,新應材,3,15.0,2026-09-30,3,0.53,0.53,0.53,0.49,0.5,872.0,872.0,872.0,874.78,ok,,,30.0,-113.0,1,,,2.0,0.0,1,-14.46,-14.46,5.15,-13.73,2026-09-30,2026-09-29,2026-09-24,0.0,-129,-129,56,-63,-0.5,152,152,-18,295,0.5,-42,-42,65,104,-1.0,-1,-1,-1,-7,0.5,-14,-14,49,-36,0.0,-57,-57,113,61,0.0,-321,3691,-8.7,-12.89,12.29,214.6,neutral,籌碼震盪，方向未定,2026-09-30 10:58:16,ok,,ok,FINMIND_TOKEN,eyJ0...py2s,0,6000,6000,2026-09-30 10:58:26
4755,三福化,3,15.0,2026-09-30,3,0.0,0.0,0.0,0.0,0,129.79,129.79,130.1,130.42,ok,4.0,4.0,15,0,0,0.0,0.0,0,0,0,-3.05,-3.05,18.88,6.33,2026-09-30,2026-09-29,2026-09-24,0.5,-8,-8,37,5,0.5,-4,-4,-22,18,-0.5,63,63,80,-33,0,0,0,0,0,0,1,1,0,3,0,64,64,80,-30,0,51,680,7.5,4.01,1.16,5.6,neutral,籌碼震盪，方向未定,2026-09-30 14:27:20,ok,,ok,FINMIND_TOKEN,eyJ0...py2s,1188,6000,4812,2026-09-30 14:27:30
4768,晶呈科技,3,15.0,2026-09-30,3,1.02,1.02,0.66,0.15,0.5,382.01,382.01,382.26,384.26,ok,206.0,206.0,137,22,1,12.0,12.0,14,-5,0,-12.13,-12.13,4.98,-21.66,2026-09-30,2026-09-29,2026-09-24,-0.5,-357,-357,82,-136,-0.5,30,30,-40,155,0.5,-443,-443,-44,-223,0,0,0,0,0,0,79,79,52,-37,1,-364,-364,8,-260,0,-351,6615,-5.31,-6.66,6.05,36.8,neutral,籌碼震盪，方向未定,2026-09-30 14:27:27,ok,,ok,FINMIND_TOKEN,eyJ0...py2s,1188,6000,4812,2026-09-30 14:27:38
4772,台特化,3,15.0,2026-09-30,3,0.34,0.34,0.34,0.11,0.5,277.93,277.93,277.93,278.7,ok,,,249.0,-4.0,1,,,9.0,0.0,1,-8.98,-8.98,11.27,15.96,2026-09-30,2026-09-29,2026-09-24,0.5,-208,-208,316,60,0.5,90,90,-75,0,0.0,-202,-202,278,81,0.0,0,0,0,0,0.0,-20,-20,133,1,0.0,-222,-222,411,82,0.0,96,6023,1.59,3.04,-11.14,28.8,neutral,籌碼震盪，方向未定,2026-09-30 10:58:17,ok,,ok,FINMIND_TOKEN,eyJ0...py2s,0,6000,6000,2026-09-30 10:58:28
4904,遠傳,3,15.0,2026-09-30,3,5.02,5.02,5.02,6.6,-0.5,103.45,103.45,103.45,103.07,ok,,,147.0,12.0,1,,,0.0,0.0,0,-11.79,-11.79,-2.0,-1.16,2026-09-30,2026-09-29,2026-09-24,0.0,-733,-733,-109,-23,-1.0,227,227,54,7,1.0,808,808,-792,41,0.0,-4,-4,0,61,-1.0,250,250,339,200,0.0,1054,1054,-453,302,0.0,-713,20018,-3.56,-2.13,-13.23,42.0,bearish_distributed,主力連3賣、買賣家數差連3正，籌碼流向散戶風險高,2026-09-30 10:58:18,ok,,ok,FINMIND_TOKEN,eyJ0...py2s,0,6000,6000,2026-09-30 10:58:27
4916,事欣科,3,15.0,2026-09-30,3,0.76,0.76,0.76,0.8,-0.5,103.96,103.96,103.96,103.99,ok,,,34.0,-114.0,1,,,-3.0,-4.0,1,-5.53,-5.53,1.87,-5.88,2026-09-30,2026-09-29,2026-09-24,0.0,-116,-116,18,-168,-0.5,30,30,33,71,1.0,235,235,86,59,1.0,0,0,0,0,0.0,33,33,-52,40,0.0,268,268,34,99,0.0,18,11349,0.16,-1.52,-9.27,30.6,neutral,籌碼震盪，方向未定,2026-09-30 10:58:22,ok,,ok,FINMIND_TOKEN,eyJ0...py2s,0,6000,6000,2026-09-30 10:58:30
4931,新盛力,3,15.0,2026-09-30,3,1.22,1.22,1.22,1.38,-0.5,247.85,247.85,247.85,248.01,ok,,,-94.0,-90.0,-1,,,-17.0,0.0,-1,4.4,4.4,-2.51,7.23,2026-09-30,2026-09-29,2026-09-24,0.0,388,388,-169,95,0.5,-10,-10,-5,12,-0.5,183,183,173,187,0.0,0,0,0,0,0.0,194,194,21,17,1.0,377,377,194,204,0.0,-549,23657,-2.32,-1.98,18.8,33.6,neutral,籌碼震盪，方向未定,2026-09-30 10:58:23,ok,,ok,FINMIND_TOKEN,eyJ0...py2s,0,6000,6000,2026-09-30 10:58:31
4938,和碩,3,15.0,2026-09-30,3,0.54,0.54,0.54,0.57,-0.5,90.86,90.86,90.86,90.87,ok,,,262.0,80.0,1,,,0.0,-14.0,1,-24.58,-24.58,-2.68,3.37,2026-09-30,2026-09-29,2026-09-24,-0.5,-2897,-2897,-310,266,-0.5,343,343,0,-81,0.0,-3739,-3739,-635,-653,0.0,-52,-52,-96,23,0.0,-268,-268,488,387,0.0,-4059,-4059,-243,-243,-0.5,-2270,48937,-4.64,-3.36,-22.5,40.2,neutral,籌碼震盪，方向未定,2026-09-30 10:58:25,ok,,ok,FINMIND_TOKEN,eyJ0...py2s,0,6000,6000,2026-09-30 10:58:33
4958,臻鼎-KY,3,15.0,2026-09-30,3,1.23,1.23,1.23,0.57,0.5,487.2,487.2,487.2,486.62,ok,,,-947.0,949.0,-1,,,243.0,22.0,1,1.61,1.61,28.73,-22.3,2026-09-30,2026-09-29,2026-09-24,0.0,498,498,12066,-4598,0.5,1,1,-14,29,0.5,656,656,9984,-5333,0.0,-253,-253,2941,-275,0.0,-183,-183,356,75,0.0,220,220,13281,-5533,0.0,5162,177891,2.9,-0.62,-21.63,6.2,neutral,籌碼震盪，方向未定,2026-09-30 10:58:26,ok,,ok,FINMIND_TOKEN,eyJ0...py2s,0,6000,6000,2026-09-30 10:58:35
4966,譜瑞-KY,3,15.0,2026-09-30,3,0.3,0.3,0.3,0.16,0,650.58,650.58,650.95,651.2,ok,3.0,3.0,-2,-14,1,0.0,0.0,5,0,0,-3.11,-3.11,-0.86,9.07,2026-09-30,2026-09-29,2026-09-24,0,-10,-10,-2,41,-0.5,41,41,35,34,1,-34,-34,30,26,0,0,0,0,20,-0.5,0,0,0,1,-0.5,-34,-34,30,47,-1,96,2984,3.22,-0.81,-39.43,51.8,neutral,籌碼震盪，方向未定,2026-09-30 14:27:27,ok,,ok,FINMIND_TOKEN,eyJ0...py2s,1188,6000,4812,2026-09-30 14:27:37
4971,IET-KY,3,15.0,2026-09-30,3,3.92,3.92,3.92,3.92,0.5,580.51,580.51,580.51,581.19,ok,,,23.0,-60.0,1,,,1.0,-4.0,1,-13.23,-13.23,-8.42,-8.04,2026-09-30,2026-09-29,2026-09-24,0.0,-120,-120,-51,-57,-1.0,190,190,153,135,1.0,-158,-158,-67,-37,-1.0,0,0,0,0,0.0,0,0,1,-1,0.0,-158,-158,-66,-38,-1.0,-341,4718,-7.23,-9.25,-3.62,163.6,bearish_distributed,主力連3賣、買賣家數差連3正，籌碼流向散戶風險高,2026-09-30 10:58:27,ok,,ok,FINMIND_TOKEN,eyJ0...py2s,0,6000,6000,2026-09-30 10:58:35
4977,眾達-KY,3,15.0,2026-09-30,3,2.08,2.08,2.08,1.53,0.5,169.26,169.26,169.26,169.27,ok,,,56.0,-4.0,1,,,39.0,-12.0,1,2.94,2.94,-4.82,-2.49,2026-09-30,2026-09-29,2026-09-24,0.0,65,65,-60,-24,-0.5,-52,-52,51,67,0.5,221,221,-139,-23,0.0,0,0,0,0,0.0,-17,-17,50,-15,0.0,204,204,-89,-38,0.0,-176,8456,-2.08,-4.12,15.34,70.6,neutral,籌碼震盪，方向未定,2026-09-30 10:58:28,ok,,ok,FINMIND_TOKEN,eyJ0...py2s,0,6000,6000,2026-09-30 10:58:36
4979,華星光,3,15.0,2026-09-30,3,1.83,1.83,1.83,4.47,-0.5,589.77,589.77,589.77,589.79,ok,,,-109.0,158.0,-1,,,-384.0,332.0,-1,16.02,16.02,11.3,-21.22,2026-09-30,2026-09-29,2026-09-24,0.0,104,104,108,-1886,0.5,29,29,-8,147,0.5,-69,-69,-56,307,-1.0,0,0,0,-1985,0.5,60,60,125,-3,0.0,-9,-9,69,-1681,0.0,-3297,29507,-11.17,-3.18,23.73,58.0,neutral,籌碼震盪，方向未定,2026-09-30 10:58:30,ok,,ok,FINMIND_TOKEN,eyJ0...py2s,0,6000,6000,2026-09-30 10:58:39
4991,環宇-KY,3,15.0,2026-09-30,3,1.03,1.03,1.03,1.03,-0.5,486.0,486.0,486.0,486.29,ok,,,-88.0,89.0,-1,,,-1.0,45.0,-1,0.66,0.66,11.06,-2.0,2026-09-30,2026-09-29,2026-09-24,0.0,34,34,474,-63,0.5,14,14,-49,62,0.5,40,40,464,-55,0.0,108,108,170,2,0.0,18,18,-34,1,0.0,166,166,600,-52,0.0,-1544,23796,-6.49,-6.14,26.88,68.0,neutral,籌碼震盪，方向未定,2026-09-30 10:58:32,ok,,ok,FINMIND_TOKEN,eyJ0...py2s,0,6000,6000,2026-09-30 10:58:40
5009,榮剛,3,15.0,2026-09-30,3,0.06,0.06,0.06,0.06,0,33.93,33.93,33.97,33.98,ok,274.0,274.0,-32,-177,1,0.0,0.0,0,0,0,-16.96,-16.96,9.92,-3.78,2026-09-30,2026-09-29,2026-09-24,-0.5,-1046,-1046,149,-27,-0.5,182,182,-9,79,0.5,-889,-889,25,131,-1,0,0,0,0,0,-117,-117,31,-16,0,-1006,-1006,56,115,-1,-294,9867,-2.98,3.77,-37.07,47.4,neutral,籌碼震盪，方向未定,2026-09-30 14:27:27,ok,,ok,FINMIND_TOKEN,eyJ0...py2s,1188,6000,4812,2026-09-30 14:27:38
5222,全訊,3,15.0,2026-09-30,3,0.58,0.58,0.58,0.58,-0.5,114.39,114.39,114.39,114.43,ok,,,3.0,7.0,-1,,,0.0,0.0,0,22.96,22.96,-3.77,-6.19,2026-09-30,2026-09-29,2026-09-24,0.5,31,31,-6,-7,-0.5,-7,-7,19,21,0.5,67,67,-35,-8,0.0,0,0,0,0,0.0,2,2,-1,0,0.0,69,69,-36,-8,0.0,77,720,10.69,5.38,24.04,11.4,neutral,籌碼震盪，方向未定,2026-09-30 10:58:33,ok,,ok,FINMIND_TOKEN,eyJ0...py2s,0,6000,6000,2026-09-30 10:58:40
5234,達興材料,3,15.0,2026-09-30,3,12.0,12.0,12.6,7.81,0,359.09,359.09,363.67,365.64,ok,46.0,46.0,28,-2,1,-3.0,-3.0,71,0,0,-33.1,-33.1,9.61,-17.31,2026-09-30,2026-09-29,2026-09-24,-0.5,-434,-434,61,-18,-0.5,224,224,-138,91,0.5,-457,-457,163,-33,0,-52,-52,0,0,-0.5,-7,-7,-17,-3,0,-516,-516,146,-36,0,-334,2437,-13.71,-8.86,-38.76,58.8,neutral,籌碼震盪，方向未定,2026-09-30 14:27:27,ok,,ok,FINMIND_TOKEN,eyJ0...py2s,1188,6000,4812,2026-09-30 14:27:37
5274,信驊,3,15.0,2026-09-30,3,0.0,0.0,0.0,0.0,0.0,17871.06,17871.06,17871.06,17859.06,ok,,,-4.0,-2.0,-1,,,0.0,0.0,0,-14.71,-14.71,-3.86,-5.18,2026-09-30,2026-09-29,2026-09-24,0.0,-35,-35,-10,-10,-1.0,420,420,326,242,1.0,-6,-6,-18,38,0.0,-8,-8,14,-52,0.0,-2,-2,1,1,-0.5,-16,-16,-3,-13,0.0,-34,1310,-2.6,-4.07,-21.59,181.2,bearish_distributed,主力連3賣、買賣家數差連3正，籌碼流向散戶風險高,2026-09-30 10:58:35,ok,,ok,FINMIND_TOKEN,eyJ0...py2s,0,6000,6000,2026-09-30 10:58:42
5289,宜鼎,3,15.0,2026-09-30,3,0.22,0.22,0.22,0.22,-0.5,1416.96,1416.96,1416.96,1419.18,ok,,,48.0,10.0,1,,,0.0,-25.0,1,-5.09,-5.09,-9.75,-6.64,2026-09-30,2026-09-29,2026-09-24,0.0,-45,-45,-87,-65,-1.0,132,132,223,266,1.0,-26,-26,-36,-34,0.0,0,0,2,0,0.0,-7,-7,-1,-17,0.0,-33,-33,-35,-51,1.0,-560,5768,-9.71,-7.36,-8.75,172.6,bearish_distributed,主力連3賣、買賣家數差連3正，籌碼流向散戶風險高,2026-09-30 10:58:35,ok,,ok,FINMIND_TOKEN,eyJ0...py2s,0,6000,6000,2026-09-30 10:58:43
5314,世紀*,3,15.0,2026-09-30,3,15.79,15.79,16.11,18.7,-0.5,29.68,29.68,29.73,29.77,ok,362.0,362.0,102,-300,1,12.0,12.0,-340,-305,0,9.32,9.32,-7.1,-10.25,2026-09-30,2026-09-29,2026-09-24,0,951,951,-663,-828,-0.5,-45,-45,-8,33,-0.5,220,220,-145,-1487,1,0,0,0,0,0,79,79,372,2,0,299,299,227,-1485,1,-749,66893,-1.12,-2.87,8.56,7.6,neutral,籌碼震盪，方向未定,2026-09-30 14:27:30,ok,,ok,FINMIND_TOKEN,eyJ0...py2s,1188,6000,4812,2026-09-30 14:27:41
5340,建榮,3,15.0,2026-09-30,3,1.41,1.41,1.41,1.43,-0.5,84.3,84.3,84.3,84.34,ok,,,-10.0,-33.0,1,,,-1.0,0.0,-1,-1.56,-1.56,-2.37,-2.36,2026-09-30,2026-09-29,2026-09-24,0.0,-15,-15,-17,-18,-1.0,11,11,75,64,1.0,14,14,109,12,0.0,0,0,0,0,0.0,1,1,-45,0,0.0,15,15,64,12,0.0,-229,8130,-2.82,-5.33,1.23,59.0,bearish_distributed,主力連3賣、買賣家數差連3正，籌碼流向散戶風險高,2026-09-30 10:58:36,ok,,ok,FINMIND_TOKEN,eyJ0...py2s,0,6000,6000,2026-09-30 10:58:45
5347,世界,3,15.0,2026-09-30,3,3.43,3.43,3.43,3.06,0.5,165.49,165.49,165.49,163.29,ok,,,620.0,163.0,1,,,65.0,-47.0,1,-5.38,-5.38,13.78,-10.76,2026-09-30,2026-09-29,2026-09-24,0.0,-1282,-1282,4722,-1177,-0.5,15,15,-18,105,0.5,-3154,-3154,3574,-191,0.0,1815,1815,76,149,0.0,-295,-295,539,-142,0.0,-1634,-1634,4189,-184,0.0,6836,114293,5.98,2.37,-18.75,17.6,neutral,籌碼震盪，方向未定,2026-09-30 10:58:39,ok,,ok,FINMIND_TOKEN,eyJ0...py2s,0,6000,6000,2026-09-30 10:58:47
5351,鈺創,3,15.0,2026-09-30,3,3.67,3.67,3.74,3.72,0,113.12,113.12,113.2,113.26,ok,25.0,25.0,-73,66,0,-9.0,-9.0,1,-1,0,-3.26,-3.26,18.57,-23.32,2026-09-30,2026-09-29,2026-09-24,0,-246,-246,636,-1643,-0.5,22,22,-83,103,0.5,684,684,937,-2154,0,-10,-10,70,-60,0,-22,-22,26,28,-1,652,652,1033,-2186,0,-2262,31934,-7.08,-4.31,13.38,33.8,neutral,籌碼震盪，方向未定,2026-09-30 14:27:37,ok,,ok,FINMIND_TOKEN,eyJ0...py2s,1188,6000,4812,2026-09-30 14:27:47
5425,台半,3,15.0,2026-09-30,3,2.44,2.44,2.49,2.35,0,93.63,93.63,93.54,93.47,ok,-68.0,-68.0,-309,238,0,-7.0,-7.0,10,-58,0,3.82,3.82,26.18,-13.87,2026-09-30,2026-09-29,2026-09-24,0.5,272,272,1729,-1400,0.5,7,7,-99,44,0.5,564,564,2293,-1862,0,0,0,0,-21,0.5,-57,-57,22,-41,0,507,507,2315,-1924,0,1869,54344,3.44,6.61,-15.0,-19.6,neutral,籌碼震盪，方向未定,2026-09-30 14:27:37,ok,,ok,FINMIND_TOKEN,eyJ0...py2s,1188,6000,4812,2026-09-30 14:27:48
5439,高技,3,15.0,2026-09-30,3,0.66,0.66,0.65,0.64,0.5,263.96,263.96,264.29,264.37,ok,-111.0,-111.0,7,-15,0,0.0,0.0,1,-2,0,-24.22,-24.22,2.58,-13.02,2026-09-30,2026-09-29,2026-09-24,-0.5,-632,-632,13,-100,-0.5,150,150,74,46,1,-490,-490,45,-141,0,0,0,0,0,0,-7,-7,-15,-1,0,-497,-497,30,-142,0,-594,6630,-8.96,-5.0,-45.99,54.4,neutral,籌碼震盪，方向未定,2026-09-30 14:27:38,ok,,ok,FINMIND_TOKEN,eyJ0...py2s,1188,6000,4812,2026-09-30 14:27:49
5443,均豪,3,15.0,2026-09-30,3,2.63,2.63,2.63,2.36,0.5,111.35,111.35,111.35,111.38,ok,,,-240.0,61.0,-1,,,7.0,3.0,1,-23.07,-23.07,18.87,0.78,2026-09-30,2026-09-29,2026-09-24,0.0,-1332,-1332,390,7,0.5,87,87,-84,37,0.5,-1844,-1844,695,156,0.0,0,0,0,0,0.0,27,27,12,12,0.5,-1817,-1817,707,168,0.0,-1428,11408,-12.52,-7.65,-16.42,46.8,neutral,籌碼震盪，方向未定,2026-09-30 10:58:40,ok,,ok,FINMIND_TOKEN,eyJ0...py2s,0,6000,6000,2026-09-30 10:58:48
5475,德宏,3,15.0,2026-09-30,3,,,,,0.0,,,,,empty,,,0.0,0.0,0,,,0.0,0.0,0,-14.06,-14.06,-2.65,-2.32,2026-09-30,2026-09-29,2026-09-24,0.0,-557,-557,-67,-66,-1.0,72,72,85,32,1.0,50,50,-84,61,0.0,0,0,0,0,0.0,1,1,0,-1,1.0,51,51,-84,60,0.0,-1113,20542,-5.42,-6.39,-8.9,67.6,bearish_distributed,主力連3賣、買賣家數差連3正，籌碼流向散戶風險高,2026-09-30 10:58:41,ok,,ok,FINMIND_TOKEN,eyJ0...py2s,0,6000,6000,2026-09-30 10:58:58
5483,中美晶,3,15.0,2026-09-30,3,3.11,3.11,2.37,2.28,0.5,188.47,188.47,185.22,185.14,ok,263.0,263.0,-420,-476,1,130.0,130.0,6,43,0,31.99,31.99,23.22,11.17,2026-09-30,2026-09-29,2026-09-24,0.5,11976,11976,3073,2083,1,-34,-34,-44,-2,-1,11146,11146,3758,2502,1,-6,-6,-13,-24,1,477,477,103,117,0,11617,11617,3848,2595,1,9166,144722,6.33,10.52,2.07,-10.8,bullish_concentrated,主力連3買、買賣家數差連3負，籌碼偏集中,2026-09-30 14:27:38,ok,,ok,FINMIND_TOKEN,eyJ0...py2s,1188,6000,4812,2026-09-30 14:27:49
5530,龍巖,3,15.0,2026-09-30,3,0.0,0.0,0.0,0.0,0,51.43,51.43,51.44,51.47,ok,-62.0,-62.0,1,-35,0,0.0,0.0,0,0,0,-24.35,-24.35,0.0,-17.95,2026-09-30,2026-09-29,2026-09-24,-0.5,-47,-47,0,-14,-0.5,43,43,7,19,1,-27,-27,2,-14,0,0,0,0,0,0,0,0,0,0,0,-27,-27,2,-14,0,-75,975,-7.69,-9.87,-20.71,21.2,neutral,籌碼震盪，方向未定,2026-09-30 14:27:40,ok,,ok,FINMIND_TOKEN,eyJ0...py2s,1188,6000,4812,2026-09-30 14:27:51
5536,聖暉*,3,15.0,2026-09-30,3,0.25,0.25,0.25,0.33,-0.5,907.09,907.09,907.09,907.26,ok,,,-13.0,-13.0,0,,,-1.0,1.0,-1,8.06,8.06,-12.87,-5.33,2026-09-30,2026-09-29,2026-09-24,0.0,124,124,-91,-40,-0.5,-47,-47,176,116,0.5,-255,-255,-116,1,-1.0,390,390,12,-16,1.0,2,2,-4,8,0.0,137,137,-108,-7,0.0,-1154,6639,-17.38,-14.92,35.91,134.2,neutral,籌碼震盪，方向未定,2026-09-30 10:58:42,ok,,ok,FINMIND_TOKEN,eyJ0...py2s,0,6000,6000,2026-09-30 10:58:50
5864,致和證,3,15.0,2026-09-30,3,0.34,0.34,0.32,0.32,0.5,36.35,36.35,36.11,36.08,ok,381.0,381.0,142,127,1,3.0,3.0,1,-11,1,35.15,35.15,8.39,-32.62,2026-09-30,2026-09-29,2026-09-24,0,1840,1840,149,-637,0.5,-209,-209,12,166,0.5,2067,2067,-319,-965,1,0,0,0,0,0,0,0,0,0,0,2067,2067,-319,-965,1,1182,17257,6.85,3.45,38.95,-18.4,neutral,籌碼震盪，方向未定,2026-09-30 14:27:41,ok,,ok,FINMIND_TOKEN,eyJ0...py2s,1188,6000,4812,2026-09-30 14:27:52
5871,中租-KY,3,15.0,2026-09-30,3,0.08,0.08,0.08,0.08,-0.5,109.93,109.93,109.93,110.0,ok,,,8.0,35.0,-1,,,0.0,-1.0,1,-23.77,-23.77,-29.79,-23.32,2026-09-30,2026-09-29,2026-09-24,-1.0,-1863,-1863,-1490,-1085,-1.0,344,344,374,362,1.0,-2878,-2878,-2344,-1736,-1.0,-7,-7,-33,3,0.0,39,39,24,78,0.0,-2846,-2846,-2353,-1655,-1.0,-14751,42920,-34.37,-31.27,25.53,402.2,bearish_distributed,主力連3賣、買賣家數差連3正，籌碼流向散戶風險高,2026-09-30 10:58:43,ok,,ok,FINMIND_TOKEN,eyJ0...py2s,0,6000,6000,2026-09-30 10:58:56
5876,上海商銀,3,15.0,2026-09-30,3,4.75,4.75,4.75,4.64,0.5,45.74,45.74,45.74,45.7,ok,,,-9.0,-6.0,-1,,,0.0,0.0,0,9.78,9.78,4.89,3.04,2026-09-30,2026-09-29,2026-09-24,0.0,677,677,318,92,1.0,-139,-139,-39,21,-0.5,-25,-25,300,-931,0.0,1099,1099,40,757,0.0,260,260,361,305,0.0,1334,1334,701,131,1.0,2360,26069,9.05,7.89,-10.68,-65.0,bullish_distributed,主力連3買但買賣家數差偏正，可能偏分散,2026-09-30 10:58:45,ok,,ok,FINMIND_TOKEN,eyJ0...py2s,0,6000,6000,2026-09-30 10:58:52
5880,合庫金,3,15.0,2026-09-30,3,1.18,1.18,1.18,1.26,-0.5,26.93,26.93,26.93,26.94,ok,,,2.0,14.0,-1,,,-3.0,-21.0,1,-3.14,-3.14,-12.95,-19.66,2026-09-30,2026-09-29,2026-09-24,-0.5,-564,-564,-2248,-2888,-1.0,92,92,247,281,1.0,-815,-815,-2251,-2072,0.0,100,100,-1,338,0.0,96,96,847,781,0.0,-619,-619,-1405,-953,0.0,-7404,77119,-9.6,-8.76,-4.12,182.6,bearish_distributed,主力連3賣、買賣家數差連3正，籌碼流向散戶風險高,2026-09-30 10:58:47,ok,,ok,FINMIND_TOKEN,eyJ0...py2s,0,6000,6000,2026-09-30 10:58:55
5903,全家,3,15.0,2026-09-30,3,0.0,0.0,0.0,0.0,0,186.23,186.23,186.26,186.24,ok,11.0,11.0,4,28,0,0.0,0.0,0,0,0,5.26,5.26,4.76,22.22,2026-09-30,2026-09-29,2026-09-24,0.5,1,1,1,10,1,16,16,29,-13,0.5,1,1,4,6,-1,0,0,0,0,0,1,1,1,2,-0.5,2,2,5,8,-1,66,144,45.83,15.1,0.92,12.4,bullish_distributed,主力連3買但買賣家數差偏正，可能偏分散,2026-09-30 14:27:47,ok,,ok,FINMIND_TOKEN,eyJ0...py2s,1188,6000,4812,2026-09-30 14:27:57
5904,寶雅*,3,15.0,2026-09-30,3,0.36,0.36,0.28,0.28,0,77.06,77.06,77.12,77.24,ok,3.0,3.0,10,40,-1,5.0,5.0,0,-38,1,5.81,5.81,-20.09,-46.36,2026-09-30,2026-09-29,2026-09-24,-0.5,287,287,-913,-3582,-0.5,109,109,316,337,1,1256,1256,-831,-4354,1,-858,-858,193,83,0,34,34,9,-71,1,432,432,-629,-4342,1,-5956,29210,-20.39,-17.4,30.02,234.6,neutral,籌碼震盪，方向未定,2026-09-30 14:27:48,ok,,ok,FINMIND_TOKEN,eyJ0...py2s,1188,6000,4812,2026-09-30 14:28:02
6005,群益證,3,15.0,2026-09-30,3,0.04,0.04,0.04,0.04,0.5,31.6,31.6,31.6,31.6,ok,,,-84.0,167.0,-1,,,0.0,-1.0,1,4.91,4.91,-31.11,-57.55,2026-09-30,2026-09-29,2026-09-24,-0.5,271,271,-1373,-3648,-0.5,-53,-53,287,388,0.5,1452,1452,-2030,-4358,1.0,0,0,4,-3,0.0,0,0,0,0,0.0,1452,1452,-2026,-4361,1.0,-2379,33610,-7.08,-10.36,-4.38,102.2,neutral,籌碼震盪，方向未定,2026-09-30 10:58:49,ok,,ok,FINMIND_TOKEN,eyJ0...py2s,0,6000,6000,2026-09-30 10:58:56
6016,康和證,3,15.0,2026-09-30,3,0.44,0.44,0.44,0.42,0,22.67,22.67,22.6,22.58,ok,104.0,104.0,-46,189,0,0.0,0.0,1,1,-0.5,34.37,34.37,-15.29,-24.81,2026-09-30,2026-09-29,2026-09-24,-0.5,1832,1832,-360,-774,-0.5,-184,-184,79,151,0.5,2590,2590,118,-625,1,0,0,0,0,0,0,0,0,0,0,2590,2590,118,-625,1,991,22656,4.37,-0.51,41.14,1.6,neutral,籌碼震盪，方向未定,2026-09-30 14:27:49,ok,,ok,FINMIND_TOKEN,eyJ0...py2s,1188,6000,4812,2026-09-30 14:27:59
6023,元大期,3,15.0,2026-09-30,3,0.11,0.11,0.12,0.12,0,84.73,84.73,84.72,84.72,ok,21.0,21.0,-1,18,0,0.0,0.0,0,0,0,-27.98,-27.98,-2.47,-16.41,2026-09-30,2026-09-29,2026-09-24,-0.5,-211,-211,-11,-194,-1,154,154,45,131,1,43,43,159,342,-1,0,0,0,-57,0.5,-35,-35,-15,-22,0,8,8,144,263,-1,-351,3145,-11.16,-5.2,-47.03,61.4,bearish_distributed,主力連3賣、買賣家數差連3正，籌碼流向散戶風險高,2026-09-30 14:27:49,ok,,ok,FINMIND_TOKEN,eyJ0...py2s,1188,6000,4812,2026-09-30 14:27:59
6121,新普,3,15.0,2026-09-30,3,0.0,0.0,0.0,0.0,0,396.84,396.84,397.0,397.43,ok,-11.0,-11.0,0,0,-0.5,0.0,0.0,0,0,0,-17.73,-17.73,9.15,-5.33,2026-09-30,2026-09-29,2026-09-24,-0.5,-72,-72,29,-9,-0.5,175,175,4,85,1,-95,-95,37,-13,0,5,5,2,10,0,-1,-1,3,-8,0,-91,-91,42,-11,0,-117,1797,-6.51,-5.0,-13.65,78.0,neutral,籌碼震盪，方向未定,2026-09-30 14:27:51,ok,,ok,FINMIND_TOKEN,eyJ0...py2s,1188,6000,4812,2026-09-30 14:28:05
6138,茂達,3,15.0,2026-09-30,3,0.31,0.31,0.31,0.31,0.5,298.29,298.29,298.6,298.7,ok,-1.0,-1.0,-1,-12,0.5,0.0,0.0,0,1,-0.5,-16.37,-16.37,9.75,13.65,2026-09-30,2026-09-29,2026-09-24,-0.5,-55,-55,39,34,0.5,116,116,-9,-2,-0.5,-30,-30,140,35,0,20,20,9,20,0,-65,-65,-2,2,-1,-75,-75,147,57,0,59,1809,3.26,2.55,-36.24,27.2,neutral,籌碼震盪，方向未定,2026-09-30 14:27:52,ok,,ok,FINMIND_TOKEN,eyJ0...py2s,1188,6000,4812,2026-09-30 14:28:02
6139,亞翔,3,15.0,2026-09-30,3,0.12,0.12,0.12,0.21,-0.5,769.67,769.67,769.67,771.44,ok,,,284.0,6.0,1,,,-8.0,9.0,-1,21.24,21.24,-37.77,1.21,2026-09-30,2026-09-29,2026-09-24,0.0,716,716,-1322,41,0.5,-52,-52,291,35,0.5,773,773,-1610,100,0.0,-23,-23,-1,-51,0.0,64,64,-114,2,0.0,814,814,-1725,51,0.0,-1119,15660,-7.15,-8.2,44.17,105.0,neutral,籌碼震盪，方向未定,2026-09-30 10:58:50,ok,,ok,FINMIND_TOKEN,eyJ0...py2s,0,6000,6000,2026-09-30 10:58:59
6146,耕興,3,15.0,2026-09-30,3,0.0,0.0,0.0,0.0,0,192.63,192.63,192.65,192.65,ok,-8.0,-8.0,-11,-1,0,0.0,0.0,0,0,0,3.4,3.4,5.19,-2.81,2026-09-30,2026-09-29,2026-09-24,0,7,7,8,-5,0.5,8,8,11,41,1,58,58,48,-3,1,0,0,-1,0,0,-1,-1,0,-1,0,57,57,47,-4,1,18,968,1.86,0.1,9.88,23.0,neutral,籌碼震盪，方向未定,2026-09-30 14:27:57,ok,,ok,FINMIND_TOKEN,eyJ0...py2s,1188,6000,4812,2026-09-30 14:28:06
6147,頎邦,3,15.0,2026-09-30,3,1.36,1.36,1.5,1.54,-0.5,202.41,202.41,202.17,201.98,ok,263.0,263.0,-902,-914,1,-55.0,-55.0,-34,-85,0,-10.72,-10.72,-7.37,-1.78,2026-09-30,2026-09-29,2026-09-24,0,-2263,-2263,-1508,-273,-1,34,34,34,37,1,-1206,-1206,-1155,174,-1,-35,-35,-288,-1,0,14,14,-28,-231,1,-1227,-1227,-1471,-58,0,-12152,150645,-8.07,-7.23,2.07,27.2,bearish_distributed,主力連3賣、買賣家數差連3正，籌碼流向散戶風險高,2026-09-30 14:27:59,ok,,ok,FINMIND_TOKEN,eyJ0...py2s,1188,6000,4812,2026-09-30 14:28:10
6155,鈞寶,3,15.0,2026-09-30,3,3.15,3.15,2.28,1.71,0.5,62.72,62.72,62.66,62.24,ok,-187.0,-187.0,419,91,0,26.0,26.0,28,25,0,-8.6,-8.6,-8.45,11.43,2026-09-30,2026-09-29,2026-09-24,0,-321,-321,-622,430,-0.5,27,27,31,-46,0.5,-197,-197,-1064,537,0,-1,-1,0,0,-0.5,-19,-19,47,-16,0,-217,-217,-1017,521,0,-411,16221,-2.53,0.04,-11.27,3.6,neutral,籌碼震盪，方向未定,2026-09-30 14:27:59,ok,,ok,FINMIND_TOKEN,eyJ0...py2s,1188,6000,4812,2026-09-30 14:28:10
6173,信昌電,3,15.0,2026-09-30,3,6.16,6.16,8.73,8.84,-0.5,289.07,289.07,289.1,288.71,ok,-1660.0,-1660.0,-591,529,-1,-447.0,-447.0,-67,-302,0,-13.64,-13.64,-2.83,1.44,2026-09-30,2026-09-29,2026-09-24,0,-1510,-1510,-199,167,-0.5,81,81,42,1,1,-592,-592,29,-146,0,0,0,0,0,0,-31,-31,-22,24,-1,-623,-623,7,-122,0,-1918,55640,-3.45,-4.07,-11.91,27.0,neutral,籌碼震盪，方向未定,2026-09-30 14:28:02,ok,,ok,FINMIND_TOKEN,eyJ0...py2s,1188,6000,4812,2026-09-30 14:28:13
6182,合晶,3,15.0,2026-09-30,3,1.93,1.93,1.93,2.25,-0.5,115.46,115.46,115.46,114.58,ok,,,7758.0,-3866.0,1,,,-58.0,357.0,-1,11.41,11.41,-9.93,18.32,2026-09-30,2026-09-29,2026-09-24,0.5,17956,17956,-6627,17077,0.5,0,0,-5,-13,-0.5,770,770,-13819,21786,0.0,-2,-2,0,0,-0.5,903,903,-517,-1201,1.0,1671,1671,-14336,20585,0.0,16904,536578,3.15,2.49,0.1,-3.4,neutral,籌碼震盪，方向未定,2026-09-30 10:58:52,ok,,ok,FINMIND_TOKEN,eyJ0...py2s,0,6000,6000,2026-09-30 10:59:01
6187,萬潤,3,15.0,2026-09-30,3,1.19,1.19,1.19,0.51,0.5,1299.48,1299.48,1299.48,1297.44,ok,,,269.0,-8.0,1,,,26.0,-2.0,1,-12.61,-12.61,27.02,-13.75,2026-09-30,2026-09-29,2026-09-24,0.5,-638,-638,945,-148,-0.5,54,54,-233,247,0.5,-976,-976,699,136,0.0,184,184,-82,-251,1.0,6,6,8,1,0.0,-786,-786,625,-114,0.0,33,12494,0.26,-4.83,-3.33,96.8,neutral,籌碼震盪，方向未定,2026-09-30 10:58:55,ok,,ok,FINMIND_TOKEN,eyJ0...py2s,0,6000,6000,2026-09-30 10:59:03
6188,廣明,3,15.0,2026-09-30,3,0.14,0.14,0.15,0.16,-0.5,83.84,83.84,83.88,84.03,ok,-26.0,-26.0,36,-12,0,-1.0,-1.0,-1,0,-0.5,10.24,10.24,-10.6,-1.57,2026-09-30,2026-09-29,2026-09-24,0,68,68,-51,-5,-0.5,-4,-4,73,20,0.5,287,287,-55,8,0,0,0,0,0,0,17,17,-3,-2,0,304,304,-58,6,0,-200,2452,-8.16,-7.26,24.88,58.4,neutral,籌碼震盪，方向未定,2026-09-30 14:28:02,ok,,ok,FINMIND_TOKEN,eyJ0...py2s,1188,6000,4812,2026-09-30 14:28:11
6190,萬泰科,3,15.0,2026-09-30,3,0.75,0.75,0.75,0.78,-0.5,73.05,73.05,73.05,73.1,ok,,,-24.0,-23.0,-1,,,-2.0,1.0,-1,34.43,34.43,4.9,9.51,2026-09-30,2026-09-29,2026-09-24,0.5,680,680,51,98,1.0,-144,-144,22,15,0.5,800,800,259,197,1.0,0,0,0,0,0.0,23,23,-9,-10,1.0,823,823,250,187,1.0,803,7408,10.84,9.84,48.02,5.6,bullish_distributed,主力連3買但買賣家數差偏正，可能偏分散,2026-09-30 10:58:56,ok,,ok,FINMIND_TOKEN,eyJ0...py2s,0,6000,6000,2026-09-30 10:59:04
6196,帆宣,3,15.0,2026-09-30,3,0.62,0.62,0.62,0.63,-0.5,529.54,529.54,529.54,528.71,ok,,,-129.0,59.0,-1,,,-1.0,0.0,-1,33.62,33.62,-23.23,4.01,2026-09-30,2026-09-29,2026-09-24,0.0,1005,1005,-437,61,0.5,-166,-166,217,3,0.5,1107,1107,-338,189,0.0,0,0,0,0,0.0,21,21,-8,-32,1.0,1128,1128,-346,157,0.0,1128,9386,12.02,9.91,15.77,-25.8,neutral,籌碼震盪，方向未定,2026-09-30 10:58:56,ok,,ok,FINMIND_TOKEN,eyJ0...py2s,0,6000,6000,2026-09-30 10:59:05
6207,雷科,3,15.0,2026-09-30,3,24.35,24.35,16.81,5.78,0.5,124.31,124.31,120.43,116.1,ok,107.0,107.0,119,385,-1,511.0,511.0,716,132,0,9.66,9.66,7.11,33.02,2026-09-30,2026-09-29,2026-09-24,0.5,2010,2010,1650,3993,1,-34,-34,0,-111,-0.5,-1753,-1753,-486,2424,-1,0,0,0,0,0,85,85,-2,232,0,-1668,-1668,-488,2656,-1,7507,64151,11.7,8.33,10.65,-13.0,neutral,籌碼震盪，方向未定,2026-09-30 14:28:05,ok,,ok,FINMIND_TOKEN,eyJ0...py2s,1188,6000,4812,2026-09-30 14:28:16
6213,聯茂,3,15.0,2026-09-30,3,5.27,5.27,5.27,5.44,-0.5,530.93,530.93,530.93,518.4,ok,,,428.0,531.0,-1,,,-9.0,105.0,-1,-4.78,-4.78,-10.18,30.45,2026-09-30,2026-09-29,2026-09-24,0.5,-1127,-1127,-2797,5115,-0.5,8,8,8,-491,0.5,-938,-938,420,833,-1.0,367,367,181,600,0.0,-18,-18,-403,368,0.0,-589,-589,198,1801,-1.0,2430,100719,2.41,4.12,-11.62,-92.0,neutral,籌碼震盪，方向未定,2026-09-30 10:58:59,ok,,ok,FINMIND_TOKEN,eyJ0...py2s,0,6000,6000,2026-09-30 10:59:07
6217,中探針,3,15.0,2026-09-30,3,1.95,1.95,1.95,1.75,0.5,206.87,206.87,206.87,207.36,ok,,,48.0,-36.0,1,,,29.0,-50.0,1,13.44,13.44,13.79,1.59,2026-09-30,2026-09-29,2026-09-24,0.0,426,426,242,23,1.0,-39,-39,-18,62,-0.5,630,630,216,35,1.0,0,0,0,0,0.0,1,1,0,-1,1.0,631,631,216,34,1.0,-162,11752,-1.38,-1.1,35.52,63.8,bullish_distributed,主力連3買但買賣家數差偏正，可能偏分散,2026-09-30 10:58:59,ok,,ok,FINMIND_TOKEN,eyJ0...py2s,0,6000,6000,2026-09-30 10:59:07
6223,旺矽,3,15.0,2026-09-30,3,0.59,0.59,0.59,0.76,-0.5,5530.08,5530.08,5530.08,5540.19,ok,,,16.0,19.0,-1,,,-2.0,0.0,-1,-15.22,-15.22,-16.33,-23.76,2026-09-30,2026-09-29,2026-09-24,-1.0,-159,-159,-184,-139,-1.0,310,310,397,316,1.0,263,263,194,-78,1.0,-480,-480,-398,-84,-1.0,16,16,15,-12,1.0,-201,-201,-189,-174,-1.0,-533,6123,-8.7,-9.47,-4.34,223.2,bearish_distributed,主力連3賣、買賣家數差連3正，籌碼流向散戶風險高,2026-09-30 10:59:01,ok,,ok,FINMIND_TOKEN,eyJ0...py2s,0,6000,6000,2026-09-30 10:59:10
6239,力成,3,15.0,2026-09-30,3,0.33,0.33,0.33,0.42,-0.5,279.37,279.37,279.37,279.32,ok,,,281.0,-133.0,1,,,-18.0,-7.0,-1,15.48,15.48,-47.41,-15.83,2026-09-30,2026-09-29,2026-09-24,-0.5,2238,2238,-3217,-849,-0.5,-28,-28,228,103,0.5,1848,1848,-3712,-652,0.0,5,5,27,0,0.0,378,378,-52,-47,0.0,2231,2231,-3737,-699,0.0,-1955,55469,-3.52,-11.44,13.14,79.0,neutral,籌碼震盪，方向未定,2026-09-30 10:59:03,ok,,ok,FINMIND_TOKEN,eyJ0...py2s,0,6000,6000,2026-09-30 10:59:13
6243,迅杰,3,15.0,2026-09-30,3,1.22,1.22,1.22,1.36,-0.5,44.06,44.06,44.06,44.1,ok,,,7.0,0.0,1,,,-2.0,-18.0,1,7.98,7.98,-13.81,-36.37,2026-09-30,2026-09-29,2026-09-24,-0.5,32,32,-50,-642,-0.5,-10,-10,35,192,0.5,54,54,-19,-574,1.0,0,0,0,0,0.0,0,0,0,0,0.0,54,54,-19,-574,1.0,-132,4336,-3.04,-2.47,7.28,17.8,neutral,籌碼震盪，方向未定,2026-09-30 10:59:04,ok,,ok,FINMIND_TOKEN,eyJ0...py2s,0,6000,6000,2026-09-30 10:59:11
6257,矽格,3,15.0,2026-09-30,3,0.82,0.82,0.82,1.05,-0.5,233.3,233.3,233.3,233.14,ok,,,318.0,323.0,-1,,,-24.0,-48.0,1,22.12,22.12,-27.93,-26.52,2026-09-30,2026-09-29,2026-09-24,-0.5,4833,4833,-1761,-3067,-0.5,-16,-16,181,98,0.5,3351,3351,-2126,-3686,1.0,70,70,22,0,1.0,-39,-39,-101,-249,1.0,3382,3382,-2205,-3935,1.0,5472,75421,7.26,-1.41,0.71,47.0,neutral,籌碼震盪，方向未定,2026-09-30 10:59:05,ok,,ok,FINMIND_TOKEN,eyJ0...py2s,0,6000,6000,2026-09-30 10:59:13
6274,台燿,3,15.0,2026-09-30,3,0.54,0.54,0.54,0.47,0.5,1430.84,1430.84,1430.84,1428.8,ok,,,175.0,701.0,-1,,,12.0,5.0,1,8.85,8.85,-11.17,-2.51,2026-09-30,2026-09-29,2026-09-24,0.0,555,555,-662,-264,-0.5,-42,-42,78,-5,-0.5,659,659,-156,-711,1.0,-59,-59,-312,-62,0.0,31,31,20,196,0.0,631,631,-448,-577,1.0,-744,41368,-1.8,-0.65,16.78,5.6,neutral,籌碼震盪，方向未定,2026-09-30 10:59:07,ok,,ok,FINMIND_TOKEN,eyJ0...py2s,0,6000,6000,2026-09-30 10:59:15
6278,台表科,3,15.0,2026-09-30,3,1.48,1.48,1.48,1.37,0.5,201.03,201.03,201.03,198.05,ok,,,1101.0,-371.0,1,,,27.0,9.0,1,13.88,13.88,3.55,-6.33,2026-09-30,2026-09-29,2026-09-24,0.0,1230,1230,401,-425,0.5,-46,-46,-36,62,-0.5,1511,1511,269,-274,1.0,-69,-69,-159,-55,0.0,-185,-185,115,332,-1.0,1257,1257,225,3,1.0,4390,60036,7.31,8.35,-27.41,-43.4,neutral,籌碼震盪，方向未定,2026-09-30 10:59:07,ok,,ok,FINMIND_TOKEN,eyJ0...py2s,0,6000,6000,2026-09-30 10:59:18
6282,康舒,3,15.0,2026-09-30,3,0.14,0.14,0.14,0.14,0.5,51.41,51.41,51.41,51.44,ok,,,-64.0,-48.0,-1,,,0.0,-11.0,1,-16.33,-16.33,0.51,-2.56,2026-09-30,2026-09-29,2026-09-24,-0.5,-1154,-1154,13,-62,-0.5,52,52,85,96,1.0,-975,-975,-77,-38,-1.0,-32,-32,-10,0,-1.0,-108,-108,-103,7,-1.0,-1115,-1115,-190,-31,-1.0,-3633,21807,-16.66,-12.25,-5.1,96.6,neutral,籌碼震盪，方向未定,2026-09-30 10:59:10,ok,,ok,FINMIND_TOKEN,eyJ0...py2s,0,6000,6000,2026-09-30 10:59:18
6285,啟碁,3,15.0,2026-09-30,3,0.33,0.33,0.33,0.38,-0.5,248.27,248.27,248.27,248.44,ok,,,19.0,-159.0,1,,,-7.0,6.0,-1,16.42,16.42,-18.12,24.97,2026-09-30,2026-09-29,2026-09-24,0.5,361,361,-500,1264,0.5,-25,-25,247,-132,-0.5,431,431,-885,1220,0.0,-4,-4,2,2,-0.5,52,52,-122,433,0.0,479,479,-1005,1655,0.0,1137,15460,7.35,3.53,12.04,50.8,neutral,籌碼震盪，方向未定,2026-09-30 10:59:11,ok,,ok,FINMIND_TOKEN,eyJ0...py2s,0,6000,6000,2026-09-30 10:59:19
6290,良維,3,15.0,2026-09-30,3,0.23,0.23,0.26,0.29,-0.5,264.04,264.04,263.14,263.06,ok,396.0,396.0,-193,-76,0,-3.0,-3.0,-6,-19,1,-2.21,-2.21,-10.67,-7.08,2026-09-30,2026-09-29,2026-09-24,0,-75,-75,-177,-142,-1,-31,-31,158,61,0.5,-173,-173,-14,-75,0,0,0,0,0,0,140,140,-79,30,0,-33,-33,-93,-45,0,-680,13793,-4.93,-7.74,3.42,69.0,bearish,主力連3賣，籌碼偏弱,2026-09-30 14:28:06,ok,,ok,FINMIND_TOKEN,eyJ0...py2s,1188,6000,4812,2026-09-30 14:28:17
6291,沛亨,3,15.0,2026-09-30,3,0.66,0.66,0.66,0.5,0.5,486.7,486.7,486.7,486.09,ok,,,-13.0,-108.0,1,,,3.0,-14.0,1,-4.82,-4.82,3.09,-15.04,2026-09-30,2026-09-29,2026-09-24,-0.5,-45,-45,23,-122,-0.5,3,3,29,175,1.0,-43,-43,-8,-8,-0.5,20,20,10,23,0.0,14,14,31,8,0.0,-9,-9,33,23,0.0,-234,4964,-4.71,-5.15,5.74,88.6,neutral,籌碼震盪，方向未定,2026-09-30 10:59:13,ok,,ok,FINMIND_TOKEN,eyJ0...py2s,0,6000,6000,2026-09-30 10:59:21
6412,群電,3,15.0,2026-09-30,3,0.07,0.07,0.07,0.07,-0.5,86.89,86.89,86.89,87.03,ok,,,18.0,-23.0,1,,,0.0,0.0,0,8.7,8.7,-13.93,-8.46,2026-09-30,2026-09-29,2026-09-24,0.0,26,26,-61,-27,-0.5,11,11,93,49,1.0,26,26,-28,-23,0.0,0,0,0,0,0.0,5,5,-22,-14,0.0,31,31,-50,-37,0.0,-105,1596,-6.58,-6.51,20.18,42.0,neutral,籌碼震盪，方向未定,2026-09-30 10:59:13,ok,,ok,FINMIND_TOKEN,eyJ0...py2s,0,6000,6000,2026-09-30 10:59:21
6415,矽力*-KY,3,15.0,2026-09-30,3,1.35,1.35,1.35,1.33,0.5,461.62,461.62,461.62,463.04,ok,,,78.0,15.0,1,,,2.0,-2.0,1,-19.55,-19.55,-15.33,-3.43,2026-09-30,2026-09-29,2026-09-24,-0.5,-357,-357,-493,-52,-1.0,245,245,303,160,1.0,-353,-353,58,-72,0.0,23,23,-133,10,0.0,9,9,-8,-3,0.0,-321,-321,-83,-65,-1.0,-577,9627,-5.99,-4.38,-45.27,134.0,bearish_distributed,主力連3賣、買賣家數差連3正，籌碼流向散戶風險高,2026-09-30 10:59:18,ok,,ok,FINMIND_TOKEN,eyJ0...py2s,0,6000,6000,2026-09-30 10:59:27
6442,光聖,3,15.0,2026-09-30,3,0.19,0.19,0.19,0.37,-0.5,1621.55,1621.55,1621.55,1623.68,ok,,,21.0,-15.0,1,,,-7.0,4.0,-1,-27.89,-27.89,-19.27,-3.46,2026-09-30,2026-09-29,2026-09-24,-0.5,-371,-371,-164,-31,-1.0,301,301,317,179,1.0,18,18,-242,149,0.0,-372,-372,0,-179,0.0,-1,-1,-8,12,0.0,-355,-355,-250,-18,-1.0,-756,5642,-13.4,-15.04,-8.37,250.0,bearish_distributed,主力連3賣、買賣家數差連3正，籌碼流向散戶風險高,2026-09-30 10:59:18,ok,,ok,FINMIND_TOKEN,eyJ0...py2s,0,6000,6000,2026-09-30 10:59:26
6446,藥華藥,3,15.0,2026-09-30,3,0.2,0.2,0.2,0.2,0.5,1238.31,1238.31,1238.31,1239.2,ok,,,-64.0,44.0,-1,,,0.0,-1.0,1,-4.04,-4.04,3.41,-25.82,2026-09-30,2026-09-29,2026-09-24,-0.5,-68,-68,76,-377,-0.5,92,92,62,333,1.0,2,2,51,-422,0.0,-4,-4,0,-16,0.0,5,5,-105,1,0.0,3,3,-54,-437,1.0,-884,10871,-8.13,-8.86,2.02,164.4,neutral,籌碼震盪，方向未定,2026-09-30 10:59:19,ok,,ok,FINMIND_TOKEN,eyJ0...py2s,0,6000,6000,2026-09-30 10:59:28
6451,訊芯-KY,3,15.0,2026-09-30,3,0.97,0.97,0.97,0.91,0.5,447.42,447.42,447.42,447.7,ok,,,33.0,18.0,1,,,6.0,-5.0,1,-1.48,-1.48,-2.19,-15.61,2026-09-30,2026-09-29,2026-09-24,-0.5,-18,-18,-18,-155,-1.0,80,80,47,214,1.0,57,57,-39,-104,1.0,0,0,0,0,0.0,12,12,1,-9,1.0,69,69,-38,-113,1.0,-584,6481,-9.01,-8.21,4.07,132.4,bearish_distributed,主力連3賣、買賣家數差連3正，籌碼流向散戶風險高,2026-09-30 10:59:21,ok,,ok,FINMIND_TOKEN,eyJ0...py2s,0,6000,6000,2026-09-30 10:59:29
6488,環球晶,3,15.0,2026-09-30,3,2.38,2.38,2.38,3.28,-0.5,964.06,964.06,964.06,964.9,ok,,,171.0,342.0,-1,,,-140.0,135.0,-1,25.42,25.42,-7.27,-22.49,2026-09-30,2026-09-29,2026-09-24,0.0,4770,4770,-666,-2177,-0.5,-40,-40,59,81,0.5,3776,3776,-759,-2362,1.0,-112,-112,-45,-11,-1.0,90,90,53,-238,1.0,3754,3754,-751,-2611,1.0,1533,85100,1.8,0.03,7.09,18.0,neutral,籌碼震盪，方向未定,2026-09-30 10:59:21,ok,,ok,FINMIND_TOKEN,eyJ0...py2s,0,6000,6000,2026-09-30 10:59:30
6505,台塑化,3,15.0,2026-09-30,3,12.23,12.23,12.23,6.61,0.5,84.27,84.27,84.27,82.5,ok,,,-1783.0,165.0,-1,,,198.0,-11.0,1,19.77,19.77,33.54,2.85,2026-09-30,2026-09-29,2026-09-24,0.5,7499,7499,13614,308,1.0,-39,-39,-78,-56,-1.0,3074,3074,8411,275,0.0,6162,6162,8088,97,0.0,289,289,60,35,1.0,9525,9525,16559,407,0.0,22787,118641,19.21,14.9,20.01,-46.8,bullish_concentrated,主力連3買、買賣家數差連3負，籌碼偏集中,2026-09-30 10:59:24,ok,,ok,FINMIND_TOKEN,eyJ0...py2s,0,6000,6000,2026-09-30 10:59:33
6510,精測,3,15.0,2026-09-30,3,0.79,0.79,0.79,0.7,0.5,3395.82,3395.82,3395.82,3406.93,ok,,,3.0,0.0,1,,,1.0,-6.0,1,-17.66,-17.66,-18.47,-18.12,2026-09-30,2026-09-29,2026-09-24,-1.0,-183,-183,-142,-193,-1.0,357,357,374,345,1.0,101,101,60,26,1.0,-228,-228,-71,-131,0.0,22,22,-11,31,0.0,-105,-105,-22,-74,0.0,-703,6021,-11.68,-13.65,-23.74,248.2,bearish_distributed,主力連3賣、買賣家數差連3正，籌碼流向散戶風險高,2026-09-30 10:59:26,ok,,ok,FINMIND_TOKEN,eyJ0...py2s,0,6000,6000,2026-09-30 10:59:34
6515,穎崴,3,15.0,2026-09-30,3,1.69,1.69,1.69,1.7,-0.5,6563.12,6563.12,6563.12,6578.43,ok,,,3.0,12.0,-1,,,0.0,0.0,0,3.14,3.14,-22.08,-28.38,2026-09-30,2026-09-29,2026-09-24,-0.5,15,15,-85,-126,-0.5,71,71,416,361,1.0,-14,-14,-41,-116,1.0,-9,-9,-68,-36,0.0,10,10,-1,-5,1.0,-13,-13,-110,-157,1.0,-418,3494,-11.96,-12.17,22.1,228.6,neutral,籌碼震盪，方向未定,2026-09-30 10:59:27,ok,,ok,FINMIND_TOKEN,eyJ0...py2s,0,6000,6000,2026-09-30 10:59:36
6526,達發,3,15.0,2026-09-30,3,2.93,2.93,2.93,0.93,0.5,783.96,783.96,783.96,781.7,ok,,,-230.0,-127.0,-1,,,36.0,-7.0,1,1.62,1.62,-4.22,-6.43,2026-09-30,2026-09-29,2026-09-24,0.0,16,16,-75,-294,-0.5,-65,-65,107,36,0.5,35,35,212,916,-1.0,-19,-19,0,92,-1.0,5,5,-6,29,0.0,21,21,206,1037,-1.0,2348,16995,13.82,9.62,-23.26,-53.8,neutral,籌碼震盪，方向未定,2026-09-30 10:59:28,ok,,ok,FINMIND_TOKEN,eyJ0...py2s,0,6000,6000,2026-09-30 10:59:36
6531,愛普*,3,15.0,2026-09-30,3,1.0,1.0,1.0,1.62,-0.5,928.57,928.57,928.57,928.53,ok,,,-57.0,54.0,-1,,,-34.0,-2.0,-1,-11.7,-11.7,-30.11,-1.03,2026-09-30,2026-09-29,2026-09-24,-0.5,-248,-248,-1417,-32,-1.0,117,117,249,28,1.0,-221,-221,-1394,-112,0.0,-4,-4,-5,66,0.0,-11,-11,-97,-15,0.0,-236,-236,-1496,-61,0.0,-1053,15797,-6.67,-6.57,0.85,60.4,bearish_distributed,主力連3賣、買賣家數差連3正，籌碼流向散戶風險高,2026-09-30 10:59:29,ok,,ok,FINMIND_TOKEN,eyJ0...py2s,0,6000,6000,2026-09-30 10:59:41
6547,高端疫苗,3,15.0,2026-09-30,3,7.41,7.41,6.92,7.16,0,56.17,56.17,56.09,56.05,ok,-113.0,-113.0,-9,155,-1,52.0,52.0,-31,0,0,26.48,26.48,10.44,-17.39,2026-09-30,2026-09-29,2026-09-24,0,988,988,298,-439,0.5,-141,-141,-67,102,-0.5,1692,1692,740,-752,1,0,0,0,0,0,-82,-82,-95,16,0,1610,1610,645,-736,1,2032,15679,12.96,10.17,27.51,-47.6,neutral,籌碼震盪，方向未定,2026-09-30 14:28:10,ok,,ok,FINMIND_TOKEN,eyJ0...py2s,1188,6000,4812,2026-09-30 14:28:20
6548,長科*,3,15.0,2026-09-30,3,0.57,0.57,0.57,0.56,0.5,74.8,74.8,74.83,74.85,ok,-22.0,-22.0,-63,74,0,0.0,0.0,0,0,0,4.55,4.55,17.78,-10.89,2026-09-30,2026-09-29,2026-09-24,0.5,46,46,155,-150,0.5,19,19,-29,109,0.5,65,65,310,-64,0,-3,-3,-6,-4,0,19,19,15,-113,1,81,81,319,-181,0,61,7311,0.83,2.73,-9.39,27.2,neutral,籌碼震盪，方向未定,2026-09-30 14:28:10,ok,,ok,FINMIND_TOKEN,eyJ0...py2s,1188,6000,4812,2026-09-30 14:28:20
6561,是方,3,15.0,2026-09-30,3,0.0,0.0,0.0,0.0,0,334.39,334.39,334.99,334.99,ok,3.0,3.0,-1,-2,1,0.0,0.0,0,0,0,-27.45,-27.45,-10.61,-32.93,2026-09-30,2026-09-29,2026-09-24,-0.5,-28,-28,-14,-27,-1,113,113,116,131,1,-46,-46,-17,-16,-1,0,0,-6,0,0,7,7,12,5,0,-39,-39,-11,-11,-0.5,-72,427,-16.86,-20.61,-12.07,104.2,bearish_distributed,主力連3賣、買賣家數差連3正，籌碼流向散戶風險高,2026-09-30 14:28:11,ok,,ok,FINMIND_TOKEN,eyJ0...py2s,1188,6000,4812,2026-09-30 14:28:21
6584,南俊國際,3,15.0,2026-09-30,3,0.43,0.43,0.54,0.55,-0.5,609.45,609.45,610.44,611.7,ok,-5.0,-5.0,32,24,0,-2.0,-2.0,0,1,-1,-18.18,-18.18,-11.3,-15.06,2026-09-30,2026-09-29,2026-09-24,-0.5,-32,-32,-20,-36,-1,142,142,151,182,1,-25,-25,-38,-28,0,0,0,0,0,0,-1,-1,-1,-2,0.5,-26,-26,-39,-30,0,-201,1262,-15.93,-17.38,2.45,179.6,bearish_distributed,主力連3賣、買賣家數差連3正，籌碼流向散戶風險高,2026-09-30 14:28:13,ok,,ok,FINMIND_TOKEN,eyJ0...py2s,1188,6000,4812,2026-09-30 14:28:22
6613,朋億*,3,15.0,2026-09-30,3,0.35,0.35,0.36,0.36,0,277.36,277.36,277.5,277.52,ok,23.0,23.0,-2,-4,1,0.0,0.0,0,0,0,15.67,15.67,17.27,0.0,2026-09-30,2026-09-29,2026-09-24,0.5,34,34,24,0,0.5,-36,-36,-10,11,-0.5,35,35,38,52,-1,0,0,0,0,0,1,1,0,-4,1,36,36,38,48,-1,115,980,11.73,9.86,11.72,0.0,neutral,籌碼震盪，方向未定,2026-09-30 14:28:16,ok,,ok,FINMIND_TOKEN,eyJ0...py2s,1188,6000,4812,2026-09-30 14:28:25
6617,共信-KY,3,15.0,2026-09-30,3,0.59,0.59,0.6,0.68,-0.5,128.85,128.85,128.6,128.33,ok,34.0,34.0,70,-46,0,0.0,0.0,-1,0,0,-1.15,-1.15,-4.6,-24.51,2026-09-30,2026-09-29,2026-09-24,-0.5,-8,-8,-19,-138,-1,3,3,65,100,1,39,39,-24,-93,1,0,0,0,0,0,0,0,1,0,0,39,39,-23,-93,1,-40,3437,-1.16,-5.7,-5.8,40.8,bearish_distributed,主力連3賣、買賣家數差連3正，籌碼流向散戶風險高,2026-09-30 14:28:17,ok,,ok,FINMIND_TOKEN,eyJ0...py2s,1188,6000,4812,2026-09-30 14:28:26
6620,漢達,3,15.0,2026-09-30,3,0.27,0.27,0.22,0.22,0.5,127.33,127.33,125.35,124.59,ok,1072.0,1072.0,423,-126,1,8.0,8.0,1,-6,1,-6.99,-6.99,1.02,-8.34,2026-09-30,2026-09-29,2026-09-24,0,-515,-515,30,-227,-0.5,16,16,-68,108,0.5,-899,-899,-126,92,-1,0,0,0,0,0,105,105,101,106,0,-794,-794,-25,198,-1,-1421,21174,-6.71,-6.24,-2.56,42.0,neutral,籌碼震盪，方向未定,2026-09-30 14:28:20,ok,,ok,FINMIND_TOKEN,eyJ0...py2s,1188,6000,4812,2026-09-30 14:28:30
6640,均華,3,15.0,2026-09-30,3,0.43,0.43,0.43,0.45,-0.5,1129.71,1129.71,1129.71,1137.47,ok,,,30.0,-14.0,1,,,0.0,-1.0,1,-17.92,-17.92,-3.18,-26.59,2026-09-30,2026-09-29,2026-09-24,-0.5,-50,-50,-14,-88,-1.0,113,113,59,269,1.0,-61,-61,99,-48,0.0,0,0,-80,0,0.0,-8,-8,19,-4,0.0,-69,-69,38,-52,0.0,-286,2007,-14.25,-14.2,9.27,167.2,bearish_distributed,主力連3賣、買賣家數差連3正，籌碼流向散戶風險高,2026-09-30 10:59:30,ok,,ok,FINMIND_TOKEN,eyJ0...py2s,0,6000,6000,2026-09-30 10:59:39
6643,M31,3,15.0,2026-09-30,3,2.27,2.27,2.27,3.77,-0.5,482.86,482.86,482.86,480.79,ok,,,56.0,96.0,-1,,,-31.0,12.0,-1,18.41,18.41,-14.92,7.19,2026-09-30,2026-09-29,2026-09-24,0.5,495,495,-241,229,0.5,-100,-100,80,-78,-0.5,61,61,-275,221,0.0,0,0,-11,10,0.0,154,154,-3,79,0.0,215,215,-289,310,0.0,439,10347,4.24,1.15,18.36,-10.2,neutral,籌碼震盪，方向未定,2026-09-30 10:59:33,ok,,ok,FINMIND_TOKEN,eyJ0...py2s,0,6000,6000,2026-09-30 10:59:41
6664,群翊,3,15.0,2026-09-30,3,0.3,0.3,0.3,0.15,0.5,367.38,367.38,367.38,367.31,ok,,,-11.0,-14.0,1,,,2.0,0.0,1,13.71,13.71,22.18,20.32,2026-09-30,2026-09-29,2026-09-24,0.5,115,115,130,63,1.0,-58,-58,-100,-58,-1.0,115,115,208,103,0.0,0,0,0,0,0.0,4,4,34,9,0.0,119,119,242,112,0.0,390,2130,18.31,15.27,-5.78,-39.4,bullish_concentrated,主力連3買、買賣家數差連3負，籌碼偏集中,2026-09-30 10:59:35,ok,,ok,FINMIND_TOKEN,eyJ0...py2s,0,6000,6000,2026-09-30 10:59:42
6669,緯穎,3,15.0,2026-09-30,3,29.85,29.85,29.85,29.64,0.5,3032.75,3032.75,3032.75,3045.28,ok,,,-44.0,9.0,-1,,,-5.0,14.0,-1,-24.83,-24.83,-10.04,-20.15,2026-09-30,2026-09-29,2026-09-24,-0.5,-468,-468,-165,-555,-1.0,263,263,205,217,1.0,-589,-589,-170,46,-1.0,-9,-9,-91,-536,1.0,-24,-24,-9,-47,0.0,-622,-622,-270,-537,0.0,-2830,15004,-18.86,-18.89,-1.3,204.4,bearish_distributed,主力連3賣、買賣家數差連3正，籌碼流向散戶風險高,2026-09-30 10:59:36,ok,,ok,FINMIND_TOKEN,eyJ0...py2s,0,6000,6000,2026-09-30 10:59:44
6672,騰輝電子-KY,3,15.0,2026-09-30,3,0.75,0.75,0.75,1.07,-0.5,304.73,304.73,304.73,300.02,ok,,,175.0,493.0,-1,,,-20.0,41.0,-1,20.41,20.41,-15.82,22.47,2026-09-30,2026-09-29,2026-09-24,0.5,1686,1686,-1293,3440,0.5,-139,-139,80,-52,-0.5,555,555,-900,2856,0.0,-1,-1,0,-3,0.0,171,171,-48,88,0.0,725,725,-948,2941,0.0,3666,39994,9.17,4.75,45.53,-5.4,neutral,籌碼震盪，方向未定,2026-09-30 10:59:36,ok,,ok,FINMIND_TOKEN,eyJ0...py2s,0,6000,6000,2026-09-30 10:59:44
6683,雍智科技,3,15.0,2026-09-30,3,1.82,1.82,1.82,1.85,-0.5,1505.19,1505.19,1505.19,1506.11,ok,,,-4.0,-219.0,1,,,-1.0,-1.0,0,-8.31,-8.31,-13.64,-14.72,2026-09-30,2026-09-29,2026-09-24,0.0,-102,-102,-105,-116,-1.0,91,91,283,282,1.0,-297,-297,120,106,0.0,0,0,25,-4,0.0,2,2,15,3,0.0,-295,-295,160,105,0.0,-410,5493,-7.46,-9.92,0.4,198.8,bearish_distributed,主力連3賣、買賣家數差連3正，籌碼流向散戶風險高,2026-09-30 10:59:39,ok,,ok,FINMIND_TOKEN,eyJ0...py2s,0,6000,6000,2026-09-30 10:59:46
6691,洋基工程,3,15.0,2026-09-30,3,0.16,0.16,0.16,0.16,-0.5,626.18,626.18,626.18,625.31,ok,,,9.0,23.0,-1,,,0.0,-1.0,1,40.19,40.19,-14.75,29.48,2026-09-30,2026-09-29,2026-09-24,0.5,1036,1036,-136,217,0.5,-284,-284,181,-71,-0.5,957,957,-111,201,0.0,57,57,-27,0,0.0,50,50,-14,-5,0.0,1064,1064,-152,196,0.0,1129,5299,21.31,12.34,38.32,-10.2,neutral,籌碼震盪，方向未定,2026-09-30 10:59:41,ok,,ok,FINMIND_TOKEN,eyJ0...py2s,0,6000,6000,2026-09-30 10:59:49
6693,廣閎科,3,15.0,2026-09-30,3,1.0,1.0,1.0,0.82,0.5,195.53,195.53,195.53,191.83,ok,,,304.0,556.0,-1,,,11.0,23.0,-1,-3.79,-3.79,-8.55,-20.46,2026-09-30,2026-09-29,2026-09-24,-0.5,-116,-116,-336,-1566,-1.0,71,71,6,81,1.0,-211,-211,-603,-1694,1.0,0,0,0,0,0.0,-183,-183,-11,167,-1.0,-394,-394,-614,-1527,1.0,-1099,18203,-6.04,0.11,-10.96,-6.8,bearish_distributed,主力連3賣、買賣家數差連3正，籌碼流向散戶風險高,2026-09-30 10:59:41,ok,,ok,FINMIND_TOKEN,eyJ0...py2s,0,6000,6000,2026-09-30 10:59:49
6739,竹陞科技,3,15.0,2026-09-30,3,0.1,0.1,0.1,0.1,0,1147.68,1147.68,1147.88,1148.16,ok,2.0,2.0,-6,-1,0,0.0,0.0,0,0,0,8.98,8.98,10.99,-2.47,2026-09-30,2026-09-29,2026-09-24,0,23,23,20,-4,0.5,49,49,15,79,1,-18,-18,-23,-29,1,0,0,0,0,0,-10,-10,-2,12,-1,-28,-28,-25,-17,-1,-70,1085,-6.45,-4.27,25.65,99.8,neutral,籌碼震盪，方向未定,2026-09-30 14:28:20,ok,,ok,FINMIND_TOKEN,eyJ0...py2s,1188,6000,4812,2026-09-30 14:28:29
6770,力積電,3,15.0,2026-09-30,3,1.57,1.57,1.57,1.07,0.5,70.99,70.99,70.99,70.97,ok,,,-2384.0,3750.0,-1,,,616.0,-557.0,1,41.18,41.18,20.11,-41.89,2026-09-30,2026-09-29,2026-09-24,0.5,56393,56393,12738,-40035,0.5,-5,-5,-11,22,-0.5,58591,58591,15264,-42587,1.0,28,28,4,-4,1.0,3177,3177,307,-2225,1.0,61796,61796,15575,-44816,1.0,58311,510472,11.42,8.85,36.02,1.8,neutral,籌碼震盪，方向未定,2026-09-30 10:59:42,ok,,ok,FINMIND_TOKEN,eyJ0...py2s,0,6000,6000,2026-09-30 10:59:52
6789,采鈺,3,15.0,2026-09-30,3,0.5,0.5,0.5,0.44,0.5,482.71,482.71,482.71,482.75,ok,,,-54.0,1.0,-1,,,3.0,-9.0,1,16.49,16.49,11.92,-8.35,2026-09-30,2026-09-29,2026-09-24,0.5,410,410,110,-72,0.5,-97,-97,-39,200,-0.5,143,143,74,-149,1.0,1,1,2,-2,0.0,69,69,15,-8,1.0,213,213,91,-159,1.0,402,7403,5.43,2.25,14.09,31.2,neutral,籌碼震盪，方向未定,2026-09-30 10:59:44,ok,,ok,FINMIND_TOKEN,eyJ0...py2s,0,6000,6000,2026-09-30 10:59:52
6803,崑鼎,3,15.0,2026-09-30,3,0.0,0.0,0.0,0.0,0,270.5,270.5,270.79,271.33,ok,3.0,3.0,4,1,0,0.0,0.0,0,0,0,-5.41,-5.41,-11.96,-16.0,2026-09-30,2026-09-29,2026-09-24,-0.5,-2,-2,-11,-4,-1,86,86,152,79,1,-9,-9,-8,-3,-1,0,0,0,0,0,0,0,0,1,-0.5,-9,-9,-8,-2,-1,-44,274,-16.06,-14.06,11.52,105.8,bearish_distributed,主力連3賣、買賣家數差連3正，籌碼流向散戶風險高,2026-09-30 14:28:21,ok,,ok,FINMIND_TOKEN,eyJ0...py2s,1188,6000,4812,2026-09-30 14:28:32
6805,富世達,3,15.0,2026-09-30,3,3.06,3.06,3.06,4.19,-0.5,2196.56,2196.56,2196.56,2171.12,ok,,,35.0,22.0,1,,,-25.0,-10.0,-1,-4.37,-4.37,1.92,-8.42,2026-09-30,2026-09-29,2026-09-24,0.0,-103,-103,20,-88,-0.5,33,33,79,85,1.0,315,315,123,7,1.0,-53,-53,-111,-121,1.0,-17,-17,-4,-23,0.0,245,245,8,-137,1.0,412,8911,4.62,3.07,-18.15,-32.0,neutral,籌碼震盪，方向未定,2026-09-30 10:59:45,ok,,ok,FINMIND_TOKEN,eyJ0...py2s,0,6000,6000,2026-09-30 10:59:52
6903,巨漢,3,15.0,2026-09-30,3,0.41,0.41,0.41,0.35,0,341.04,341.04,341.93,342.22,ok,3.0,3.0,7,8,-1,0.0,0.0,1,0,0,12.72,12.72,-7.44,8.43,2026-09-30,2026-09-29,2026-09-24,0,72,72,-16,14,0.5,-60,-60,75,32,0.5,128,128,4,11,0,0,0,0,0,0,14,14,2,-7,1,142,142,6,4,1,163,1351,12.07,5.87,10.9,20.4,neutral,籌碼震盪，方向未定,2026-09-30 14:28:23,ok,,ok,FINMIND_TOKEN,eyJ0...py2s,1188,6000,4812,2026-09-30 14:28:32
7711,永擎,3,15.0,2026-09-30,3,2.98,2.98,2.98,3.04,-0.5,549.56,549.56,549.56,549.62,ok,,,-32.0,-31.0,-1,,,-2.0,-3.0,1,-2.97,-2.97,7.74,-2.4,2026-09-30,2026-09-29,2026-09-24,0.0,-24,-24,34,-11,-0.5,-3,-3,4,95,0.5,-122,-122,92,35,0.0,0,0,0,0,0.0,9,9,2,-7,1.0,-113,-113,94,28,0.0,-120,3617,-3.32,-2.59,7.58,47.2,neutral,籌碼震盪，方向未定,2026-09-30 10:59:49,ok,,ok,FINMIND_TOKEN,eyJ0...py2s,0,6000,6000,2026-09-30 10:59:56
7717,萊德光電-KY,3,15.0,2026-09-30,3,1.19,1.19,1.19,1.18,0.5,566.42,566.42,566.42,565.4,ok,,,-10.0,12.0,-1,,,0.0,-1.0,1,0.46,0.46,6.28,-2.22,2026-09-30,2026-09-29,2026-09-24,0.0,3,3,29,-13,0.5,46,46,-3,99,0.5,2,2,-13,-43,1.0,0,0,0,0,0.0,7,7,40,-20,0.0,9,9,27,-63,0.0,5,4503,0.11,0.93,1.94,23.2,neutral,籌碼震盪，方向未定,2026-09-30 10:59:49,ok,,ok,FINMIND_TOKEN,eyJ0...py2s,0,6000,6000,2026-09-30 10:59:57
7728,光焱科技,3,15.0,2026-09-30,3,1.3,1.3,1.3,1.3,-0.5,690.43,690.43,690.43,691.05,ok,,,3.0,-4.0,1,,,0.0,0.0,0,21.94,21.94,8.33,5.71,2026-09-30,2026-09-29,2026-09-24,0.5,34,34,3,2,1.0,-65,-65,-6,1,-0.5,45,45,11,13,0.0,0,0,0,0,0.0,2,2,0,1,0.0,47,47,11,14,0.0,32,371,8.63,4.92,45.24,8.8,bullish_distributed,主力連3買但買賣家數差偏正，可能偏分散,2026-09-30 10:59:52,ok,,ok,FINMIND_TOKEN,eyJ0...py2s,0,6000,6000,2026-09-30 10:59:59
7734,印能科技,3,15.0,2026-09-30,3,0.4,0.4,0.4,0.51,-0.5,2929.62,2929.62,2929.62,2937.66,ok,,,19.0,12.0,1,,,-1.0,1.0,-1,-12.58,-12.58,-6.42,24.05,2026-09-30,2026-09-29,2026-09-24,0.5,-19,-19,-12,57,-0.5,158,158,149,-83,0.5,-7,-7,-21,64,0.0,-17,-17,0,-8,0.0,0,0,-7,11,0.0,-24,-24,-28,67,0.0,24,872,2.75,0.75,-8.69,115.8,neutral,籌碼震盪，方向未定,2026-09-30 10:59:52,ok,,ok,FINMIND_TOKEN,eyJ0...py2s,0,6000,6000,2026-09-30 10:59:59
7751,竑騰,3,15.0,2026-09-30,3,0.0,0.0,0.0,0.0,0,1599.58,1599.58,1598.4,1601.42,ok,6.0,6.0,34,44,-1,0.0,0.0,0,0,0,14.37,14.37,5.29,1.69,2026-09-30,2026-09-29,2026-09-24,0,51,51,10,3,1,-71,-71,-29,28,-0.5,-39,-39,18,-8,0,58,58,0,3,0,12,12,4,4,0.5,31,31,22,-1,1,41,874,4.69,0.47,33.37,43.8,bullish_distributed,主力連3買但買賣家數差偏正，可能偏分散,2026-09-30 14:28:25,ok,,ok,FINMIND_TOKEN,eyJ0...py2s,1188,6000,4812,2026-09-30 14:28:35
7769,鴻勁,3,15.0,2026-09-30,3,0.0,0.0,0.0,0.0,0.0,6137.34,6137.34,6137.34,6162.79,ok,,,20.0,65.0,-1,,,0.0,0.0,0,-20.09,-20.09,-16.21,-32.17,2026-09-30,2026-09-29,2026-09-24,-1.0,-183,-183,-161,-424,-1.0,346,346,412,374,1.0,-2,-2,67,-253,0.0,-6,-6,-250,-278,1.0,0,0,5,-7,0.0,-8,-8,-178,-538,1.0,-715,5130,-13.94,-17.52,-27.93,312.0,bearish_distributed,主力連3賣、買賣家數差連3正，籌碼流向散戶風險高,2026-09-30 10:59:57,ok,,ok,FINMIND_TOKEN,eyJ0...py2s,0,6000,6000,2026-09-30 11:00:05
7792,安葆,3,15.0,2026-09-30,3,2.98,2.98,2.98,1.24,0.5,381.78,381.78,381.78,372.82,ok,,,138.0,-66.0,1,,,28.0,10.0,1,9.56,9.56,-9.74,5.91,2026-09-30,2026-09-29,2026-09-24,0.0,35,35,-156,167,0.5,-18,-18,82,41,0.5,-37,-37,-202,530,0.0,0,0,0,0,0.0,8,8,-13,-25,1.0,-29,-29,-215,505,0.0,834,9602,8.69,7.59,-8.79,-26.0,neutral,籌碼震盪，方向未定,2026-09-30 10:59:57,ok,,ok,FINMIND_TOKEN,eyJ0...py2s,0,6000,6000,2026-09-30 11:00:05
7805,威聯通,3,15.0,2026-09-30,3,0.0,0.0,0.0,0.0,0,520.97,520.97,521.32,521.73,ok,-1.0,-1.0,0,-1,0,0.0,0.0,0,0,0,-13.33,-13.33,-31.58,-13.04,2026-09-30,2026-09-29,2026-09-24,-0.5,-4,-4,-18,-3,-1,86,86,139,100,1,-5,-5,-15,-5,0,0,0,0,0,0,0,0,-1,0,0,-5,-5,-16,-5,0,-35,219,-15.98,-14.8,-14.78,88.8,bearish_distributed,主力連3賣、買賣家數差連3正，籌碼流向散戶風險高,2026-09-30 14:28:26,ok,,ok,FINMIND_TOKEN,eyJ0...py2s,1188,6000,4812,2026-09-30 14:28:36
7828,創新服務,3,15.0,2026-09-30,3,,,,,0.0,,,,,empty,,,,,0,,,,,0,-21.69,-21.69,-27.43,-7.33,2026-09-30,2026-09-29,2026-09-24,-0.5,-54,-54,-48,-11,-1.0,281,281,270,151,1.0,-76,-76,-17,-35,0.0,0,0,0,0,0.0,0,0,-6,-1,0.0,-76,-76,-23,-36,0.0,-196,1275,-15.37,-15.36,2.15,216.2,bearish_distributed,主力連3賣、買賣家數差連3正，籌碼流向散戶風險高,2026-09-30 10:59:59,ok,,ok,FINMIND_TOKEN,eyJ0...py2s,0,6000,6000,2026-09-30 11:00:16
7856,漢測,3,15.0,2026-09-30,3,,,,,0.0,,,,,empty,,,,,0,,,,,0,-14.89,-14.89,-8.65,4.0,2026-09-30,2026-09-29,2026-09-24,0.0,-39,-39,-48,11,-0.5,336,336,310,240,1.0,-39,-39,24,44,-1.0,3,3,77,47,0.0,4,4,8,-1,0.0,-32,-32,109,90,0.0,11,2028,0.54,-3.64,-7.34,276.8,neutral,籌碼震盪，方向未定,2026-09-30 10:59:59,ok,,ok,FINMIND_TOKEN,eyJ0...py2s,0,6000,6000,2026-09-30 11:00:19
8021,尖點,3,15.0,2026-09-30,3,0.8,0.8,0.8,1.58,-0.5,444.99,444.99,444.99,444.95,ok,,,-188.0,-219.0,1,,,-115.0,-109.0,-1,10.51,10.51,8.6,19.68,2026-09-30,2026-09-29,2026-09-24,0.5,90,90,65,187,1.0,-44,-44,-2,-40,-1.0,148,148,102,177,0.0,-3,-3,-30,0,0.0,14,14,0,70,0.0,159,159,72,247,0.0,2041,17802,11.47,13.22,1.79,-38.8,bullish_concentrated,主力連3買、買賣家數差連3負，籌碼偏集中,2026-09-30 10:59:59,ok,,ok,FINMIND_TOKEN,eyJ0...py2s,0,6000,6000,2026-09-30 11:00:07
8027,鈦昇,3,15.0,2026-09-30,3,1.87,1.87,1.87,1.2,0.5,196.6,196.6,196.6,195.43,ok,,,1309.0,120.0,1,,,80.0,-5.0,1,52.02,52.02,26.13,15.49,2026-09-30,2026-09-29,2026-09-24,1.0,968,968,1659,530,1.0,-387,-387,-131,-84,-1.0,-94,-94,757,701,0.0,0,0,0,0,0.0,7,7,59,0,0.0,-87,-87,816,701,0.0,2964,16414,18.06,17.08,40.2,-103.4,bullish_concentrated,主力連3買、買賣家數差連3負，籌碼偏集中,2026-09-30 11:00:03,ok,,ok,FINMIND_TOKEN,eyJ0...py2s,0,6000,6000,2026-09-30 11:00:12
8028,昇陽半導體,3,15.0,2026-09-30,3,2.0,2.0,2.0,1.54,0.5,268.11,268.11,268.11,262.5,ok,,,848.0,252.0,1,,,52.0,13.0,1,-27.63,-27.63,4.51,18.92,2026-09-30,2026-09-29,2026-09-24,0.0,-3246,-3246,852,1953,0.5,71,71,-5,-40,-0.5,-3241,-3241,-2008,-549,-1.0,0,0,2202,2309,-1.0,-237,-237,136,175,-1.0,-3478,-3478,330,1935,-1.0,-2030,59945,-3.39,-5.39,-32.53,32.6,neutral,籌碼震盪，方向未定,2026-09-30 11:00:05,ok,,ok,FINMIND_TOKEN,eyJ0...py2s,0,6000,6000,2026-09-30 11:00:15
8039,台虹,3,15.0,2026-09-30,3,4.62,4.62,4.62,5.24,-0.5,285.23,285.23,285.23,286.16,ok,,,785.0,52.0,1,,,-101.0,-63.0,-1,18.21,18.21,-1.75,-4.08,2026-09-30,2026-09-29,2026-09-24,0.5,5788,5788,-246,-286,-0.5,-30,-30,-7,32,-0.5,-555,-555,-1009,-217,0.0,-17,-17,70,0,0.0,669,669,188,-99,1.0,97,97,-751,-316,0.0,4798,71840,6.68,1.27,23.24,23.2,neutral,籌碼震盪，方向未定,2026-09-30 11:00:06,ok,,ok,FINMIND_TOKEN,eyJ0...py2s,0,6000,6000,2026-09-30 11:00:15
8046,南電,3,15.0,2026-09-30,3,7.08,7.08,7.08,6.21,0.5,1157.34,1157.34,1157.34,1152.42,ok,,,-295.0,420.0,-1,,,69.0,-22.0,1,10.64,10.64,11.74,2.56,2026-09-30,2026-09-29,2026-09-24,0.0,1447,1447,1082,356,1.0,-55,-55,-41,-26,-1.0,924,924,1588,1331,0.0,34,34,-91,156,0.0,126,126,18,38,0.0,1084,1084,1515,1525,-1.0,10010,71349,14.03,13.6,-29.32,-65.2,neutral,籌碼震盪，方向未定,2026-09-30 11:00:08,ok,,ok,FINMIND_TOKEN,eyJ0...py2s,0,6000,6000,2026-09-30 11:00:16
8064,東捷,3,15.0,2026-09-30,3,3.32,3.32,3.55,3.64,-0.5,134.04,134.04,131.72,129.6,ok,307.0,307.0,1092,1435,-1,-22.0,-22.0,27,24,0,2.13,2.13,-0.46,2.2,2026-09-30,2026-09-29,2026-09-24,0,494,494,-102,312,0.5,0,0,-10,2,0,28,28,-869,-880,1,0,0,0,0,0,-63,-63,151,122,0,-35,-35,-718,-758,1,202,75606,0.27,0.0,5.19,12.0,neutral,籌碼震盪，方向未定,2026-09-30 14:28:29,ok,,ok,FINMIND_TOKEN,eyJ0...py2s,1188,6000,4812,2026-09-30 14:28:41
8069,元太,3,15.0,2026-09-30,3,0.15,0.15,0.21,0.18,0,171.18,171.18,171.54,172.28,ok,88.0,88.0,184,-8,0,-7.0,-7.0,4,-10,0,-5.02,-5.02,-16.65,-7.1,2026-09-30,2026-09-29,2026-09-24,-0.5,-274,-274,-1416,-386,-1,154,154,280,181,1,-27,-27,-1172,131,0,-4,-4,13,294,-1,-8,-8,-8,18,-0.5,-39,-39,-1167,443,0,-2913,30872,-9.44,-9.28,-7.77,184.2,bearish_distributed,主力連3賣、買賣家數差連3正，籌碼流向散戶風險高,2026-09-30 14:28:30,ok,,ok,FINMIND_TOKEN,eyJ0...py2s,1188,6000,4812,2026-09-30 14:28:40
8070,長華*,3,15.0,2026-09-30,3,0.39,0.39,0.39,0.4,-0.5,51.18,51.18,51.18,51.21,ok,,,85.0,115.0,-1,,,0.0,0.0,0,18.58,18.58,7.05,-1.27,2026-09-30,2026-09-29,2026-09-24,0.5,175,175,47,-20,0.5,-61,-61,11,56,0.5,338,338,1,-12,1.0,-3,-3,0,-4,0.0,9,9,7,24,0.0,344,344,8,8,0.5,291,6008,4.84,3.96,10.71,25.6,neutral,籌碼震盪，方向未定,2026-09-30 11:00:12,ok,,ok,FINMIND_TOKEN,eyJ0...py2s,0,6000,6000,2026-09-30 11:00:21
8086,宏捷科,3,15.0,2026-09-30,3,0.2,0.2,0.18,0.17,0.5,125.42,125.42,125.72,125.81,ok,25.0,25.0,27,-3,0,2.0,2.0,1,1,0.5,12.15,12.15,7.33,12.91,2026-09-30,2026-09-29,2026-09-24,0,577,577,54,191,1,-32,-32,28,-25,-0.5,-360,-360,1,-79,0,-24,-24,0,0,-0.5,21,21,-12,116,0,-363,-363,-11,37,-1,857,10370,8.26,5.51,-0.76,13.8,bullish_distributed,主力連3買但買賣家數差偏正，可能偏分散,2026-09-30 14:28:32,ok,,ok,FINMIND_TOKEN,eyJ0...py2s,1188,6000,4812,2026-09-30 14:28:41
8155,博智,3,15.0,2026-09-30,3,1.58,1.58,1.58,1.81,-0.5,342.89,342.89,342.89,345.53,ok,,,-24.0,92.0,-1,,,-9.0,-1.0,-1,-10.53,-10.53,-43.22,-26.13,2026-09-30,2026-09-29,2026-09-24,-0.5,-130,-130,-876,-260,-1.0,162,162,375,185,1.0,-21,-21,-986,-335,0.0,0,0,0,-16,0.5,-32,-32,17,43,-1.0,-53,-53,-969,-308,0.0,-1264,5954,-21.23,-16.58,-11.02,154.2,bearish_distributed,主力連3賣、買賣家數差連3正，籌碼流向散戶風險高,2026-09-30 11:00:15,ok,,ok,FINMIND_TOKEN,eyJ0...py2s,0,6000,6000,2026-09-30 11:00:23
8240,華宏,3,15.0,2026-09-30,3,2.57,2.57,2.66,0.77,0,54.39,54.39,53.96,53.84,ok,54.0,54.0,346,58,0,-1.0,-1.0,53,-1,0,20.26,20.26,-16.61,-17.75,2026-09-30,2026-09-29,2026-09-24,-0.5,499,499,-743,-208,-0.5,-106,-106,100,108,0.5,364,364,-436,-261,0,0,0,0,0,0,126,126,-10,-2,0,490,490,-446,-263,0,-361,10145,-3.56,-0.98,14.66,13.0,neutral,籌碼震盪，方向未定,2026-09-30 14:28:32,ok,,ok,FINMIND_TOKEN,eyJ0...py2s,1188,6000,4812,2026-09-30 14:28:42
8299,群聯,3,15.0,2026-09-30,3,0.41,0.41,0.41,0.35,0.5,2122.67,2122.67,2122.67,2122.75,ok,,,-132.0,206.0,-1,,,6.0,-4.0,1,2.14,2.14,-5.01,-28.04,2026-09-30,2026-09-29,2026-09-24,-0.5,64,64,-112,-1210,-0.5,-21,-21,114,130,0.5,326,326,-45,-1420,1.0,4,4,1,-9,1.0,17,17,37,-158,0.0,347,347,-7,-1587,1.0,418,22365,1.87,-0.42,-22.58,24.6,neutral,籌碼震盪，方向未定,2026-09-30 11:00:16,ok,,ok,FINMIND_TOKEN,eyJ0...py2s,0,6000,6000,2026-09-30 11:00:26
8358,金居,3,15.0,2026-09-30,3,2.95,2.95,2.95,2.12,0.5,483.42,483.42,483.42,482.54,ok,,,801.0,-417.0,1,,,236.0,-10.0,1,-13.29,-13.29,-24.76,22.62,2026-09-30,2026-09-29,2026-09-24,0.0,-1153,-1153,-3427,730,-0.5,64,64,70,-75,0.5,-849,-849,-2709,108,0.0,-57,-57,-4,-76,0.0,-251,-251,-1132,647,0.0,-1157,-1157,-3845,679,0.0,-2737,30000,-9.12,4.91,-35.01,-1.2,neutral,籌碼震盪，方向未定,2026-09-30 11:00:16,ok,,ok,FINMIND_TOKEN,eyJ0...py2s,0,6000,6000,2026-09-30 11:00:27
8415,大國鋼,3,15.0,2026-09-30,3,0.13,0.13,0.13,0.13,-0.5,36.18,36.18,36.19,36.2,ok,3.0,3.0,0,7,0,0.0,0.0,0,0,0,-4.61,-4.61,-8.42,1.52,2026-09-30,2026-09-29,2026-09-24,0,-23,-23,-49,3,-0.5,23,23,29,-6,0.5,-8,-8,-234,-28,0,0,0,0,0,0,-1,-1,0,0,-0.5,-9,-9,-234,-28,0,-92,1667,-5.52,-2.06,-1.36,10.8,neutral,籌碼震盪，方向未定,2026-09-30 14:28:35,ok,,ok,FINMIND_TOKEN,eyJ0...py2s,1188,6000,4812,2026-09-30 14:28:45
8932,智通*,3,15.0,2026-09-30,3,0.05,0.05,0.05,0.05,0,86.08,86.08,86.07,86.06,ok,54.0,54.0,-79,15,0,0.0,0.0,2,0,0,-4.7,-4.7,15.74,-3.4,2026-09-30,2026-09-29,2026-09-24,0.5,-39,-39,113,-22,-0.5,35,35,-41,47,0.5,-57,-57,370,88,0,0,0,0,0,0,-39,-39,-110,-115,1,-96,-96,260,-27,0,-81,4473,-1.81,-0.37,2.18,19.4,neutral,籌碼震盪，方向未定,2026-09-30 14:28:36,ok,,ok,FINMIND_TOKEN,eyJ0...py2s,1188,6000,4812,2026-09-30 14:28:45
8996,高力,3,15.0,2026-09-30,3,1.51,1.51,1.51,1.46,0.5,1374.37,1374.37,1374.37,1346.14,ok,,,614.0,179.0,1,,,13.0,-16.0,1,-6.11,-6.11,-1.08,-12.57,2026-09-30,2026-09-29,2026-09-24,0.0,-298,-298,-55,-363,-1.0,-14,-14,-52,159,-0.5,-786,-786,-728,-331,-1.0,136,136,189,-54,0.0,53,53,12,7,1.0,-597,-597,-527,-378,-1.0,-423,24405,-1.73,-3.19,-19.15,11.6,bearish,主力連3賣，籌碼偏弱,2026-09-30 11:00:19,ok,,ok,FINMIND_TOKEN,eyJ0...py2s,0,6000,6000,2026-09-30 11:00:29
009816,凱基台灣TOP50,3,15.0,2026-09-30,3,2.97,2.97,2.97,3.69,-0.5,15.54,15.54,15.54,15.48,ok,,,1232.0,375.0,1,,,-120.0,15.0,-1,-24.09,-24.09,-54.77,-42.99,2026-09-30,2026-09-29,2026-09-24,-1.0,-19716,-19716,-68750,-32699,-1.0,90,90,169,151,1.0,385,385,-10625,-3973,0.0,2500,2500,0,0,0.5,-37721,-37721,-78240,-33613,0.0,-34836,-34836,-88865,-37586,0.0,-158576,462414,-34.29,-31.78,-4.67,99.2,bearish_distributed,主力連3賣、買賣家數差連3正，籌碼流向散戶風險高,2026-09-30 11:00:21,ok,,ok,FINMIND_TOKEN,eyJ0...py2s,0,6000,6000,2026-09-30 11:00:30
009820,元大納斯達克精選,3,15.0,2026-09-30,3,1.69,1.69,1.69,1.67,0.5,10.04,10.04,10.04,10.04,ok,,,-40.0,106.0,-1,,,0.0,0.0,0,50.37,50.37,26.11,26.89,2026-09-30,2026-09-29,2026-09-24,1.0,5867,5867,1583,2368,1.0,-258,-258,-74,-119,-1.0,2055,2055,983,671,1.0,0,0,0,0,0.0,8797,8797,4063,5902,0.0,10852,10852,5046,6573,0.0,47032,75818,62.03,45.52,-17.44,-239.2,bullish_concentrated,主力連3買、買賣家數差連3負，籌碼偏集中,2026-09-30 11:00:23,ok,,ok,FINMIND_TOKEN,eyJ0...py2s,0,6000,6000,2026-09-30 11:00:31
009823,群益S&P500,3,15.0,2026-09-30,3,0.0,0.0,0.0,0.0,0.0,10.32,10.32,10.32,10.32,ok,,,-10.0,6.0,-1,,,0.0,0.0,0,-11.83,-11.83,0.28,-7.36,2026-09-30,2026-09-29,2026-09-24,0.0,-251,-251,8,-146,-0.5,93,93,78,124,1.0,1,1,-338,0,0.0,0,0,0,0,0.0,-99,-99,237,213,0.0,-98,-98,-101,213,0.0,4981,16954,29.38,11.73,-47.62,19.4,neutral,籌碼震盪，方向未定,2026-09-30 11:00:26,ok,,ok,FINMIND_TOKEN,eyJ0...py2s,0,6000,6000,2026-09-30 11:00:35
009824,群益美國科技巨頭,3,15.0,2026-09-30,3,0.72,0.72,0.72,0.64,0.5,10.07,10.07,10.07,10.07,ok,,,-104.0,-88.0,-1,,,0.0,0.0,0,44.6,44.6,17.43,26.8,2026-09-30,2026-09-29,2026-09-24,1.0,1627,1627,1027,1124,1.0,-132,-132,-38,-16,-1.0,3,3,1452,976,0.0,0,0,0,0,0.0,2479,2479,814,1831,0.0,2482,2482,2266,2807,0.0,17043,31342,54.38,38.15,-6.96,-134.8,bullish_concentrated,主力連3買、買賣家數差連3負，籌碼偏集中,2026-09-30 11:00:26,ok,,ok,FINMIND_TOKEN,eyJ0...py2s,0,6000,6000,2026-09-30 11:00:35
00631L,元大台灣50正2,3,15.0,2026-09-30,3,9.75,9.75,9.75,10.37,-0.5,35.9,35.9,35.9,35.77,ok,,,4469.0,3064.0,1,,,-669.0,-811.0,1,16.46,16.46,-25.96,-25.06,2026-09-30,2026-09-29,2026-09-24,-0.5,22610,22610,-29695,-24953,-0.5,-30,-30,82,60,0.5,19130,19130,-7481,-5521,0.0,0,0,0,0,0.0,11662,11662,-28001,-27653,0.0,30792,30792,-35482,-33174,0.0,50887,708877,7.18,1.71,-9.47,11.2,neutral,籌碼震盪，方向未定,2026-09-30 11:00:27,ok,,ok,FINMIND_TOKEN,eyJ0...py2s,0,6000,6000,2026-09-30 11:00:54
00679B,元大美債20年,3,15.0,2026-09-30,3,0.09,0.09,0.09,0.1,-0.5,25.78,25.78,25.78,25.94,ok,,,605.0,234.0,1,,,0.0,0.0,0,-5.3,-5.3,-51.42,-31.87,2026-09-30,2026-09-29,2026-09-24,-0.5,-1030,-1030,-23337,-7684,-1.0,206,206,393,420,1.0,363,363,-7253,2462,0.0,0,0,0,0,0.0,-688,-688,-22583,-14655,0.0,-325,-325,-29836,-12193,0.0,-24708,109591,-22.55,-8.9,-18.77,192.8,bearish_distributed,主力連3賣、買賣家數差連3正，籌碼流向散戶風險高,2026-09-30 11:00:29,ok,,ok,FINMIND_TOKEN,eyJ0...py2s,0,6000,6000,2026-09-30 11:00:39
00685L,群益臺灣加權正2,3,15.0,2026-09-30,3,9.13,9.13,9.13,9.7,-0.5,11.94,11.94,11.94,11.9,ok,,,5265.0,2665.0,1,,,-337.0,-1037.0,1,12.36,12.36,-32.18,-28.53,2026-09-30,2026-09-29,2026-09-24,-0.5,21803,21803,-55213,-38987,-0.5,-30,-30,133,107,0.5,1346,1346,-1018,-8008,1.0,0,0,0,0,0.0,26122,26122,-84152,-50455,0.0,27468,27468,-85170,-58463,0.0,-23719,916120,-2.59,-5.93,-4.81,36.2,neutral,籌碼震盪，方向未定,2026-09-30 11:00:30,ok,,ok,FINMIND_TOKEN,eyJ0...py2s,0,6000,6000,2026-09-30 11:00:39
00687B,國泰20年美債,3,15.0,2026-09-30,3,0.0,0.0,0.0,0.0,0.0,26.79,26.79,26.79,26.96,ok,,,746.0,66.0,1,,,0.0,0.0,0,-3.54,-3.54,-37.6,-13.45,2026-09-30,2026-09-29,2026-09-24,-0.5,-347,-347,-12198,-3416,-1.0,129,129,400,352,1.0,-404,-404,-2276,11307,0.0,0,0,0,0,0.0,818,818,-18187,-17456,0.0,414,414,-20463,-6149,0.0,-12650,83258,-15.19,-4.26,-18.95,167.0,bearish_distributed,主力連3賣、買賣家數差連3正，籌碼流向散戶風險高,2026-09-30 11:00:31,ok,,ok,FINMIND_TOKEN,eyJ0...py2s,0,6000,6000,2026-09-30 11:00:40
00937B,群益ESG投等債20+,3,15.0,2026-09-30,3,23.19,23.19,23.19,0.01,0.5,14.43,14.43,14.43,14.46,ok,,,1076.0,621.0,1,,,5749.0,0.0,1,-39.16,-39.16,-45.12,-50.52,2026-09-30,2026-09-29,2026-09-24,-1.0,-24640,-24640,-58964,-38429,-1.0,307,307,346,466,1.0,-17245,-17245,-34832,-26976,0.0,0,0,0,0,0.0,-15307,-15307,-27985,-21231,0.0,-32552,-32552,-62817,-48207,0.0,-101958,328822,-31.01,-18.66,-55.98,235.0,bearish_distributed,主力連3賣、買賣家數差連3正，籌碼流向散戶風險高,2026-09-30 11:00:35,ok,,ok,FINMIND_TOKEN,eyJ0...py2s,0,6000,6000,2026-09-30 11:00:52
00953B,群益優選非投等債,3,15.0,2026-09-30,3,0.0,0.0,0.0,0.0,0.0,9.61,9.61,9.61,9.61,ok,,,2286.0,-15031.0,1,,,0.0,0.0,0,-48.3,-48.3,-40.16,-29.7,2026-09-30,2026-09-29,2026-09-24,-1.0,-17009,-17009,-21688,-13193,-1.0,410,410,438,396,1.0,-3675,-3675,-9549,-923,0.0,0,0,0,0,0.0,-18306,-18306,-20428,1794,0.0,-21981,-21981,-29977,871,0.0,-76664,199728,-38.38,-39.17,-11.97,383.0,bearish_distributed,主力連3賣、買賣家數差連3正，籌碼流向散戶風險高,2026-09-30 11:00:35,ok,,ok,FINMIND_TOKEN,eyJ0...py2s,0,6000,6000,2026-09-30 11:00:45
00981A,主動統一台股增長,3,15.0,2026-09-30,3,0.44,0.44,0.44,0.58,-0.5,28.57,28.57,28.57,28.51,ok,,,2533.0,-4442.0,1,,,-250.0,160.0,-1,22.21,22.21,-20.54,39.25,2026-09-30,2026-09-29,2026-09-24,0.5,21981,21981,-23807,64047,0.5,-32,-32,61,-45,-0.5,24315,24315,-15437,36447,0.0,0,0,0,0,0.0,4194,4194,-14918,46032,0.0,28509,28509,-30355,82479,0.0,319531,875130,36.51,28.55,-27.43,-26.4,neutral,籌碼震盪，方向未定,2026-09-30 11:00:39,ok,,ok,FINMIND_TOKEN,eyJ0...py2s,0,6000,6000,2026-09-30 11:01:04
