stock_id,name,eps_Y,eps_Y_quarters,eps_ttm,eps_yoy,roe_last_year,roe_ttm,rev,rev_mom,rev_qoq,rev_yoy,gross_margin,gross_margin_qoq,gross_margin_yoy_diff,operating_margin,operating_margin_qoq,operating_margin_yoy_diff,net_margin,net_margin_qoq,net_margin_yoy_diff,per_ttm,per_latest,per_120d_high,per_120d_low,period_start,period_end,eps_Y_is_prev,eps_ttm_is_prev,gross_margin_is_prev,operating_margin_is_prev,net_margin_is_prev,per_latest_is_prev,static_updated_at,static_status,static_reason,eps_status,eps_reason,roe_status,roe_reason,revenue_status,revenue_reason,profit_status,profit_reason,valuation_status,valuation_reason,finmind_token_status,finmind_token_source,finmind_token_masked,finmind_user_count,finmind_api_request_limit,finmind_remain,finmind_usage_checked_at
0056,元大高股息,,,,,,,,,,,,,,,,,,,,,,,,,,False,False,False,False,False,False,2026-10-07 14:26:44,partial_ok,"no_data:eps,roe,revenue,profit,valuation",no_data,empty,no_data,empty,no_data,empty,no_data,empty,no_data,empty,ok,FINMIND_TOKEN,eyJ0...py2s,5245,6000,755,2026-10-07 14:26:47
00662,富邦NASDAQ,,,,,,,,,,,,,,,,,,,,,,,,,,False,False,False,False,False,False,2026-10-07 14:26:47,partial_ok,"no_data:eps,roe,revenue,profit,valuation",no_data,empty,no_data,empty,no_data,empty,no_data,empty,no_data,empty,ok,FINMIND_TOKEN,eyJ0...py2s,5245,6000,755,2026-10-07 14:26:50
00878,國泰永續高股息,,,,,,,,,,,,,,,,,,,,,,,,,,False,False,False,False,False,False,2026-10-07 14:26:50,partial_ok,"no_data:eps,roe,revenue,profit,valuation",no_data,empty,no_data,empty,no_data,empty,no_data,empty,no_data,empty,ok,FINMIND_TOKEN,eyJ0...py2s,5245,6000,755,2026-10-07 14:26:53
00892,富邦台灣半導體,,,,,,,,,,,,,,,,,,,,,,,,,,False,False,False,False,False,False,2026-10-07 14:26:53,partial_ok,"no_data:eps,roe,revenue,profit,valuation",no_data,empty,no_data,empty,no_data,empty,no_data,empty,no_data,empty,ok,FINMIND_TOKEN,eyJ0...py2s,5245,6000,755,2026-10-07 14:26:57
00919,群益台灣精選高息,,,,,,,,,,,,,,,,,,,,,,,,,,False,False,False,False,False,False,2026-10-07 14:26:57,partial_ok,"no_data:eps,roe,revenue,profit,valuation",no_data,empty,no_data,empty,no_data,empty,no_data,empty,no_data,empty,ok,FINMIND_TOKEN,eyJ0...py2s,5245,6000,755,2026-10-07 14:27:00
00941,中信上游半導體,,,,,,,,,,,,,,,,,,,,,,,,,,False,False,False,False,False,False,2026-10-07 14:27:00,partial_ok,"no_data:eps,roe,revenue,profit,valuation",no_data,empty,no_data,empty,no_data,empty,no_data,empty,no_data,empty,ok,FINMIND_TOKEN,eyJ0...py2s,5245,6000,755,2026-10-07 14:27:03
1101,台泥,0.39,2,-1.29,-227.72,-4.94,-3.84,13.52,-1.66,7.16,10.65,17.79,-0.93,2.67,6.24,-2.18,3.09,8.83,5.2,6.76,,0.0,0.0,0.0,,,False,False,False,False,False,False,2026-10-07 14:27:03,ok,,ok,,ok,,ok,,ok,,ok,,ok,FINMIND_TOKEN,eyJ0...py2s,5245,6000,755,2026-10-07 14:27:06
1216,統一,2.56,2,4.14,18.29,23.04,27.83,63.1,1.5,6.63,3.79,33.98,0.2,0.18,5.86,0.0,-0.22,6.44,0.86,1.25,,18.24,21.7,17.56,,,False,False,False,False,False,False,2026-10-07 14:27:06,ok,,ok,,ok,,ok,,ok,,ok,,ok,FINMIND_TOKEN,eyJ0...py2s,5245,6000,755,2026-10-07 14:27:09
1301,台塑,2.18,2,1.64,211.56,-3.08,2.48,13.99,-8.51,-6.41,6.79,12.65,8.95,9.15,6.09,9.19,9.53,22.54,14.75,37.14,,45.98,45.98,0.0,,,False,False,False,False,False,False,2026-10-07 14:27:09,ok,,ok,,ok,,ok,,ok,,ok,,ok,FINMIND_TOKEN,eyJ0...py2s,5245,6000,755,2026-10-07 14:27:12
1303,南亞,5.17,2,6.2,1612.2,1.44,12.86,30.6,0.09,6.14,46.75,18.92,6.98,10.28,13.58,8.13,11.6,32.94,11.55,39.34,,50.65,164.91,29.03,,,False,False,False,False,False,False,2026-10-07 14:27:12,ok,,ok,,ok,,ok,,ok,,ok,,ok,FINMIND_TOKEN,eyJ0...py2s,5245,6000,755,2026-10-07 14:27:15
1319,東陽,2.98,2,6.16,-10.85,14.02,13.81,2.1,7.79,16.15,8.72,32.53,0.02,-0.5,15.76,0.0,-1.79,14.21,-2.52,6.0,,12.99,19.21,11.45,,,False,False,False,False,False,False,2026-10-07 14:27:16,ok,,ok,,ok,,ok,,ok,,ok,,ok,FINMIND_TOKEN,eyJ0...py2s,5245,6000,755,2026-10-07 14:27:19
1326,台化,2.11,2,2.36,234.09,-1.87,3.79,30.56,-2.27,11.58,31.7,6.34,-1.4,5.47,2.22,-1.6,5.65,7.48,-0.51,17.09,,32.12,478.0,0.0,,,False,False,False,False,False,False,2026-10-07 14:27:19,ok,,ok,,ok,,ok,,ok,,ok,,ok,FINMIND_TOKEN,eyJ0...py2s,5245,6000,755,2026-10-07 14:27:22
1402,遠東新,1.15,2,2.04,23.64,7.3,8.99,22.83,-2.29,-2.54,15.2,19.82,-2.08,-0.1,7.54,-0.45,1.5,7.77,-1.29,2.58,,14.82,18.32,14.04,,,False,False,False,False,False,False,2026-10-07 14:27:22,ok,,ok,,ok,,ok,,ok,,ok,,ok,FINMIND_TOKEN,eyJ0...py2s,5245,6000,755,2026-10-07 14:27:25
1503,士電,5.04,2,7.26,16.16,9.15,10.51,2.85,-4.21,-6.66,-0.38,22.17,-1.6,-0.69,13.27,-2.78,0.04,12.67,-0.44,2.25,,27.48,39.94,26.72,,,False,False,False,False,False,False,2026-10-07 14:27:25,ok,,ok,,ok,,ok,,ok,,ok,,ok,FINMIND_TOKEN,eyJ0...py2s,5245,6000,755,2026-10-07 14:27:28
1504,東元,1.63,2,2.82,7.22,6.74,8.23,5.91,9.36,12.08,13.68,25.15,1.68,1.67,10.52,2.24,1.05,16.33,7.63,6.2,,26.56,38.67,24.38,,,False,False,False,False,False,False,2026-10-07 14:27:29,ok,,ok,,ok,,ok,,ok,,ok,,ok,FINMIND_TOKEN,eyJ0...py2s,5245,6000,755,2026-10-07 14:27:35
1513,中興電,4.5,2,8.89,22.45,20.1,22.32,2.5,3.82,4.62,8.93,28.44,2.46,3.76,20.05,1.51,2.87,16.9,2.11,3.62,,18.9,22.72,17.86,,,False,False,False,False,False,False,2026-10-07 14:27:35,ok,,ok,,ok,,ok,,ok,,ok,,ok,FINMIND_TOKEN,eyJ0...py2s,5245,6000,755,2026-10-07 14:27:38
1514,亞力,1.64,2,3.64,32.85,15.0,16.67,0.98,26.8,-16.69,10.4,20.81,3.27,2.56,11.16,2.8,1.86,8.95,1.02,1.55,,28.36,43.59,26.82,,,False,False,False,False,False,False,2026-10-07 14:27:38,ok,,ok,,ok,,ok,,ok,,ok,,ok,FINMIND_TOKEN,eyJ0...py2s,5245,6000,755,2026-10-07 14:27:41
1519,華城,6.52,2,15.28,0.33,45.34,56.22,1.92,-6.51,29.75,12.5,43.5,-0.11,3.13,22.11,0.91,-2.61,18.26,-3.1,5.38,,45.94,65.83,44.88,,,False,False,False,False,False,False,2026-10-07 14:27:41,ok,,ok,,ok,,ok,,ok,,ok,,ok,FINMIND_TOKEN,eyJ0...py2s,5245,6000,755,2026-10-07 14:27:44
1532,勤美,0.1,2,1.22,284.85,4.78,5.7,1.69,35.57,38.68,-42.64,22.92,1.32,-3.51,5.5,4.02,-1.41,3.38,4.11,-0.15,,17.68,22.37,17.44,,,False,False,False,False,False,False,2026-10-07 14:27:44,ok,,ok,,ok,,ok,,ok,,ok,,ok,FINMIND_TOKEN,eyJ0...py2s,5245,6000,755,2026-10-07 14:27:47
1560,中砂,6.43,2,11.93,62.09,18.28,22.25,0.91,1.04,9.07,30.08,40.05,5.05,7.91,24.22,4.84,7.57,21.49,2.21,8.21,,86.73,88.44,56.39,,,False,False,False,False,False,False,2026-10-07 14:27:47,ok,,ok,,ok,,ok,,ok,,ok,,ok,FINMIND_TOKEN,eyJ0...py2s,5245,6000,755,2026-10-07 14:27:50
1590,亞德客-KY,29.9,2,52.04,38.63,16.72,21.07,3.71,-7.18,-5.16,43.33,49.72,1.75,3.71,35.06,1.86,4.55,27.22,0.55,4.47,,23.63,36.9,22.67,,,False,False,False,False,False,False,2026-10-07 14:27:51,ok,,ok,,ok,,ok,,ok,,ok,,ok,FINMIND_TOKEN,eyJ0...py2s,5245,6000,755,2026-10-07 14:27:54
1605,華新,2.85,2,3.31,1339.13,1.54,8.2,14.43,-8.18,-17.36,14.97,7.56,-0.21,0.27,1.46,0.13,0.39,18.13,9.61,17.34,,12.09,49.79,10.57,,,False,False,False,False,False,False,2026-10-07 14:27:54,ok,,ok,,ok,,ok,,ok,,ok,,ok,FINMIND_TOKEN,eyJ0...py2s,5245,6000,755,2026-10-07 14:27:57
1711,永光,0.28,2,0.14,40.0,-1.63,0.73,0.77,3.45,11.88,24.0,24.89,3.37,5.21,5.19,3.36,6.17,4.86,2.43,8.99,,349.62,373.85,0.0,,,False,False,False,False,False,False,2026-10-07 14:27:57,ok,,ok,,ok,,ok,,ok,,ok,,ok,FINMIND_TOKEN,eyJ0...py2s,5245,6000,755,2026-10-07 14:28:00
1717,長興,1.09,2,1.9,34.75,6.12,8.23,4.07,-0.57,5.41,20.95,24.81,2.65,3.97,8.59,3.37,3.49,7.3,3.1,3.76,,39.79,58.65,34.84,,,False,False,False,False,False,False,2026-10-07 14:28:00,ok,,ok,,ok,,ok,,ok,,ok,,ok,FINMIND_TOKEN,eyJ0...py2s,5245,6000,755,2026-10-07 14:28:03
1727,中華化,0.66,2,0.69,137.93,0.25,4.26,0.25,-1.52,12.61,40.38,17.77,-0.18,5.47,9.45,1.14,7.94,7.65,0.74,6.09,,153.62,2080.0,108.84,,,False,False,False,False,False,False,2026-10-07 14:28:03,ok,,ok,,ok,,ok,,ok,,ok,,ok,FINMIND_TOKEN,eyJ0...py2s,5245,6000,755,2026-10-07 14:28:06
1785,光洋科,3.65,2,6.69,241.33,12.74,28.22,4.52,-14.17,-24.85,30.71,9.74,-8.49,-2.48,7.0,-6.88,-3.58,4.52,-6.41,7.68,,15.99,58.92,14.02,,,False,False,False,False,False,False,2026-10-07 14:28:06,ok,,ok,,ok,,ok,,ok,,ok,,ok,FINMIND_TOKEN,eyJ0...py2s,5245,6000,755,2026-10-07 14:28:09
1802,台玻,0.64,2,0.87,204.82,-1.47,5.3,4.59,0.24,17.16,32.59,23.33,4.1,13.33,12.64,4.76,13.9,10.76,5.05,19.6,,76.4,589.23,0.0,,,False,False,False,False,False,False,2026-10-07 14:28:09,ok,,ok,,ok,,ok,,ok,,ok,,ok,FINMIND_TOKEN,eyJ0...py2s,5245,6000,755,2026-10-07 14:28:12
1815,富喬,2.24,2,3.61,568.52,8.42,18.92,0.91,6.79,28.79,79.21,39.97,4.0,15.42,25.69,4.32,11.49,39.54,15.2,41.9,,38.41,77.44,26.06,,,False,False,False,False,False,False,2026-10-07 14:28:12,ok,,ok,,ok,,ok,,ok,,ok,,ok,FINMIND_TOKEN,eyJ0...py2s,5245,6000,755,2026-10-07 14:28:15
2002,中鋼,-0.02,2,-0.2,-100.0,-1.18,-0.37,27.95,-5.96,-6.7,12.97,7.95,4.62,7.27,4.13,4.91,7.2,3.15,5.5,5.87,,0.0,0.0,0.0,,,False,False,False,False,False,False,2026-10-07 14:28:15,ok,,ok,,ok,,ok,,ok,,ok,,ok,FINMIND_TOKEN,eyJ0...py2s,5245,6000,755,2026-10-07 14:28:18
2059,川湖,110.96,2,181.39,168.53,39.89,62.84,4.46,-30.96,0.49,196.22,87.42,9.68,9.92,82.08,15.02,11.94,65.45,1.49,50.93,,65.0,83.69,33.37,,,False,False,False,False,False,False,2026-10-07 14:28:18,ok,,ok,,ok,,ok,,ok,,ok,,ok,FINMIND_TOKEN,eyJ0...py2s,5245,6000,755,2026-10-07 14:28:25
2207,和泰車,21.57,2,40.67,33.48,27.2,33.29,26.8,-10.79,-3.64,12.32,,,,,,,9.49,2.12,2.37,,12.94,16.34,12.4,,,False,False,False,False,False,False,2026-10-07 14:28:25,incomplete,profit:incomplete(partial),ok,,ok,,ok,,incomplete,partial,ok,,ok,FINMIND_TOKEN,eyJ0...py2s,5245,6000,755,2026-10-07 14:28:28
2233,宇隆,3.4,2,6.79,-22.58,9.99,10.86,0.28,0.99,-5.12,21.27,31.47,3.88,-0.71,13.34,2.85,-0.21,12.38,-0.84,3.22,,24.74,60.85,23.05,,,False,False,False,False,False,False,2026-10-07 14:28:29,ok,,ok,,ok,,ok,,ok,,ok,,ok,FINMIND_TOKEN,eyJ0...py2s,5245,6000,755,2026-10-07 14:28:32
2301,光寶科,4.8,2,8.55,49.74,16.74,22.01,19.59,3.09,12.9,25.2,27.22,5.56,5.1,15.56,6.12,6.34,13.51,4.81,5.71,,35.09,37.13,24.17,,,False,False,False,False,False,False,2026-10-07 14:28:32,ok,,ok,,ok,,ok,,ok,,ok,,ok,FINMIND_TOKEN,eyJ0...py2s,5245,6000,755,2026-10-07 14:28:35
2303,聯電,4.68,2,6.68,110.73,10.96,21.33,25.35,1.22,9.62,27.22,32.48,3.29,3.76,21.75,3.28,3.34,61.43,35.03,46.37,,22.33,44.85,16.54,,,False,False,False,False,False,False,2026-10-07 14:28:35,ok,,ok,,ok,,ok,,ok,,ok,,ok,FINMIND_TOKEN,eyJ0...py2s,5245,6000,755,2026-10-07 14:28:38
2308,台達電,17.59,2,31.42,86.8,27.28,36.2,64.59,-3.71,9.54,34.95,35.64,-1.36,0.13,16.68,-1.15,1.63,14.83,-0.13,2.47,,63.34,93.56,47.58,,,False,False,False,False,False,False,2026-10-07 14:28:38,ok,,ok,,ok,,ok,,ok,,ok,,ok,FINMIND_TOKEN,eyJ0...py2s,5245,6000,755,2026-10-07 14:28:41
2313,華通,2.5,2,6.21,32.13,14.22,16.54,8.62,22.89,24.62,15.02,18.51,0.53,0.27,9.76,-0.16,-0.45,7.4,-0.29,2.83,,39.61,52.65,27.16,,,False,False,False,False,False,False,2026-10-07 14:28:41,ok,,ok,,ok,,ok,,ok,,ok,,ok,FINMIND_TOKEN,eyJ0...py2s,5245,6000,755,2026-10-07 14:28:44
2317,鴻海,7.83,2,15.21,16.02,12.58,14.65,1158.63,25.7,40.99,38.42,6.12,-0.06,-0.21,3.75,0.18,0.59,2.77,0.08,0.01,,16.61,21.95,15.19,,,False,False,False,False,False,False,2026-10-07 14:28:44,ok,,ok,,ok,,ok,,ok,,ok,,ok,FINMIND_TOKEN,eyJ0...py2s,5245,6000,755,2026-10-07 14:28:47
2324,仁寶,1.18,2,1.95,7.14,5.76,7.96,67.34,-16.87,-4.43,14.5,4.62,-0.64,-1.25,120.0,-11.0,-25.0,151.0,32.0,100.0,,18.14,35.38,17.99,,,False,False,False,False,False,False,2026-10-07 14:28:47,ok,,ok,,ok,,ok,,ok,,ok,,ok,FINMIND_TOKEN,eyJ0...py2s,5245,6000,755,2026-10-07 14:28:50
2327,國巨*,8.49,2,14.88,-61.44,14.35,18.97,16.33,1.25,8.46,51.8,38.5,0.4,2.94,26.43,1.24,4.94,21.27,0.21,5.98,,43.57,89.76,25.67,,,False,False,False,False,False,False,2026-10-07 14:28:51,ok,,ok,,ok,,ok,,ok,,ok,,ok,FINMIND_TOKEN,eyJ0...py2s,5245,6000,755,2026-10-07 14:28:53
2330,台積電,49.33,2,86.28,53.22,35.34,40.62,514.81,10.1,23.46,53.32,67.72,1.47,9.1,60.34,2.24,10.71,55.64,5.13,13.07,,29.96,34.87,27.24,,,False,False,False,False,False,False,2026-10-07 14:28:54,ok,,ok,,ok,,ok,,ok,,ok,,ok,FINMIND_TOKEN,eyJ0...py2s,5245,6000,755,2026-10-07 14:28:56
2337,旺宏,4.81,2,4.19,294.88,-7.36,16.01,8.15,5.44,30.21,218.53,64.42,23.62,48.77,46.89,28.43,62.76,40.45,23.45,59.21,,27.96,32.46,0.0,,,False,False,False,False,False,False,2026-10-07 14:28:57,ok,,ok,,ok,,ok,,ok,,ok,,ok,FINMIND_TOKEN,eyJ0...py2s,5245,6000,755,2026-10-07 14:29:00
2338,光罩,0.64,2,-1.3,82.12,-34.05,-9.98,0.49,-2.16,-4.5,-8.95,14.77,-2.78,7.57,-0.8,-1.73,6.29,1.78,-8.51,33.31,,0.0,0.0,0.0,,,False,False,False,False,False,False,2026-10-07 14:29:00,ok,,ok,,ok,,ok,,ok,,ok,,ok,FINMIND_TOKEN,eyJ0...py2s,5245,6000,755,2026-10-07 14:29:03
2344,華邦電,7.65,2,9.06,1432.35,3.18,31.75,28.25,3.44,37.15,256.67,66.25,12.88,43.59,48.43,15.62,54.59,40.44,13.99,48.2,,19.79,108.52,17.59,,,False,False,False,False,False,False,2026-10-07 14:29:03,ok,,ok,,ok,,ok,,ok,,ok,,ok,FINMIND_TOKEN,eyJ0...py2s,5245,6000,755,2026-10-07 14:29:06
2345,智邦,34.7,2,63.65,105.12,56.05,65.7,40.4,-1.16,2.13,66.13,19.7,0.15,1.77,15.0,0.67,1.61,11.56,-0.32,3.28,,31.66,54.32,27.89,,,False,False,False,False,False,False,2026-10-07 14:29:06,ok,,ok,,ok,,ok,,ok,,ok,,ok,FINMIND_TOKEN,eyJ0...py2s,5245,6000,755,2026-10-07 14:29:09
2347,聯強,4.11,2,7.31,46.2,11.57,17.08,74.22,2.59,9.43,121.9,3.4,-0.9,-0.91,2.38,-0.29,0.92,2.02,-0.43,0.5,,13.24,16.89,11.76,,,False,False,False,False,False,False,2026-10-07 14:29:09,ok,,ok,,ok,,ok,,ok,,ok,,ok,FINMIND_TOKEN,eyJ0...py2s,5245,6000,755,2026-10-07 14:29:12
2353,宏碁,0.95,2,1.68,12.0,7.58,10.84,30.18,12.18,15.34,38.41,11.37,0.21,1.26,2.09,0.98,0.99,3.28,1.43,1.3,,18.63,32.88,18.01,,,False,False,False,False,False,False,2026-10-07 14:29:12,ok,,ok,,ok,,ok,,ok,,ok,,ok,FINMIND_TOKEN,eyJ0...py2s,5245,6000,755,2026-10-07 14:29:16
2356,英業達,1.77,2,3.1,34.78,12.6,16.5,83.27,-7.68,0.56,35.83,4.23,-0.85,-0.86,176.0,-4.0,-19.0,145.0,23.0,27.0,,18.74,32.47,18.52,,,False,False,False,False,False,False,2026-10-07 14:29:16,ok,,ok,,ok,,ok,,ok,,ok,,ok,FINMIND_TOKEN,eyJ0...py2s,5245,6000,755,2026-10-07 14:29:19
2357,華碩,38.83,2,68.4,38.29,17.93,20.38,94.96,12.87,37.43,51.17,17.17,2.31,3.36,8.14,2.43,3.97,7.89,2.54,2.33,,14.46,16.64,9.68,,,False,False,False,False,False,False,2026-10-07 14:29:19,ok,,ok,,ok,,ok,,ok,,ok,,ok,FINMIND_TOKEN,eyJ0...py2s,5245,6000,755,2026-10-07 14:29:22
2360,致茂,21.27,2,39.29,137.55,42.01,59.48,6.86,21.79,66.73,206.47,60.5,-2.1,-4.94,38.74,-1.71,4.7,38.65,5.36,7.55,,61.22,88.41,50.0,,,False,False,False,False,False,False,2026-10-07 14:29:22,ok,,ok,,ok,,ok,,ok,,ok,,ok,FINMIND_TOKEN,eyJ0...py2s,5245,6000,755,2026-10-07 14:29:25
2367,燿華,-0.64,2,-0.65,-135.91,3.79,-3.79,1.46,-10.5,-4.8,26.13,7.19,1.42,-11.42,-5.35,2.36,-12.43,-4.06,3.24,-5.41,,0.0,102.03,0.0,,,False,False,False,False,False,False,2026-10-07 14:29:25,ok,,ok,,ok,,ok,,ok,,ok,,ok,FINMIND_TOKEN,eyJ0...py2s,5245,6000,755,2026-10-07 14:29:28
2368,金像電,16.15,2,28.5,119.23,35.06,45.95,10.38,3.69,18.36,76.39,34.65,-0.16,5.09,26.43,-0.42,5.73,19.7,1.66,7.47,,44.69,77.85,32.55,,,False,False,False,False,False,False,2026-10-07 14:29:28,ok,,ok,,ok,,ok,,ok,,ok,,ok,FINMIND_TOKEN,eyJ0...py2s,5245,6000,755,2026-10-07 14:29:31
2376,技嘉,17.72,2,26.71,62.67,23.56,33.13,63.1,33.12,47.11,125.45,9.62,-2.39,0.2,5.63,-1.43,0.45,5.18,-0.19,1.89,,13.68,18.64,12.71,,,False,False,False,False,False,False,2026-10-07 14:29:31,ok,,ok,,ok,,ok,,ok,,ok,,ok,FINMIND_TOKEN,eyJ0...py2s,5245,6000,755,2026-10-07 14:29:34
2377,微星,7.59,2,11.53,111.17,10.7,18.08,17.69,-8.52,12.0,-6.06,15.97,0.97,4.86,6.57,-0.32,3.2,6.01,-0.06,3.82,,13.53,16.2,10.97,,,False,False,False,False,False,False,2026-10-07 14:29:34,ok,,ok,,ok,,ok,,ok,,ok,,ok,FINMIND_TOKEN,eyJ0...py2s,5245,6000,755,2026-10-07 14:29:37
2379,瑞昱,15.86,2,27.73,-13.51,28.06,30.34,12.38,-0.65,0.54,23.35,47.0,-2.66,-3.23,9.92,-1.97,-2.64,10.13,-1.76,-2.12,,26.87,32.4,18.45,,,False,False,False,False,False,False,2026-10-07 14:29:38,ok,,ok,,ok,,ok,,ok,,ok,,ok,FINMIND_TOKEN,eyJ0...py2s,5245,6000,755,2026-10-07 14:29:41
2382,廣達,12.93,2,22.94,28.37,32.54,41.3,423.97,15.75,36.11,177.45,5.02,0.24,-2.03,3.3,0.45,-0.75,2.78,0.15,-0.61,,14.6,20.97,14.01,,,False,False,False,False,False,False,2026-10-07 14:29:41,ok,,ok,,ok,,ok,,ok,,ok,,ok,FINMIND_TOKEN,eyJ0...py2s,5245,6000,755,2026-10-07 14:29:44
2383,台光電,42.45,2,64.08,83.09,34.23,48.36,21.53,6.88,21.42,168.87,33.85,4.43,3.51,26.94,5.38,6.31,20.88,4.73,5.43,,93.04,131.89,67.47,,,False,False,False,False,False,False,2026-10-07 14:29:44,ok,,ok,,ok,,ok,,ok,,ok,,ok,FINMIND_TOKEN,eyJ0...py2s,5245,6000,755,2026-10-07 14:29:47
2395,研華,9.05,2,15.83,42.1,19.74,26.5,10.75,3.16,6.18,73.14,37.68,-1.47,-2.31,19.63,1.34,2.12,17.24,0.96,6.2,,46.42,46.87,28.95,,,False,False,False,False,False,False,2026-10-07 14:29:47,ok,,ok,,ok,,ok,,ok,,ok,,ok,FINMIND_TOKEN,eyJ0...py2s,5245,6000,755,2026-10-07 14:29:50
2402,毅嘉,0.46,2,1.67,-38.38,10.47,7.72,1.14,2.11,0.17,15.06,14.18,1.36,-5.76,5.64,2.77,-3.43,3.69,2.96,-3.69,,37.07,37.25,24.82,,,False,False,False,False,False,False,2026-10-07 14:29:50,ok,,ok,,ok,,ok,,ok,,ok,,ok,FINMIND_TOKEN,eyJ0...py2s,5245,6000,755,2026-10-07 14:29:53
2404,漢唐,36.23,2,66.35,75.99,54.97,82.71,9.39,-5.56,1.89,59.05,23.64,0.32,2.38,19.96,0.39,1.43,14.44,-0.78,4.61,,20.06,25.74,15.16,,,False,False,False,False,False,False,2026-10-07 14:29:53,ok,,ok,,ok,,ok,,ok,,ok,,ok,FINMIND_TOKEN,eyJ0...py2s,5245,6000,755,2026-10-07 14:29:56
2406,國碩,0.33,2,0.18,111.61,-22.81,7.59,0.97,-2.69,1.06,86.11,11.26,-7.93,5.04,-0.24,-10.53,13.15,2.39,-8.36,46.51,,171.67,175.28,0.0,,,False,False,False,False,False,False,2026-10-07 14:29:56,ok,,ok,,ok,,ok,,ok,,ok,,ok,FINMIND_TOKEN,eyJ0...py2s,5245,6000,755,2026-10-07 14:29:59
2408,南亞科,23.07,2,27.15,1023.47,3.94,37.26,45.09,0.9,53.43,576.62,79.49,11.6,100.05,73.68,12.34,116.44,60.8,7.71,99.77,,19.95,120.42,17.27,,,False,False,False,False,False,False,2026-10-07 14:29:59,ok,,ok,,ok,,ok,,ok,,ok,,ok,FINMIND_TOKEN,eyJ0...py2s,5245,6000,755,2026-10-07 14:30:02
2409,友達,0.03,2,0.24,-69.23,4.58,1.92,23.1,13.41,-3.09,-5.86,13.05,1.2,-0.47,0.31,1.23,-1.86,2.99,4.5,0.24,,158.13,168.54,18.63,,,False,False,False,False,False,False,2026-10-07 14:30:02,ok,,ok,,ok,,ok,,ok,,ok,,ok,FINMIND_TOKEN,eyJ0...py2s,5245,6000,755,2026-10-07 14:30:06
2412,中華電,2.68,2,5.1,4.29,10.51,11.34,23.31,17.22,19.39,25.61,37.54,-0.38,-0.84,21.61,-0.24,-0.5,18.36,0.68,-0.33,,28.59,29.13,26.44,,,False,False,False,False,False,False,2026-10-07 14:30:06,ok,,ok,,ok,,ok,,ok,,ok,,ok,FINMIND_TOKEN,eyJ0...py2s,5245,6000,755,2026-10-07 14:30:09
2449,京元電子,3.91,2,7.63,-15.03,23.6,17.5,4.08,2.24,8.03,31.58,39.49,-0.25,3.95,25.38,-1.82,-0.64,22.36,-0.07,-3.65,,39.25,47.63,27.61,,,False,False,False,False,False,False,2026-10-07 14:30:09,ok,,ok,,ok,,ok,,ok,,ok,,ok,FINMIND_TOKEN,eyJ0...py2s,5245,6000,755,2026-10-07 14:30:18
2454,聯發科,30.45,2,60.69,-9.16,26.62,24.36,64.18,32.41,35.31,44.08,46.2,-0.1,-2.93,15.03,-0.32,-4.51,16.17,-0.17,-2.49,,,,,,,False,False,False,False,False,False,2026-10-07 14:30:18,partial_ok,no_data:valuation,ok,,ok,,ok,,ok,,no_data,empty,ok,FINMIND_TOKEN,eyJ0...py2s,5245,6000,755,2026-10-07 14:30:21
2455,全新,,,,,,,,,,,,,,,,,,,,,,,,,,False,False,False,False,False,False,2026-10-07 14:30:21,partial_ok,"no_data:eps,roe,revenue,profit,valuation",no_data,empty,no_data,empty,no_data,empty,no_data,empty,no_data,empty,ok,FINMIND_TOKEN,eyJ0...py2s,5245,6000,755,2026-10-07 14:30:24
2467,志聖,,,,,,,,,,,,,,,,,,,,,,,,,,False,False,False,False,False,False,2026-10-07 14:30:24,partial_ok,"no_data:eps,roe,revenue,profit,valuation",no_data,empty,no_data,empty,no_data,empty,no_data,empty,no_data,empty,ok,FINMIND_TOKEN,eyJ0...py2s,5245,6000,755,2026-10-07 14:30:27
2481,強茂,,,,,,,,,,,,,,,,,,,,,,,,,,False,False,False,False,False,False,2026-10-07 14:30:27,partial_ok,"no_data:eps,roe,revenue,profit,valuation",no_data,empty,no_data,empty,no_data,empty,no_data,empty,no_data,empty,ok,FINMIND_TOKEN,eyJ0...py2s,5245,6000,755,2026-10-07 14:30:29
2486,一詮,,,,,,,,,,,,,,,,,,,,,,,,,,False,False,False,False,False,False,2026-10-07 14:30:30,partial_ok,"no_data:eps,roe,revenue,profit,valuation",no_data,empty,no_data,empty,no_data,empty,no_data,empty,no_data,empty,ok,FINMIND_TOKEN,eyJ0...py2s,5245,6000,755,2026-10-07 14:30:32
2492,華新科,,,,,,,,,,,,,,,,,,,,,,,,,,False,False,False,False,False,False,2026-10-07 14:30:32,partial_ok,"no_data:eps,roe,revenue,profit,valuation",no_data,empty,no_data,empty,no_data,empty,no_data,empty,no_data,empty,ok,FINMIND_TOKEN,eyJ0...py2s,5245,6000,755,2026-10-07 14:30:35
2603,長榮,,,,,,,,,,,,,,,,,,,,,,,,,,False,False,False,False,False,False,2026-10-07 14:30:35,partial_ok,"no_data:eps,roe,revenue,profit,valuation",no_data,empty,no_data,empty,no_data,empty,no_data,empty,no_data,empty,ok,FINMIND_TOKEN,eyJ0...py2s,5245,6000,755,2026-10-07 14:30:38
2609,陽明,,,,,,,,,,,,,,,,,,,,,,,,,,False,False,False,False,False,False,2026-10-07 14:30:38,partial_ok,"no_data:eps,roe,revenue,profit,valuation",no_data,empty,no_data,empty,no_data,empty,no_data,empty,no_data,empty,ok,FINMIND_TOKEN,eyJ0...py2s,5245,6000,755,2026-10-07 14:30:41
2615,萬海,,,,,,,,,,,,,,,,,,,,,,,,,,False,False,False,False,False,False,2026-10-07 14:30:41,partial_ok,"no_data:eps,roe,revenue,profit,valuation",no_data,empty,no_data,empty,no_data,empty,no_data,empty,no_data,empty,ok,FINMIND_TOKEN,eyJ0...py2s,5245,6000,755,2026-10-07 14:30:43
2618,長榮航,,,,,,,,,,,,,,,,,,,,,,,,,,False,False,False,False,False,False,2026-10-07 14:30:44,partial_ok,"no_data:eps,roe,revenue,profit,valuation",no_data,empty,no_data,empty,no_data,empty,no_data,empty,no_data,empty,ok,FINMIND_TOKEN,eyJ0...py2s,5245,6000,755,2026-10-07 14:30:46
2801,彰銀,,,,,,,,,,,,,,,,,,,,,,,,,,False,False,False,False,False,False,2026-10-07 14:30:46,partial_ok,"no_data:eps,roe,revenue,profit,valuation",no_data,empty,no_data,empty,no_data,empty,no_data,empty,no_data,empty,ok,FINMIND_TOKEN,eyJ0...py2s,5245,6000,755,2026-10-07 14:30:49
2834,臺企銀,,,,,,,,,,,,,,,,,,,,,,,,,,False,False,False,False,False,False,2026-10-07 14:30:49,partial_ok,"no_data:eps,roe,revenue,profit,valuation",no_data,empty,no_data,empty,no_data,empty,no_data,empty,no_data,empty,ok,FINMIND_TOKEN,eyJ0...py2s,5245,6000,755,2026-10-07 14:30:52
2880,華南金,,,,,,,,,,,,,,,,,,,,,,,,,,False,False,False,False,False,False,2026-10-07 14:30:52,partial_ok,"no_data:eps,roe,revenue,profit,valuation",no_data,empty,no_data,empty,no_data,empty,no_data,empty,no_data,empty,ok,FINMIND_TOKEN,eyJ0...py2s,5245,6000,755,2026-10-07 14:30:55
2881,富邦金,,,,,,,,,,,,,,,,,,,,,,,,,,False,False,False,False,False,False,2026-10-07 14:30:55,partial_ok,"no_data:eps,roe,revenue,profit,valuation",no_data,empty,no_data,empty,no_data,empty,no_data,empty,no_data,empty,ok,FINMIND_TOKEN,eyJ0...py2s,5245,6000,755,2026-10-07 14:30:58
2882,國泰金,,,,,,,,,,,,,,,,,,,,,,,,,,False,False,False,False,False,False,2026-10-07 14:30:58,partial_ok,"no_data:eps,roe,revenue,profit,valuation",no_data,empty,no_data,empty,no_data,empty,no_data,empty,no_data,empty,ok,FINMIND_TOKEN,eyJ0...py2s,5245,6000,755,2026-10-07 14:31:00
2883,凱基金,,,,,,,,,,,,,,,,,,,,,,,,,,False,False,False,False,False,False,2026-10-07 14:31:01,partial_ok,"no_data:eps,roe,revenue,profit,valuation",no_data,empty,no_data,empty,no_data,empty,no_data,empty,no_data,empty,ok,FINMIND_TOKEN,eyJ0...py2s,5245,6000,755,2026-10-07 14:31:04
2884,玉山金,,,,,,,,,,,,,,,,,,,,,,,,,,False,False,False,False,False,False,2026-10-07 14:31:04,partial_ok,"no_data:eps,roe,revenue,profit,valuation",no_data,empty,no_data,empty,no_data,empty,no_data,empty,no_data,empty,ok,FINMIND_TOKEN,eyJ0...py2s,5245,6000,755,2026-10-07 14:31:07
2885,元大金,,,,,,,,,,,,,,,,,,,,,,,,,,False,False,False,False,False,False,2026-10-07 14:31:07,partial_ok,"no_data:eps,roe,revenue,profit,valuation",no_data,empty,no_data,empty,no_data,empty,no_data,empty,no_data,empty,ok,FINMIND_TOKEN,eyJ0...py2s,5245,6000,755,2026-10-07 14:31:12
2886,兆豐金,,,,,,,,,,,,,,,,,,,,,,,,,,False,False,False,False,False,False,2026-10-07 14:31:12,partial_ok,"no_data:eps,roe,revenue,profit,valuation",no_data,empty,no_data,empty,no_data,empty,no_data,empty,no_data,empty,ok,FINMIND_TOKEN,eyJ0...py2s,5245,6000,755,2026-10-07 14:31:15
2887,台新新光金,,,,,,,,,,,,,,,,,,,,,,,,,,False,False,False,False,False,False,2026-10-07 14:31:15,partial_ok,"no_data:eps,roe,revenue,profit,valuation",no_data,empty,no_data,empty,no_data,empty,no_data,empty,no_data,empty,ok,FINMIND_TOKEN,eyJ0...py2s,5245,6000,755,2026-10-07 14:31:17
2890,永豐金,,,,,,,,,,,,,,,,,,,,,,,,,,False,False,False,False,False,False,2026-10-07 14:31:18,partial_ok,"no_data:eps,roe,revenue,profit,valuation",no_data,empty,no_data,empty,no_data,empty,no_data,empty,no_data,empty,ok,FINMIND_TOKEN,eyJ0...py2s,5245,6000,755,2026-10-07 14:31:20
2891,中信金,,,,,,,,,,,,,,,,,,,,,,,,,,False,False,False,False,False,False,2026-10-07 14:31:20,partial_ok,"no_data:eps,roe,revenue,profit,valuation",no_data,empty,no_data,empty,no_data,empty,no_data,empty,no_data,empty,ok,FINMIND_TOKEN,eyJ0...py2s,5245,6000,755,2026-10-07 14:31:23
2892,第一金,,,,,,,,,,,,,,,,,,,,,,,,,,False,False,False,False,False,False,2026-10-07 14:31:23,partial_ok,"no_data:eps,roe,revenue,profit,valuation",no_data,empty,no_data,empty,no_data,empty,no_data,empty,no_data,empty,ok,FINMIND_TOKEN,eyJ0...py2s,5245,6000,755,2026-10-07 14:31:26
2912,統一超,,,,,,,,,,,,,,,,,,,,,,,,,,False,False,False,False,False,False,2026-10-07 14:31:26,partial_ok,"no_data:eps,roe,revenue,profit,valuation",no_data,empty,no_data,empty,no_data,empty,no_data,empty,no_data,empty,ok,FINMIND_TOKEN,eyJ0...py2s,5245,6000,755,2026-10-07 14:31:29
3008,大立光,,,,,,,,,,,,,,,,,,,,,,,,,,False,False,False,False,False,False,2026-10-07 14:31:29,partial_ok,"no_data:eps,roe,revenue,profit,valuation",no_data,empty,no_data,empty,no_data,empty,no_data,empty,no_data,empty,ok,FINMIND_TOKEN,eyJ0...py2s,5245,6000,755,2026-10-07 14:31:32
3013,晟銘電,,,,,,,,,,,,,,,,,,,,,,,,,,False,False,False,False,False,False,2026-10-07 14:31:32,partial_ok,"no_data:eps,roe,revenue,profit,valuation",no_data,empty,no_data,empty,no_data,empty,no_data,empty,no_data,empty,ok,FINMIND_TOKEN,eyJ0...py2s,5245,6000,755,2026-10-07 14:31:35
3017,奇鋐,,,,,,,,,,,,,,,,,,,,,,,,,,False,False,False,False,False,False,2026-10-07 14:31:35,partial_ok,"no_data:eps,roe,revenue,profit,valuation",no_data,empty,no_data,empty,no_data,empty,no_data,empty,no_data,empty,ok,FINMIND_TOKEN,eyJ0...py2s,5245,6000,755,2026-10-07 14:31:38
3034,聯詠,,,,,,,,,,,,,,,,,,,,,,,,,,False,False,False,False,False,False,2026-10-07 14:31:38,partial_ok,"no_data:eps,roe,revenue,profit,valuation",no_data,empty,no_data,empty,no_data,empty,no_data,empty,no_data,empty,ok,FINMIND_TOKEN,eyJ0...py2s,5245,6000,755,2026-10-07 14:31:41
3035,智原,,,,,,,,,,,,,,,,,,,,,,,,,,False,False,False,False,False,False,2026-10-07 14:31:41,partial_ok,"no_data:eps,roe,revenue,profit,valuation",no_data,empty,no_data,empty,no_data,empty,no_data,empty,no_data,empty,ok,FINMIND_TOKEN,eyJ0...py2s,5245,6000,755,2026-10-07 14:31:43
3036,文曄,,,,,,,,,,,,,,,,,,,,,,,,,,False,False,False,False,False,False,2026-10-07 14:31:44,partial_ok,"no_data:eps,roe,revenue,profit,valuation",no_data,empty,no_data,empty,no_data,empty,no_data,empty,no_data,empty,ok,FINMIND_TOKEN,eyJ0...py2s,5245,6000,755,2026-10-07 14:31:46
3037,欣興,,,,,,,,,,,,,,,,,,,,,,,,,,False,False,False,False,False,False,2026-10-07 14:31:46,partial_ok,"no_data:eps,roe,revenue,profit,valuation",no_data,empty,no_data,empty,no_data,empty,no_data,empty,no_data,empty,ok,FINMIND_TOKEN,eyJ0...py2s,5245,6000,755,2026-10-07 14:31:49
3044,健鼎,,,,,,,,,,,,,,,,,,,,,,,,,,False,False,False,False,False,False,2026-10-07 14:31:49,partial_ok,"no_data:eps,roe,revenue,profit,valuation",no_data,empty,no_data,empty,no_data,empty,no_data,empty,no_data,empty,ok,FINMIND_TOKEN,eyJ0...py2s,5245,6000,755,2026-10-07 14:31:52
3045,台灣大,,,,,,,,,,,,,,,,,,,,,,,,,,False,False,False,False,False,False,2026-10-07 14:31:52,partial_ok,"no_data:eps,roe,revenue,profit,valuation",no_data,empty,no_data,empty,no_data,empty,no_data,empty,no_data,empty,ok,FINMIND_TOKEN,eyJ0...py2s,5245,6000,755,2026-10-07 14:31:55
3081,聯亞,,,,,,,,,,,,,,,,,,,,,,,,,,False,False,False,False,False,False,2026-10-07 14:31:55,partial_ok,"no_data:eps,roe,revenue,profit,valuation",no_data,empty,no_data,empty,no_data,empty,no_data,empty,no_data,empty,ok,FINMIND_TOKEN,eyJ0...py2s,5245,6000,755,2026-10-07 14:31:57
3105,穩懋,,,,,,,,,,,,,,,,,,,,,,,,,,False,False,False,False,False,False,2026-10-07 14:31:58,partial_ok,"no_data:eps,roe,revenue,profit,valuation",no_data,empty,no_data,empty,no_data,empty,no_data,empty,no_data,empty,ok,FINMIND_TOKEN,eyJ0...py2s,5245,6000,755,2026-10-07 14:32:00
3131,弘塑,,,,,,,,,,,,,,,,,,,,,,,,,,False,False,False,False,False,False,2026-10-07 14:32:00,partial_ok,"no_data:eps,roe,revenue,profit,valuation",no_data,empty,no_data,empty,no_data,empty,no_data,empty,no_data,empty,ok,FINMIND_TOKEN,eyJ0...py2s,5245,6000,755,2026-10-07 14:32:03
3138,耀登,,,,,,,,,,,,,,,,,,,,,,,,,,False,False,False,False,False,False,2026-10-07 14:32:03,partial_ok,"no_data:eps,roe,revenue,profit,valuation",no_data,empty,no_data,empty,no_data,empty,no_data,empty,no_data,empty,ok,FINMIND_TOKEN,eyJ0...py2s,5245,6000,755,2026-10-07 14:32:06
3149,正達,,,,,,,,,,,,,,,,,,,,,,,,,,False,False,False,False,False,False,2026-10-07 14:32:06,partial_ok,"no_data:eps,roe,revenue,profit,valuation",no_data,empty,no_data,empty,no_data,empty,no_data,empty,no_data,empty,ok,FINMIND_TOKEN,eyJ0...py2s,5245,6000,755,2026-10-07 14:32:08
3163,波若威,,,,,,,,,,,,,,,,,,,,,,,,,,False,False,False,False,False,False,2026-10-07 14:32:09,partial_ok,"no_data:eps,roe,revenue,profit,valuation",no_data,empty,no_data,empty,no_data,empty,no_data,empty,no_data,empty,ok,FINMIND_TOKEN,eyJ0...py2s,5245,6000,755,2026-10-07 14:32:11
3167,大量,,,,,,,,,,,,,,,,,,,,,,,,,,False,False,False,False,False,False,2026-10-07 14:32:11,partial_ok,"no_data:eps,roe,revenue,profit,valuation",no_data,empty,no_data,empty,no_data,empty,no_data,empty,no_data,empty,ok,FINMIND_TOKEN,eyJ0...py2s,5245,6000,755,2026-10-07 14:32:15
3178,公準,,,,,,,,,,,,,,,,,,,,,,,,,,False,False,False,False,False,False,2026-10-07 14:32:15,partial_ok,"no_data:eps,roe,revenue,profit,valuation",no_data,empty,no_data,empty,no_data,empty,no_data,empty,no_data,empty,ok,FINMIND_TOKEN,eyJ0...py2s,5245,6000,755,2026-10-07 14:32:18
3189,景碩,,,,,,,,,,,,,,,,,,,,,,,,,,False,False,False,False,False,False,2026-10-07 14:32:18,partial_ok,"no_data:eps,roe,revenue,profit,valuation",no_data,empty,no_data,empty,no_data,empty,no_data,empty,no_data,empty,ok,FINMIND_TOKEN,eyJ0...py2s,5245,6000,755,2026-10-07 14:32:21
3211,順達,,,,,,,,,,,,,,,,,,,,,,,,,,False,False,False,False,False,False,2026-10-07 14:32:21,partial_ok,"no_data:eps,roe,revenue,profit,valuation",no_data,empty,no_data,empty,no_data,empty,no_data,empty,no_data,empty,ok,FINMIND_TOKEN,eyJ0...py2s,5245,6000,755,2026-10-07 14:32:24
3227,原相,,,,,,,,,,,,,,,,,,,,,,,,,,False,False,False,False,False,False,2026-10-07 14:32:24,partial_ok,"no_data:eps,roe,revenue,profit,valuation",no_data,empty,no_data,empty,no_data,empty,no_data,empty,no_data,empty,ok,FINMIND_TOKEN,eyJ0...py2s,5245,6000,755,2026-10-07 14:32:26
3231,緯創,,,,,,,,,,,,,,,,,,,,,,,,,,False,False,False,False,False,False,2026-10-07 14:32:27,partial_ok,"no_data:eps,roe,revenue,profit,valuation",no_data,empty,no_data,empty,no_data,empty,no_data,empty,no_data,empty,ok,FINMIND_TOKEN,eyJ0...py2s,5245,6000,755,2026-10-07 14:32:29
3234,光環,,,,,,,,,,,,,,,,,,,,,,,,,,False,False,False,False,False,False,2026-10-07 14:32:29,partial_ok,"no_data:eps,roe,revenue,profit,valuation",no_data,empty,no_data,empty,no_data,empty,no_data,empty,no_data,empty,ok,FINMIND_TOKEN,eyJ0...py2s,5245,6000,755,2026-10-07 14:32:32
3260,威剛,,,,,,,,,,,,,,,,,,,,,,,,,,False,False,False,False,False,False,2026-10-07 14:32:32,partial_ok,"no_data:eps,roe,revenue,profit,valuation",no_data,empty,no_data,empty,no_data,empty,no_data,empty,no_data,empty,ok,FINMIND_TOKEN,eyJ0...py2s,5245,6000,755,2026-10-07 14:32:35
3264,欣銓,,,,,,,,,,,,,,,,,,,,,,,,,,False,False,False,False,False,False,2026-10-07 14:32:35,partial_ok,"no_data:eps,roe,revenue,profit,valuation",no_data,empty,no_data,empty,no_data,empty,no_data,empty,no_data,empty,ok,FINMIND_TOKEN,eyJ0...py2s,5245,6000,755,2026-10-07 14:32:37
3265,台星科,,,,,,,,,,,,,,,,,,,,,,,,,,False,False,False,False,False,False,2026-10-07 14:32:38,partial_ok,"no_data:eps,roe,revenue,profit,valuation",no_data,empty,no_data,empty,no_data,empty,no_data,empty,no_data,empty,ok,FINMIND_TOKEN,eyJ0...py2s,5245,6000,755,2026-10-07 14:32:40
3289,宜特,,,,,,,,,,,,,,,,,,,,,,,,,,False,False,False,False,False,False,2026-10-07 14:32:40,partial_ok,"no_data:eps,roe,revenue,profit,valuation",no_data,empty,no_data,empty,no_data,empty,no_data,empty,no_data,empty,ok,FINMIND_TOKEN,eyJ0...py2s,5245,6000,755,2026-10-07 14:32:43
3293,鈊象,,,,,,,,,,,,,,,,,,,,,,,,,,False,False,False,False,False,False,2026-10-07 14:32:43,partial_ok,"no_data:eps,roe,revenue,profit,valuation",no_data,empty,no_data,empty,no_data,empty,no_data,empty,no_data,empty,ok,FINMIND_TOKEN,eyJ0...py2s,5245,6000,755,2026-10-07 14:32:46
3324,雙鴻,,,,,,,,,,,,,,,,,,,,,,,,,,False,False,False,False,False,False,2026-10-07 14:32:46,partial_ok,"no_data:eps,roe,revenue,profit,valuation",no_data,empty,no_data,empty,no_data,empty,no_data,empty,no_data,empty,ok,FINMIND_TOKEN,eyJ0...py2s,5245,6000,755,2026-10-07 14:32:48
3357,臺慶科,,,,,,,,,,,,,,,,,,,,,,,,,,False,False,False,False,False,False,2026-10-07 14:32:49,partial_ok,"no_data:eps,roe,revenue,profit,valuation",no_data,empty,no_data,empty,no_data,empty,no_data,empty,no_data,empty,ok,FINMIND_TOKEN,eyJ0...py2s,5245,6000,755,2026-10-07 14:32:51
3362,先進光,,,,,,,,,,,,,,,,,,,,,,,,,,False,False,False,False,False,False,2026-10-07 14:32:51,partial_ok,"no_data:eps,roe,revenue,profit,valuation",no_data,empty,no_data,empty,no_data,empty,no_data,empty,no_data,empty,ok,FINMIND_TOKEN,eyJ0...py2s,5245,6000,755,2026-10-07 14:32:54
3363,上詮,,,,,,,,,,,,,,,,,,,,,,,,,,False,False,False,False,False,False,2026-10-07 14:32:54,partial_ok,"no_data:eps,roe,revenue,profit,valuation",no_data,empty,no_data,empty,no_data,empty,no_data,empty,no_data,empty,ok,FINMIND_TOKEN,eyJ0...py2s,5245,6000,755,2026-10-07 14:32:57
3374,精材,,,,,,,,,,,,,,,,,,,,,,,,,,False,False,False,False,False,False,2026-10-07 14:32:57,partial_ok,"no_data:eps,roe,revenue,profit,valuation",no_data,empty,no_data,empty,no_data,empty,no_data,empty,no_data,empty,ok,FINMIND_TOKEN,eyJ0...py2s,5245,6000,755,2026-10-07 14:33:05
3376,新日興,,,,,,,,,,,,,,,,,,,,,,,,,,False,False,False,False,False,False,2026-10-07 14:33:05,partial_ok,"no_data:eps,roe,revenue,profit,valuation",no_data,empty,no_data,empty,no_data,empty,no_data,empty,no_data,empty,ok,FINMIND_TOKEN,eyJ0...py2s,5245,6000,755,2026-10-07 14:33:08
3443,創意,,,,,,,,,,,,,,,,,,,,,,,,,,False,False,False,False,False,False,2026-10-07 14:33:08,partial_ok,"no_data:eps,roe,revenue,profit,valuation",no_data,empty,no_data,empty,no_data,empty,no_data,empty,no_data,empty,ok,FINMIND_TOKEN,eyJ0...py2s,5245,6000,755,2026-10-07 14:33:11
3450,聯鈞,,,,,,,,,,,,,,,,,,,,,,,,,,False,False,False,False,False,False,2026-10-07 14:33:11,partial_ok,"no_data:eps,roe,revenue,profit,valuation",no_data,empty,no_data,empty,no_data,empty,no_data,empty,no_data,empty,ok,FINMIND_TOKEN,eyJ0...py2s,5245,6000,755,2026-10-07 14:33:14
3481,群創,,,,,,,,,,,,,,,,,,,,,,,,,,False,False,False,False,False,False,2026-10-07 14:33:14,partial_ok,"no_data:eps,roe,revenue,profit,valuation",no_data,empty,no_data,empty,no_data,empty,no_data,empty,no_data,empty,ok,FINMIND_TOKEN,eyJ0...py2s,5245,6000,755,2026-10-07 14:33:16
3491,昇達科,,,,,,,,,,,,,,,,,,,,,,,,,,False,False,False,False,False,False,2026-10-07 14:33:17,partial_ok,"no_data:eps,roe,revenue,profit,valuation",no_data,empty,no_data,empty,no_data,empty,no_data,empty,no_data,empty,ok,FINMIND_TOKEN,eyJ0...py2s,5245,6000,755,2026-10-07 14:33:19
3526,凡甲,,,,,,,,,,,,,,,,,,,,,,,,,,False,False,False,False,False,False,2026-10-07 14:33:19,partial_ok,"no_data:eps,roe,revenue,profit,valuation",no_data,empty,no_data,empty,no_data,empty,no_data,empty,no_data,empty,ok,FINMIND_TOKEN,eyJ0...py2s,5245,6000,755,2026-10-07 14:33:22
3529,力旺,,,,,,,,,,,,,,,,,,,,,,,,,,False,False,False,False,False,False,2026-10-07 14:33:22,partial_ok,"no_data:eps,roe,revenue,profit,valuation",no_data,empty,no_data,empty,no_data,empty,no_data,empty,no_data,empty,ok,FINMIND_TOKEN,eyJ0...py2s,5245,6000,755,2026-10-07 14:33:25
3532,台勝科,,,,,,,,,,,,,,,,,,,,,,,,,,False,False,False,False,False,False,2026-10-07 14:33:25,partial_ok,"no_data:eps,roe,revenue,profit,valuation",no_data,empty,no_data,empty,no_data,empty,no_data,empty,no_data,empty,ok,FINMIND_TOKEN,eyJ0...py2s,5245,6000,755,2026-10-07 14:33:28
3533,嘉澤,,,,,,,,,,,,,,,,,,,,,,,,,,False,False,False,False,False,False,2026-10-07 14:33:28,partial_ok,"no_data:eps,roe,revenue,profit,valuation",no_data,empty,no_data,empty,no_data,empty,no_data,empty,no_data,empty,ok,FINMIND_TOKEN,eyJ0...py2s,5245,6000,755,2026-10-07 14:33:31
3563,牧德,,,,,,,,,,,,,,,,,,,,,,,,,,False,False,False,False,False,False,2026-10-07 14:33:32,partial_ok,"no_data:eps,roe,revenue,profit,valuation",no_data,empty,no_data,empty,no_data,empty,no_data,empty,no_data,empty,ok,FINMIND_TOKEN,eyJ0...py2s,5245,6000,755,2026-10-07 14:33:34
3583,辛耘,,,,,,,,,,,,,,,,,,,,,,,,,,False,False,False,False,False,False,2026-10-07 14:33:34,partial_ok,"no_data:eps,roe,revenue,profit,valuation",no_data,empty,no_data,empty,no_data,empty,no_data,empty,no_data,empty,ok,FINMIND_TOKEN,eyJ0...py2s,5245,6000,755,2026-10-07 14:33:38
3587,閎康,,,,,,,,,,,,,,,,,,,,,,,,,,False,False,False,False,False,False,2026-10-07 14:33:38,partial_ok,"no_data:eps,roe,revenue,profit,valuation",no_data,empty,no_data,empty,no_data,empty,no_data,empty,no_data,empty,ok,FINMIND_TOKEN,eyJ0...py2s,5245,6000,755,2026-10-07 14:33:40
3605,宏致,,,,,,,,,,,,,,,,,,,,,,,,,,False,False,False,False,False,False,2026-10-07 14:33:41,partial_ok,"no_data:eps,roe,revenue,profit,valuation",no_data,empty,no_data,empty,no_data,empty,no_data,empty,no_data,empty,ok,FINMIND_TOKEN,eyJ0...py2s,5245,6000,755,2026-10-07 14:33:43
3645,達邁,,,,,,,,,,,,,,,,,,,,,,,,,,False,False,False,False,False,False,2026-10-07 14:33:43,partial_ok,"no_data:eps,roe,revenue,profit,valuation",no_data,empty,no_data,empty,no_data,empty,no_data,empty,no_data,empty,ok,FINMIND_TOKEN,eyJ0...py2s,5245,6000,755,2026-10-07 14:33:46
3653,健策,,,,,,,,,,,,,,,,,,,,,,,,,,False,False,False,False,False,False,2026-10-07 14:33:46,partial_ok,"no_data:eps,roe,revenue,profit,valuation",no_data,empty,no_data,empty,no_data,empty,no_data,empty,no_data,empty,ok,FINMIND_TOKEN,eyJ0...py2s,5245,6000,755,2026-10-07 14:33:49
3661,世芯-KY,,,,,,,,,,,,,,,,,,,,,,,,,,False,False,False,False,False,False,2026-10-07 14:33:49,partial_ok,"no_data:eps,roe,revenue,profit,valuation",no_data,empty,no_data,empty,no_data,empty,no_data,empty,no_data,empty,ok,FINMIND_TOKEN,eyJ0...py2s,5245,6000,755,2026-10-07 14:33:52
3665,貿聯-KY,,,,,,,,,,,,,,,,,,,,,,,,,,False,False,False,False,False,False,2026-10-07 14:33:52,partial_ok,"no_data:eps,roe,revenue,profit,valuation",no_data,empty,no_data,empty,no_data,empty,no_data,empty,no_data,empty,ok,FINMIND_TOKEN,eyJ0...py2s,5245,6000,755,2026-10-07 14:33:54
3673,TPK-KY,,,,,,,,,,,,,,,,,,,,,,,,,,False,False,False,False,False,False,2026-10-07 14:33:55,partial_ok,"no_data:eps,roe,revenue,profit,valuation",no_data,empty,no_data,empty,no_data,empty,no_data,empty,no_data,empty,ok,FINMIND_TOKEN,eyJ0...py2s,5245,6000,755,2026-10-07 14:33:57
3675,德微,,,,,,,,,,,,,,,,,,,,,,,,,,False,False,False,False,False,False,2026-10-07 14:33:57,partial_ok,"no_data:eps,roe,revenue,profit,valuation",no_data,empty,no_data,empty,no_data,empty,no_data,empty,no_data,empty,ok,FINMIND_TOKEN,eyJ0...py2s,5245,6000,755,2026-10-07 14:34:00
3680,家登,,,,,,,,,,,,,,,,,,,,,,,,,,False,False,False,False,False,False,2026-10-07 14:34:00,partial_ok,"no_data:eps,roe,revenue,profit,valuation",no_data,empty,no_data,empty,no_data,empty,no_data,empty,no_data,empty,ok,FINMIND_TOKEN,eyJ0...py2s,5245,6000,755,2026-10-07 14:34:03
3693,營邦,,,,,,,,,,,,,,,,,,,,,,,,,,False,False,False,False,False,False,2026-10-07 14:34:03,partial_ok,"no_data:eps,roe,revenue,profit,valuation",no_data,empty,no_data,empty,no_data,empty,no_data,empty,no_data,empty,ok,FINMIND_TOKEN,eyJ0...py2s,5245,6000,755,2026-10-07 14:34:05
3701,大眾控,,,,,,,,,,,,,,,,,,,,,,,,,,False,False,False,False,False,False,2026-10-07 14:34:06,partial_ok,"no_data:eps,roe,revenue,profit,valuation",no_data,empty,no_data,empty,no_data,empty,no_data,empty,no_data,empty,ok,FINMIND_TOKEN,eyJ0...py2s,5245,6000,755,2026-10-07 14:34:08
3702,大聯大,,,,,,,,,,,,,,,,,,,,,,,,,,False,False,False,False,False,False,2026-10-07 14:34:08,partial_ok,"no_data:eps,roe,revenue,profit,valuation",no_data,empty,no_data,empty,no_data,empty,no_data,empty,no_data,empty,ok,FINMIND_TOKEN,eyJ0...py2s,5245,6000,755,2026-10-07 14:34:11
3707,漢磊,,,,,,,,,,,,,,,,,,,,,,,,,,False,False,False,False,False,False,2026-10-07 14:34:11,partial_ok,"no_data:eps,roe,revenue,profit,valuation",no_data,empty,no_data,empty,no_data,empty,no_data,empty,no_data,empty,ok,FINMIND_TOKEN,eyJ0...py2s,5245,6000,755,2026-10-07 14:34:14
3711,日月光投控,,,,,,,,,,,,,,,,,,,,,,,,,,False,False,False,False,False,False,2026-10-07 14:34:14,partial_ok,"no_data:eps,roe,revenue,profit,valuation",no_data,empty,no_data,empty,no_data,empty,no_data,empty,no_data,empty,ok,FINMIND_TOKEN,eyJ0...py2s,5245,6000,755,2026-10-07 14:34:16
3715,定穎投控,,,,,,,,,,,,,,,,,,,,,,,,,,False,False,False,False,False,False,2026-10-07 14:34:17,partial_ok,"no_data:eps,roe,revenue,profit,valuation",no_data,empty,no_data,empty,no_data,empty,no_data,empty,no_data,empty,ok,FINMIND_TOKEN,eyJ0...py2s,5245,6000,755,2026-10-07 14:34:19
3718,中光電投控,,,,,,,,,,,,,,,,,,,,,,,,,,False,False,False,False,False,False,2026-10-07 14:34:19,partial_ok,"no_data:eps,roe,revenue,profit,valuation",no_data,empty,no_data,empty,no_data,empty,no_data,empty,no_data,empty,ok,FINMIND_TOKEN,eyJ0...py2s,5245,6000,755,2026-10-07 14:34:22
4105,東洋,,,,,,,,,,,,,,,,,,,,,,,,,,False,False,False,False,False,False,2026-10-07 14:34:22,partial_ok,"no_data:eps,roe,revenue,profit,valuation",no_data,empty,no_data,empty,no_data,empty,no_data,empty,no_data,empty,ok,FINMIND_TOKEN,eyJ0...py2s,5245,6000,755,2026-10-07 14:34:24
4123,晟德,,,,,,,,,,,,,,,,,,,,,,,,,,False,False,False,False,False,False,2026-10-07 14:34:25,partial_ok,"no_data:eps,roe,revenue,profit,valuation",no_data,empty,no_data,empty,no_data,empty,no_data,empty,no_data,empty,ok,FINMIND_TOKEN,eyJ0...py2s,5245,6000,755,2026-10-07 14:34:27
4147,中裕,,,,,,,,,,,,,,,,,,,,,,,,,,False,False,False,False,False,False,2026-10-07 14:34:27,partial_ok,"no_data:eps,roe,revenue,profit,valuation",no_data,empty,no_data,empty,no_data,empty,no_data,empty,no_data,empty,ok,FINMIND_TOKEN,eyJ0...py2s,5245,6000,755,2026-10-07 14:34:30
4506,崇友,,,,,,,,,,,,,,,,,,,,,,,,,,False,False,False,False,False,False,2026-10-07 14:34:30,partial_ok,"no_data:eps,roe,revenue,profit,valuation",no_data,empty,no_data,empty,no_data,empty,no_data,empty,no_data,empty,ok,FINMIND_TOKEN,eyJ0...py2s,5245,6000,755,2026-10-07 14:34:33
4728,雙美,,,,,,,,,,,,,,,,,,,,,,,,,,False,False,False,False,False,False,2026-10-07 14:34:33,partial_ok,"no_data:eps,roe,revenue,profit,valuation",no_data,empty,no_data,empty,no_data,empty,no_data,empty,no_data,empty,ok,FINMIND_TOKEN,eyJ0...py2s,5245,6000,755,2026-10-07 14:34:35
4743,合一,,,,,,,,,,,,,,,,,,,,,,,,,,False,False,False,False,False,False,2026-10-07 14:34:35,partial_ok,"no_data:eps,roe,revenue,profit,valuation",no_data,empty,no_data,empty,no_data,empty,no_data,empty,no_data,empty,ok,FINMIND_TOKEN,eyJ0...py2s,5245,6000,755,2026-10-07 14:34:38
4749,新應材,,,,,,,,,,,,,,,,,,,,,,,,,,False,False,False,False,False,False,2026-10-07 14:34:38,partial_ok,"no_data:eps,roe,revenue,profit,valuation",no_data,empty,no_data,empty,no_data,empty,no_data,empty,no_data,empty,ok,FINMIND_TOKEN,eyJ0...py2s,5245,6000,755,2026-10-07 14:34:41
4755,三福化,,,,,,,,,,,,,,,,,,,,,,,,,,False,False,False,False,False,False,2026-10-07 14:34:41,partial_ok,"no_data:eps,roe,revenue,profit,valuation",no_data,empty,no_data,empty,no_data,empty,no_data,empty,no_data,empty,ok,FINMIND_TOKEN,eyJ0...py2s,5245,6000,755,2026-10-07 14:34:44
4768,晶呈科技,,,,,,,,,,,,,,,,,,,,,,,,,,False,False,False,False,False,False,2026-10-07 14:34:44,partial_ok,"no_data:eps,roe,revenue,profit,valuation",no_data,empty,no_data,empty,no_data,empty,no_data,empty,no_data,empty,ok,FINMIND_TOKEN,eyJ0...py2s,5245,6000,755,2026-10-07 14:34:46
4770,上品,,,,,,,,,,,,,,,,,,,,,,,,,,False,False,False,False,False,False,2026-10-07 14:34:47,partial_ok,"no_data:eps,roe,revenue,profit,valuation",no_data,empty,no_data,empty,no_data,empty,no_data,empty,no_data,empty,ok,FINMIND_TOKEN,eyJ0...py2s,5245,6000,755,2026-10-07 14:34:49
4772,台特化,,,,,,,,,,,,,,,,,,,,,,,,,,False,False,False,False,False,False,2026-10-07 14:34:49,partial_ok,"no_data:eps,roe,revenue,profit,valuation",no_data,empty,no_data,empty,no_data,empty,no_data,empty,no_data,empty,ok,FINMIND_TOKEN,eyJ0...py2s,5245,6000,755,2026-10-07 14:34:52
4904,遠傳,,,,,,,,,,,,,,,,,,,,,,,,,,False,False,False,False,False,False,2026-10-07 14:34:52,partial_ok,"no_data:eps,roe,revenue,profit,valuation",no_data,empty,no_data,empty,no_data,empty,no_data,empty,no_data,empty,ok,FINMIND_TOKEN,eyJ0...py2s,5245,6000,755,2026-10-07 14:34:54
4916,事欣科,,,,,,,,,,,,,,,,,,,,,,,,,,False,False,False,False,False,False,2026-10-07 14:34:55,partial_ok,"no_data:eps,roe,revenue,profit,valuation",no_data,empty,no_data,empty,no_data,empty,no_data,empty,no_data,empty,ok,FINMIND_TOKEN,eyJ0...py2s,5245,6000,755,2026-10-07 14:34:57
4931,新盛力,,,,,,,,,,,,,,,,,,,,,,,,,,False,False,False,False,False,False,2026-10-07 14:34:57,partial_ok,"no_data:eps,roe,revenue,profit,valuation",no_data,empty,no_data,empty,no_data,empty,no_data,empty,no_data,empty,ok,FINMIND_TOKEN,eyJ0...py2s,5245,6000,755,2026-10-07 14:35:00
4938,和碩,,,,,,,,,,,,,,,,,,,,,,,,,,False,False,False,False,False,False,2026-10-07 14:35:00,partial_ok,"no_data:eps,roe,revenue,profit,valuation",no_data,empty,no_data,empty,no_data,empty,no_data,empty,no_data,empty,ok,FINMIND_TOKEN,eyJ0...py2s,5245,6000,755,2026-10-07 14:35:03
4958,臻鼎-KY,,,,,,,,,,,,,,,,,,,,,,,,,,False,False,False,False,False,False,2026-10-07 14:35:03,partial_ok,"no_data:eps,roe,revenue,profit,valuation",no_data,empty,no_data,empty,no_data,empty,no_data,empty,no_data,empty,ok,FINMIND_TOKEN,eyJ0...py2s,5245,6000,755,2026-10-07 14:35:05
4966,譜瑞-KY,,,,,,,,,,,,,,,,,,,,,,,,,,False,False,False,False,False,False,2026-10-07 14:35:05,partial_ok,"no_data:eps,roe,revenue,profit,valuation",no_data,empty,no_data,empty,no_data,empty,no_data,empty,no_data,empty,ok,FINMIND_TOKEN,eyJ0...py2s,5245,6000,755,2026-10-07 14:35:08
4971,IET-KY,,,,,,,,,,,,,,,,,,,,,,,,,,False,False,False,False,False,False,2026-10-07 14:35:08,partial_ok,"no_data:eps,roe,revenue,profit,valuation",no_data,empty,no_data,empty,no_data,empty,no_data,empty,no_data,empty,ok,FINMIND_TOKEN,eyJ0...py2s,5245,6000,755,2026-10-07 14:35:11
4977,眾達-KY,,,,,,,,,,,,,,,,,,,,,,,,,,False,False,False,False,False,False,2026-10-07 14:35:11,partial_ok,"no_data:eps,roe,revenue,profit,valuation",no_data,empty,no_data,empty,no_data,empty,no_data,empty,no_data,empty,ok,FINMIND_TOKEN,eyJ0...py2s,5245,6000,755,2026-10-07 14:35:13
4979,華星光,,,,,,,,,,,,,,,,,,,,,,,,,,False,False,False,False,False,False,2026-10-07 14:35:14,partial_ok,"no_data:eps,roe,revenue,profit,valuation",no_data,empty,no_data,empty,no_data,empty,no_data,empty,no_data,empty,ok,FINMIND_TOKEN,eyJ0...py2s,5245,6000,755,2026-10-07 14:35:16
4991,環宇-KY,,,,,,,,,,,,,,,,,,,,,,,,,,False,False,False,False,False,False,2026-10-07 14:35:16,partial_ok,"no_data:eps,roe,revenue,profit,valuation",no_data,empty,no_data,empty,no_data,empty,no_data,empty,no_data,empty,ok,FINMIND_TOKEN,eyJ0...py2s,5245,6000,755,2026-10-07 14:35:19
5009,榮剛,,,,,,,,,,,,,,,,,,,,,,,,,,False,False,False,False,False,False,2026-10-07 14:35:19,partial_ok,"no_data:eps,roe,revenue,profit,valuation",no_data,empty,no_data,empty,no_data,empty,no_data,empty,no_data,empty,ok,FINMIND_TOKEN,eyJ0...py2s,5245,6000,755,2026-10-07 14:35:21
5222,全訊,,,,,,,,,,,,,,,,,,,,,,,,,,False,False,False,False,False,False,2026-10-07 14:35:22,partial_ok,"no_data:eps,roe,revenue,profit,valuation",no_data,empty,no_data,empty,no_data,empty,no_data,empty,no_data,empty,ok,FINMIND_TOKEN,eyJ0...py2s,5245,6000,755,2026-10-07 14:35:24
5234,達興材料,,,,,,,,,,,,,,,,,,,,,,,,,,False,False,False,False,False,False,2026-10-07 14:35:24,partial_ok,"no_data:eps,roe,revenue,profit,valuation",no_data,empty,no_data,empty,no_data,empty,no_data,empty,no_data,empty,ok,FINMIND_TOKEN,eyJ0...py2s,5245,6000,755,2026-10-07 14:35:27
5269,祥碩,,,,,,,,,,,,,,,,,,,,,,,,,,False,False,False,False,False,False,2026-10-07 14:35:27,partial_ok,"no_data:eps,roe,revenue,profit,valuation",no_data,empty,no_data,empty,no_data,empty,no_data,empty,no_data,empty,ok,FINMIND_TOKEN,eyJ0...py2s,5245,6000,755,2026-10-07 14:35:30
5274,信驊,,,,,,,,,,,,,,,,,,,,,,,,,,False,False,False,False,False,False,2026-10-07 14:35:30,partial_ok,"no_data:eps,roe,revenue,profit,valuation",no_data,empty,no_data,empty,no_data,empty,no_data,empty,no_data,empty,ok,FINMIND_TOKEN,eyJ0...py2s,5245,6000,755,2026-10-07 14:35:32
5289,宜鼎,,,,,,,,,,,,,,,,,,,,,,,,,,False,False,False,False,False,False,2026-10-07 14:35:33,partial_ok,"no_data:eps,roe,revenue,profit,valuation",no_data,empty,no_data,empty,no_data,empty,no_data,empty,no_data,empty,ok,FINMIND_TOKEN,eyJ0...py2s,5245,6000,755,2026-10-07 14:35:35
5314,世紀*,,,,,,,,,,,,,,,,,,,,,,,,,,False,False,False,False,False,False,2026-10-07 14:35:36,partial_ok,"no_data:eps,roe,revenue,profit,valuation",no_data,empty,no_data,empty,no_data,empty,no_data,empty,no_data,empty,ok,FINMIND_TOKEN,eyJ0...py2s,5245,6000,755,2026-10-07 14:35:38
5340,建榮,,,,,,,,,,,,,,,,,,,,,,,,,,False,False,False,False,False,False,2026-10-07 14:35:38,partial_ok,"no_data:eps,roe,revenue,profit,valuation",no_data,empty,no_data,empty,no_data,empty,no_data,empty,no_data,empty,ok,FINMIND_TOKEN,eyJ0...py2s,5245,6000,755,2026-10-07 14:35:41
5347,世界,,,,,,,,,,,,,,,,,,,,,,,,,,False,False,False,False,False,False,2026-10-07 14:35:42,partial_ok,"no_data:eps,roe,revenue,profit,valuation",no_data,empty,no_data,empty,no_data,empty,no_data,empty,no_data,empty,ok,FINMIND_TOKEN,eyJ0...py2s,5245,6000,755,2026-10-07 14:35:44
5351,鈺創,,,,,,,,,,,,,,,,,,,,,,,,,,False,False,False,False,False,False,2026-10-07 14:35:45,partial_ok,"no_data:eps,roe,revenue,profit,valuation",no_data,empty,no_data,empty,no_data,empty,no_data,empty,no_data,empty,ok,FINMIND_TOKEN,eyJ0...py2s,5245,6000,755,2026-10-07 14:35:47
5425,台半,,,,,,,,,,,,,,,,,,,,,,,,,,False,False,False,False,False,False,2026-10-07 14:35:47,partial_ok,"no_data:eps,roe,revenue,profit,valuation",no_data,empty,no_data,empty,no_data,empty,no_data,empty,no_data,empty,ok,FINMIND_TOKEN,eyJ0...py2s,5245,6000,755,2026-10-07 14:35:50
5439,高技,,,,,,,,,,,,,,,,,,,,,,,,,,False,False,False,False,False,False,2026-10-07 14:35:50,partial_ok,"no_data:eps,roe,revenue,profit,valuation",no_data,empty,no_data,empty,no_data,empty,no_data,empty,no_data,empty,ok,FINMIND_TOKEN,eyJ0...py2s,5245,6000,755,2026-10-07 14:35:52
5443,均豪,,,,,,,,,,,,,,,,,,,,,,,,,,False,False,False,False,False,False,2026-10-07 14:35:53,partial_ok,"no_data:eps,roe,revenue,profit,valuation",no_data,empty,no_data,empty,no_data,empty,no_data,empty,no_data,empty,ok,FINMIND_TOKEN,eyJ0...py2s,5245,6000,755,2026-10-07 14:35:55
5475,德宏,,,,,,,,,,,,,,,,,,,,,,,,,,False,False,False,False,False,False,2026-10-07 14:35:55,partial_ok,"no_data:eps,roe,revenue,profit,valuation",no_data,empty,no_data,empty,no_data,empty,no_data,empty,no_data,empty,ok,FINMIND_TOKEN,eyJ0...py2s,5245,6000,755,2026-10-07 14:35:58
5483,中美晶,,,,,,,,,,,,,,,,,,,,,,,,,,False,False,False,False,False,False,2026-10-07 14:35:58,partial_ok,"no_data:eps,roe,revenue,profit,valuation",no_data,empty,no_data,empty,no_data,empty,no_data,empty,no_data,empty,ok,FINMIND_TOKEN,eyJ0...py2s,5245,6000,755,2026-10-07 14:36:00
5530,龍巖,,,,,,,,,,,,,,,,,,,,,,,,,,False,False,False,False,False,False,2026-10-07 14:36:01,partial_ok,"no_data:eps,roe,revenue,profit,valuation",no_data,empty,no_data,empty,no_data,empty,no_data,empty,no_data,empty,ok,FINMIND_TOKEN,eyJ0...py2s,5245,6000,755,2026-10-07 14:36:03
5536,聖暉*,,,,,,,,,,,,,,,,,,,,,,,,,,False,False,False,False,False,False,2026-10-07 14:36:03,partial_ok,"no_data:eps,roe,revenue,profit,valuation",no_data,empty,no_data,empty,no_data,empty,no_data,empty,no_data,empty,ok,FINMIND_TOKEN,eyJ0...py2s,5245,6000,755,2026-10-07 14:36:06
5864,致和證,,,,,,,,,,,,,,,,,,,,,,,,,,False,False,False,False,False,False,2026-10-07 14:36:06,partial_ok,"no_data:eps,roe,revenue,profit,valuation",no_data,empty,no_data,empty,no_data,empty,no_data,empty,no_data,empty,ok,FINMIND_TOKEN,eyJ0...py2s,5245,6000,755,2026-10-07 14:36:08
5871,中租-KY,,,,,,,,,,,,,,,,,,,,,,,,,,False,False,False,False,False,False,2026-10-07 14:36:09,partial_ok,"no_data:eps,roe,revenue,profit,valuation",no_data,empty,no_data,empty,no_data,empty,no_data,empty,no_data,empty,ok,FINMIND_TOKEN,eyJ0...py2s,5245,6000,755,2026-10-07 14:36:11
5876,上海商銀,,,,,,,,,,,,,,,,,,,,,,,,,,False,False,False,False,False,False,2026-10-07 14:36:11,partial_ok,"no_data:eps,roe,revenue,profit,valuation",no_data,empty,no_data,empty,no_data,empty,no_data,empty,no_data,empty,ok,FINMIND_TOKEN,eyJ0...py2s,5245,6000,755,2026-10-07 14:36:14
5880,合庫金,,,,,,,,,,,,,,,,,,,,,,,,,,False,False,False,False,False,False,2026-10-07 14:36:14,partial_ok,"no_data:eps,roe,revenue,profit,valuation",no_data,empty,no_data,empty,no_data,empty,no_data,empty,no_data,empty,ok,FINMIND_TOKEN,eyJ0...py2s,5245,6000,755,2026-10-07 14:36:17
5903,全家,,,,,,,,,,,,,,,,,,,,,,,,,,False,False,False,False,False,False,2026-10-07 14:36:17,partial_ok,"no_data:eps,roe,revenue,profit,valuation",no_data,empty,no_data,empty,no_data,empty,no_data,empty,no_data,empty,ok,FINMIND_TOKEN,eyJ0...py2s,5245,6000,755,2026-10-07 14:36:19
5904,寶雅*,,,,,,,,,,,,,,,,,,,,,,,,,,False,False,False,False,False,False,2026-10-07 14:36:19,partial_ok,"no_data:eps,roe,revenue,profit,valuation",no_data,empty,no_data,empty,no_data,empty,no_data,empty,no_data,empty,ok,FINMIND_TOKEN,eyJ0...py2s,5245,6000,755,2026-10-07 14:36:22
6005,群益證,,,,,,,,,,,,,,,,,,,,,,,,,,False,False,False,False,False,False,2026-10-07 14:36:22,partial_ok,"no_data:eps,roe,revenue,profit,valuation",no_data,empty,no_data,empty,no_data,empty,no_data,empty,no_data,empty,ok,FINMIND_TOKEN,eyJ0...py2s,5245,6000,755,2026-10-07 14:36:25
6016,康和證,,,,,,,,,,,,,,,,,,,,,,,,,,False,False,False,False,False,False,2026-10-07 14:36:25,partial_ok,"no_data:eps,roe,revenue,profit,valuation",no_data,empty,no_data,empty,no_data,empty,no_data,empty,no_data,empty,ok,FINMIND_TOKEN,eyJ0...py2s,5245,6000,755,2026-10-07 14:36:27
6023,元大期,,,,,,,,,,,,,,,,,,,,,,,,,,False,False,False,False,False,False,2026-10-07 14:36:27,partial_ok,"no_data:eps,roe,revenue,profit,valuation",no_data,empty,no_data,empty,no_data,empty,no_data,empty,no_data,empty,ok,FINMIND_TOKEN,eyJ0...py2s,5245,6000,755,2026-10-07 14:36:30
6121,新普,,,,,,,,,,,,,,,,,,,,,,,,,,False,False,False,False,False,False,2026-10-07 14:36:30,partial_ok,"no_data:eps,roe,revenue,profit,valuation",no_data,empty,no_data,empty,no_data,empty,no_data,empty,no_data,empty,ok,FINMIND_TOKEN,eyJ0...py2s,5245,6000,755,2026-10-07 14:36:33
6138,茂達,,,,,,,,,,,,,,,,,,,,,,,,,,False,False,False,False,False,False,2026-10-07 14:36:33,partial_ok,"no_data:eps,roe,revenue,profit,valuation",no_data,empty,no_data,empty,no_data,empty,no_data,empty,no_data,empty,ok,FINMIND_TOKEN,eyJ0...py2s,5245,6000,755,2026-10-07 14:36:35
6139,亞翔,,,,,,,,,,,,,,,,,,,,,,,,,,False,False,False,False,False,False,2026-10-07 14:36:36,partial_ok,"no_data:eps,roe,revenue,profit,valuation",no_data,empty,no_data,empty,no_data,empty,no_data,empty,no_data,empty,ok,FINMIND_TOKEN,eyJ0...py2s,5245,6000,755,2026-10-07 14:36:38
6146,耕興,,,,,,,,,,,,,,,,,,,,,,,,,,False,False,False,False,False,False,2026-10-07 14:36:38,partial_ok,"no_data:eps,roe,revenue,profit,valuation",no_data,empty,no_data,empty,no_data,empty,no_data,empty,no_data,empty,ok,FINMIND_TOKEN,eyJ0...py2s,5245,6000,755,2026-10-07 14:36:41
6147,頎邦,,,,,,,,,,,,,,,,,,,,,,,,,,False,False,False,False,False,False,2026-10-07 14:36:41,partial_ok,"no_data:eps,roe,revenue,profit,valuation",no_data,empty,no_data,empty,no_data,empty,no_data,empty,no_data,empty,ok,FINMIND_TOKEN,eyJ0...py2s,5245,6000,755,2026-10-07 14:36:43
6155,鈞寶,,,,,,,,,,,,,,,,,,,,,,,,,,False,False,False,False,False,False,2026-10-07 14:36:44,partial_ok,"no_data:eps,roe,revenue,profit,valuation",no_data,empty,no_data,empty,no_data,empty,no_data,empty,no_data,empty,ok,FINMIND_TOKEN,eyJ0...py2s,5245,6000,755,2026-10-07 14:36:46
6173,信昌電,,,,,,,,,,,,,,,,,,,,,,,,,,False,False,False,False,False,False,2026-10-07 14:36:46,partial_ok,"no_data:eps,roe,revenue,profit,valuation",no_data,empty,no_data,empty,no_data,empty,no_data,empty,no_data,empty,ok,FINMIND_TOKEN,eyJ0...py2s,5245,6000,755,2026-10-07 14:36:49
6182,合晶,,,,,,,,,,,,,,,,,,,,,,,,,,False,False,False,False,False,False,2026-10-07 14:36:49,partial_ok,"no_data:eps,roe,revenue,profit,valuation",no_data,empty,no_data,empty,no_data,empty,no_data,empty,no_data,empty,ok,FINMIND_TOKEN,eyJ0...py2s,5245,6000,755,2026-10-07 14:36:51
6187,萬潤,,,,,,,,,,,,,,,,,,,,,,,,,,False,False,False,False,False,False,2026-10-07 14:36:52,partial_ok,"no_data:eps,roe,revenue,profit,valuation",no_data,empty,no_data,empty,no_data,empty,no_data,empty,no_data,empty,ok,FINMIND_TOKEN,eyJ0...py2s,5245,6000,755,2026-10-07 14:36:54
6188,廣明,,,,,,,,,,,,,,,,,,,,,,,,,,False,False,False,False,False,False,2026-10-07 14:36:54,partial_ok,"no_data:eps,roe,revenue,profit,valuation",no_data,empty,no_data,empty,no_data,empty,no_data,empty,no_data,empty,ok,FINMIND_TOKEN,eyJ0...py2s,5245,6000,755,2026-10-07 14:36:57
6190,萬泰科,,,,,,,,,,,,,,,,,,,,,,,,,,False,False,False,False,False,False,2026-10-07 14:36:57,partial_ok,"no_data:eps,roe,revenue,profit,valuation",no_data,empty,no_data,empty,no_data,empty,no_data,empty,no_data,empty,ok,FINMIND_TOKEN,eyJ0...py2s,5245,6000,755,2026-10-07 14:37:00
6196,帆宣,,,,,,,,,,,,,,,,,,,,,,,,,,False,False,False,False,False,False,2026-10-07 14:37:00,partial_ok,"no_data:eps,roe,revenue,profit,valuation",no_data,empty,no_data,empty,no_data,empty,no_data,empty,no_data,empty,ok,FINMIND_TOKEN,eyJ0...py2s,5245,6000,755,2026-10-07 14:37:02
6207,雷科,,,,,,,,,,,,,,,,,,,,,,,,,,False,False,False,False,False,False,2026-10-07 14:37:02,partial_ok,"no_data:eps,roe,revenue,profit,valuation",no_data,empty,no_data,empty,no_data,empty,no_data,empty,no_data,empty,ok,FINMIND_TOKEN,eyJ0...py2s,5245,6000,755,2026-10-07 14:37:05
6213,聯茂,,,,,,,,,,,,,,,,,,,,,,,,,,False,False,False,False,False,False,2026-10-07 14:37:05,partial_ok,"no_data:eps,roe,revenue,profit,valuation",no_data,empty,no_data,empty,no_data,empty,no_data,empty,no_data,empty,ok,FINMIND_TOKEN,eyJ0...py2s,5245,6000,755,2026-10-07 14:37:08
6217,中探針,,,,,,,,,,,,,,,,,,,,,,,,,,False,False,False,False,False,False,2026-10-07 14:37:08,partial_ok,"no_data:eps,roe,revenue,profit,valuation",no_data,empty,no_data,empty,no_data,empty,no_data,empty,no_data,empty,ok,FINMIND_TOKEN,eyJ0...py2s,5245,6000,755,2026-10-07 14:37:10
6223,旺矽,,,,,,,,,,,,,,,,,,,,,,,,,,False,False,False,False,False,False,2026-10-07 14:37:11,partial_ok,"no_data:eps,roe,revenue,profit,valuation",no_data,empty,no_data,empty,no_data,empty,no_data,empty,no_data,empty,ok,FINMIND_TOKEN,eyJ0...py2s,5245,6000,755,2026-10-07 14:37:13
6239,力成,,,,,,,,,,,,,,,,,,,,,,,,,,False,False,False,False,False,False,2026-10-07 14:37:13,partial_ok,"no_data:eps,roe,revenue,profit,valuation",no_data,empty,no_data,empty,no_data,empty,no_data,empty,no_data,empty,ok,FINMIND_TOKEN,eyJ0...py2s,5245,6000,755,2026-10-07 14:37:16
6243,迅杰,,,,,,,,,,,,,,,,,,,,,,,,,,False,False,False,False,False,False,2026-10-07 14:37:16,partial_ok,"no_data:eps,roe,revenue,profit,valuation",no_data,empty,no_data,empty,no_data,empty,no_data,empty,no_data,empty,ok,FINMIND_TOKEN,eyJ0...py2s,5245,6000,755,2026-10-07 14:37:18
6257,矽格,,,,,,,,,,,,,,,,,,,,,,,,,,False,False,False,False,False,False,2026-10-07 14:37:19,partial_ok,"no_data:eps,roe,revenue,profit,valuation",no_data,empty,no_data,empty,no_data,empty,no_data,empty,no_data,empty,ok,FINMIND_TOKEN,eyJ0...py2s,5245,6000,755,2026-10-07 14:37:21
6274,台燿,,,,,,,,,,,,,,,,,,,,,,,,,,False,False,False,False,False,False,2026-10-07 14:37:21,partial_ok,"no_data:eps,roe,revenue,profit,valuation",no_data,empty,no_data,empty,no_data,empty,no_data,empty,no_data,empty,ok,FINMIND_TOKEN,eyJ0...py2s,5245,6000,755,2026-10-07 14:37:24
6278,台表科,,,,,,,,,,,,,,,,,,,,,,,,,,False,False,False,False,False,False,2026-10-07 14:37:24,partial_ok,"no_data:eps,roe,revenue,profit,valuation",no_data,empty,no_data,empty,no_data,empty,no_data,empty,no_data,empty,ok,FINMIND_TOKEN,eyJ0...py2s,5245,6000,755,2026-10-07 14:37:26
6282,康舒,,,,,,,,,,,,,,,,,,,,,,,,,,False,False,False,False,False,False,2026-10-07 14:37:27,partial_ok,"no_data:eps,roe,revenue,profit,valuation",no_data,empty,no_data,empty,no_data,empty,no_data,empty,no_data,empty,ok,FINMIND_TOKEN,eyJ0...py2s,5245,6000,755,2026-10-07 14:37:29
6285,啟碁,,,,,,,,,,,,,,,,,,,,,,,,,,False,False,False,False,False,False,2026-10-07 14:37:29,partial_ok,"no_data:eps,roe,revenue,profit,valuation",no_data,empty,no_data,empty,no_data,empty,no_data,empty,no_data,empty,ok,FINMIND_TOKEN,eyJ0...py2s,5245,6000,755,2026-10-07 14:37:32
6290,良維,,,,,,,,,,,,,,,,,,,,,,,,,,False,False,False,False,False,False,2026-10-07 14:37:32,partial_ok,"no_data:eps,roe,revenue,profit,valuation",no_data,empty,no_data,empty,no_data,empty,no_data,empty,no_data,empty,ok,FINMIND_TOKEN,eyJ0...py2s,5245,6000,755,2026-10-07 14:37:34
6291,沛亨,,,,,,,,,,,,,,,,,,,,,,,,,,False,False,False,False,False,False,2026-10-07 14:37:35,partial_ok,"no_data:eps,roe,revenue,profit,valuation",no_data,empty,no_data,empty,no_data,empty,no_data,empty,no_data,empty,ok,FINMIND_TOKEN,eyJ0...py2s,5245,6000,755,2026-10-07 14:37:37
6412,群電,,,,,,,,,,,,,,,,,,,,,,,,,,False,False,False,False,False,False,2026-10-07 14:37:37,partial_ok,"no_data:eps,roe,revenue,profit,valuation",no_data,empty,no_data,empty,no_data,empty,no_data,empty,no_data,empty,ok,FINMIND_TOKEN,eyJ0...py2s,5245,6000,755,2026-10-07 14:37:40
6415,矽力*-KY,,,,,,,,,,,,,,,,,,,,,,,,,,False,False,False,False,False,False,2026-10-07 14:37:40,partial_ok,"no_data:eps,roe,revenue,profit,valuation",no_data,empty,no_data,empty,no_data,empty,no_data,empty,no_data,empty,ok,FINMIND_TOKEN,eyJ0...py2s,5245,6000,755,2026-10-07 14:37:43
6442,光聖,,,,,,,,,,,,,,,,,,,,,,,,,,False,False,False,False,False,False,2026-10-07 14:37:43,partial_ok,"no_data:eps,roe,revenue,profit,valuation",no_data,empty,no_data,empty,no_data,empty,no_data,empty,no_data,empty,ok,FINMIND_TOKEN,eyJ0...py2s,5245,6000,755,2026-10-07 14:37:45
6446,藥華藥,,,,,,,,,,,,,,,,,,,,,,,,,,False,False,False,False,False,False,2026-10-07 14:37:45,partial_ok,"no_data:eps,roe,revenue,profit,valuation",no_data,empty,no_data,empty,no_data,empty,no_data,empty,no_data,empty,ok,FINMIND_TOKEN,eyJ0...py2s,5245,6000,755,2026-10-07 14:37:48
6451,訊芯-KY,,,,,,,,,,,,,,,,,,,,,,,,,,False,False,False,False,False,False,2026-10-07 14:37:48,partial_ok,"no_data:eps,roe,revenue,profit,valuation",no_data,empty,no_data,empty,no_data,empty,no_data,empty,no_data,empty,ok,FINMIND_TOKEN,eyJ0...py2s,5245,6000,755,2026-10-07 14:37:51
6488,環球晶,,,,,,,,,,,,,,,,,,,,,,,,,,False,False,False,False,False,False,2026-10-07 14:37:51,partial_ok,"no_data:eps,roe,revenue,profit,valuation",no_data,empty,no_data,empty,no_data,empty,no_data,empty,no_data,empty,ok,FINMIND_TOKEN,eyJ0...py2s,5245,6000,755,2026-10-07 14:37:53
6505,台塑化,,,,,,,,,,,,,,,,,,,,,,,,,,False,False,False,False,False,False,2026-10-07 14:37:54,partial_ok,"no_data:eps,roe,revenue,profit,valuation",no_data,empty,no_data,empty,no_data,empty,no_data,empty,no_data,empty,ok,FINMIND_TOKEN,eyJ0...py2s,5245,6000,755,2026-10-07 14:37:56
6510,精測,,,,,,,,,,,,,,,,,,,,,,,,,,False,False,False,False,False,False,2026-10-07 14:37:56,partial_ok,"no_data:eps,roe,revenue,profit,valuation",no_data,empty,no_data,empty,no_data,empty,no_data,empty,no_data,empty,ok,FINMIND_TOKEN,eyJ0...py2s,5245,6000,755,2026-10-07 14:37:59
6515,穎崴,,,,,,,,,,,,,,,,,,,,,,,,,,False,False,False,False,False,False,2026-10-07 14:37:59,partial_ok,"no_data:eps,roe,revenue,profit,valuation",no_data,empty,no_data,empty,no_data,empty,no_data,empty,no_data,empty,ok,FINMIND_TOKEN,eyJ0...py2s,5245,6000,755,2026-10-07 14:38:01
6526,達發,,,,,,,,,,,,,,,,,,,,,,,,,,False,False,False,False,False,False,2026-10-07 14:38:02,partial_ok,"no_data:eps,roe,revenue,profit,valuation",no_data,empty,no_data,empty,no_data,empty,no_data,empty,no_data,empty,ok,FINMIND_TOKEN,eyJ0...py2s,5245,6000,755,2026-10-07 14:38:04
6531,愛普*,,,,,,,,,,,,,,,,,,,,,,,,,,False,False,False,False,False,False,2026-10-07 14:38:04,partial_ok,"no_data:eps,roe,revenue,profit,valuation",no_data,empty,no_data,empty,no_data,empty,no_data,empty,no_data,empty,ok,FINMIND_TOKEN,eyJ0...py2s,5245,6000,755,2026-10-07 14:38:07
6547,高端疫苗,,,,,,,,,,,,,,,,,,,,,,,,,,False,False,False,False,False,False,2026-10-07 14:38:07,partial_ok,"no_data:eps,roe,revenue,profit,valuation",no_data,empty,no_data,empty,no_data,empty,no_data,empty,no_data,empty,ok,FINMIND_TOKEN,eyJ0...py2s,5245,6000,755,2026-10-07 14:38:09
6548,長科*,,,,,,,,,,,,,,,,,,,,,,,,,,False,False,False,False,False,False,2026-10-07 14:38:10,partial_ok,"no_data:eps,roe,revenue,profit,valuation",no_data,empty,no_data,empty,no_data,empty,no_data,empty,no_data,empty,ok,FINMIND_TOKEN,eyJ0...py2s,5245,6000,755,2026-10-07 14:38:12
6561,是方,,,,,,,,,,,,,,,,,,,,,,,,,,False,False,False,False,False,False,2026-10-07 14:38:12,partial_ok,"no_data:eps,roe,revenue,profit,valuation",no_data,empty,no_data,empty,no_data,empty,no_data,empty,no_data,empty,ok,FINMIND_TOKEN,eyJ0...py2s,5245,6000,755,2026-10-07 14:38:15
6584,南俊國際,,,,,,,,,,,,,,,,,,,,,,,,,,False,False,False,False,False,False,2026-10-07 14:38:15,partial_ok,"no_data:eps,roe,revenue,profit,valuation",no_data,empty,no_data,empty,no_data,empty,no_data,empty,no_data,empty,ok,FINMIND_TOKEN,eyJ0...py2s,5245,6000,755,2026-10-07 14:38:18
6613,朋億*,,,,,,,,,,,,,,,,,,,,,,,,,,False,False,False,False,False,False,2026-10-07 14:38:18,partial_ok,"no_data:eps,roe,revenue,profit,valuation",no_data,empty,no_data,empty,no_data,empty,no_data,empty,no_data,empty,ok,FINMIND_TOKEN,eyJ0...py2s,5245,6000,755,2026-10-07 14:38:20
6617,共信-KY,,,,,,,,,,,,,,,,,,,,,,,,,,False,False,False,False,False,False,2026-10-07 14:38:20,partial_ok,"no_data:eps,roe,revenue,profit,valuation",no_data,empty,no_data,empty,no_data,empty,no_data,empty,no_data,empty,ok,FINMIND_TOKEN,eyJ0...py2s,5245,6000,755,2026-10-07 14:38:23
6620,漢達,,,,,,,,,,,,,,,,,,,,,,,,,,False,False,False,False,False,False,2026-10-07 14:38:23,partial_ok,"no_data:eps,roe,revenue,profit,valuation",no_data,empty,no_data,empty,no_data,empty,no_data,empty,no_data,empty,ok,FINMIND_TOKEN,eyJ0...py2s,5245,6000,755,2026-10-07 14:38:26
6640,均華,,,,,,,,,,,,,,,,,,,,,,,,,,False,False,False,False,False,False,2026-10-07 14:38:26,partial_ok,"no_data:eps,roe,revenue,profit,valuation",no_data,empty,no_data,empty,no_data,empty,no_data,empty,no_data,empty,ok,FINMIND_TOKEN,eyJ0...py2s,5245,6000,755,2026-10-07 14:38:28
6643,M31,,,,,,,,,,,,,,,,,,,,,,,,,,False,False,False,False,False,False,2026-10-07 14:38:28,partial_ok,"no_data:eps,roe,revenue,profit,valuation",no_data,empty,no_data,empty,no_data,empty,no_data,empty,no_data,empty,ok,FINMIND_TOKEN,eyJ0...py2s,5245,6000,755,2026-10-07 14:38:31
6664,群翊,,,,,,,,,,,,,,,,,,,,,,,,,,False,False,False,False,False,False,2026-10-07 14:38:31,partial_ok,"no_data:eps,roe,revenue,profit,valuation",no_data,empty,no_data,empty,no_data,empty,no_data,empty,no_data,empty,ok,FINMIND_TOKEN,eyJ0...py2s,5245,6000,755,2026-10-07 14:38:34
6669,緯穎,,,,,,,,,,,,,,,,,,,,,,,,,,False,False,False,False,False,False,2026-10-07 14:38:34,partial_ok,"no_data:eps,roe,revenue,profit,valuation",no_data,empty,no_data,empty,no_data,empty,no_data,empty,no_data,empty,ok,FINMIND_TOKEN,eyJ0...py2s,5245,6000,755,2026-10-07 14:38:36
6672,騰輝電子-KY,,,,,,,,,,,,,,,,,,,,,,,,,,False,False,False,False,False,False,2026-10-07 14:38:36,partial_ok,"no_data:eps,roe,revenue,profit,valuation",no_data,empty,no_data,empty,no_data,empty,no_data,empty,no_data,empty,ok,FINMIND_TOKEN,eyJ0...py2s,5245,6000,755,2026-10-07 14:38:39
6683,雍智科技,,,,,,,,,,,,,,,,,,,,,,,,,,False,False,False,False,False,False,2026-10-07 14:38:39,partial_ok,"no_data:eps,roe,revenue,profit,valuation",no_data,empty,no_data,empty,no_data,empty,no_data,empty,no_data,empty,ok,FINMIND_TOKEN,eyJ0...py2s,5245,6000,755,2026-10-07 14:38:42
6691,洋基工程,,,,,,,,,,,,,,,,,,,,,,,,,,False,False,False,False,False,False,2026-10-07 14:38:42,partial_ok,"no_data:eps,roe,revenue,profit,valuation",no_data,empty,no_data,empty,no_data,empty,no_data,empty,no_data,empty,ok,FINMIND_TOKEN,eyJ0...py2s,5245,6000,755,2026-10-07 14:38:44
6693,廣閎科,,,,,,,,,,,,,,,,,,,,,,,,,,False,False,False,False,False,False,2026-10-07 14:38:45,partial_ok,"no_data:eps,roe,revenue,profit,valuation",no_data,empty,no_data,empty,no_data,empty,no_data,empty,no_data,empty,ok,FINMIND_TOKEN,eyJ0...py2s,5245,6000,755,2026-10-07 14:38:47
6739,竹陞科技,,,,,,,,,,,,,,,,,,,,,,,,,,False,False,False,False,False,False,2026-10-07 14:38:47,partial_ok,"no_data:eps,roe,revenue,profit,valuation",no_data,empty,no_data,empty,no_data,empty,no_data,empty,no_data,empty,ok,FINMIND_TOKEN,eyJ0...py2s,5245,6000,755,2026-10-07 14:38:50
6770,力積電,,,,,,,,,,,,,,,,,,,,,,,,,,False,False,False,False,False,False,2026-10-07 14:38:50,partial_ok,"no_data:eps,roe,revenue,profit,valuation",no_data,empty,no_data,empty,no_data,empty,no_data,empty,no_data,empty,ok,FINMIND_TOKEN,eyJ0...py2s,5245,6000,755,2026-10-07 14:38:52
6789,采鈺,,,,,,,,,,,,,,,,,,,,,,,,,,False,False,False,False,False,False,2026-10-07 14:38:53,partial_ok,"no_data:eps,roe,revenue,profit,valuation",no_data,empty,no_data,empty,no_data,empty,no_data,empty,no_data,empty,ok,FINMIND_TOKEN,eyJ0...py2s,5245,6000,755,2026-10-07 14:38:55
6803,崑鼎,,,,,,,,,,,,,,,,,,,,,,,,,,False,False,False,False,False,False,2026-10-07 14:38:55,partial_ok,"no_data:eps,roe,revenue,profit,valuation",no_data,empty,no_data,empty,no_data,empty,no_data,empty,no_data,empty,ok,FINMIND_TOKEN,eyJ0...py2s,5245,6000,755,2026-10-07 14:38:58
6805,富世達,,,,,,,,,,,,,,,,,,,,,,,,,,False,False,False,False,False,False,2026-10-07 14:38:58,partial_ok,"no_data:eps,roe,revenue,profit,valuation",no_data,empty,no_data,empty,no_data,empty,no_data,empty,no_data,empty,ok,FINMIND_TOKEN,eyJ0...py2s,5245,6000,755,2026-10-07 14:39:00
6903,巨漢,,,,,,,,,,,,,,,,,,,,,,,,,,False,False,False,False,False,False,2026-10-07 14:39:01,partial_ok,"no_data:eps,roe,revenue,profit,valuation",no_data,empty,no_data,empty,no_data,empty,no_data,empty,no_data,empty,ok,FINMIND_TOKEN,eyJ0...py2s,5245,6000,755,2026-10-07 14:39:03
7711,永擎,,,,,,,,,,,,,,,,,,,,,,,,,,False,False,False,False,False,False,2026-10-07 14:39:03,partial_ok,"no_data:eps,roe,revenue,profit,valuation",no_data,empty,no_data,empty,no_data,empty,no_data,empty,no_data,empty,ok,FINMIND_TOKEN,eyJ0...py2s,5245,6000,755,2026-10-07 14:39:06
7717,萊德光電-KY,,,,,,,,,,,,,,,,,,,,,,,,,,False,False,False,False,False,False,2026-10-07 14:39:06,partial_ok,"no_data:eps,roe,revenue,profit,valuation",no_data,empty,no_data,empty,no_data,empty,no_data,empty,no_data,empty,ok,FINMIND_TOKEN,eyJ0...py2s,5245,6000,755,2026-10-07 14:39:09
7728,光焱科技,,,,,,,,,,,,,,,,,,,,,,,,,,False,False,False,False,False,False,2026-10-07 14:39:09,partial_ok,"no_data:eps,roe,revenue,profit,valuation",no_data,empty,no_data,empty,no_data,empty,no_data,empty,no_data,empty,ok,FINMIND_TOKEN,eyJ0...py2s,5245,6000,755,2026-10-07 14:39:11
7734,印能科技,,,,,,,,,,,,,,,,,,,,,,,,,,False,False,False,False,False,False,2026-10-07 14:39:11,partial_ok,"no_data:eps,roe,revenue,profit,valuation",no_data,empty,no_data,empty,no_data,empty,no_data,empty,no_data,empty,ok,FINMIND_TOKEN,eyJ0...py2s,5245,6000,755,2026-10-07 14:39:14
7751,竑騰,,,,,,,,,,,,,,,,,,,,,,,,,,False,False,False,False,False,False,2026-10-07 14:39:14,partial_ok,"no_data:eps,roe,revenue,profit,valuation",no_data,empty,no_data,empty,no_data,empty,no_data,empty,no_data,empty,ok,FINMIND_TOKEN,eyJ0...py2s,5245,6000,755,2026-10-07 14:39:17
7769,鴻勁,,,,,,,,,,,,,,,,,,,,,,,,,,False,False,False,False,False,False,2026-10-07 14:39:17,partial_ok,"no_data:eps,roe,revenue,profit,valuation",no_data,empty,no_data,empty,no_data,empty,no_data,empty,no_data,empty,ok,FINMIND_TOKEN,eyJ0...py2s,5245,6000,755,2026-10-07 14:39:19
7792,安葆,,,,,,,,,,,,,,,,,,,,,,,,,,False,False,False,False,False,False,2026-10-07 14:39:19,partial_ok,"no_data:eps,roe,revenue,profit,valuation",no_data,empty,no_data,empty,no_data,empty,no_data,empty,no_data,empty,ok,FINMIND_TOKEN,eyJ0...py2s,5245,6000,755,2026-10-07 14:39:22
7805,威聯通,,,,,,,,,,,,,,,,,,,,,,,,,,False,False,False,False,False,False,2026-10-07 14:39:22,partial_ok,"no_data:eps,roe,revenue,profit,valuation",no_data,empty,no_data,empty,no_data,empty,no_data,empty,no_data,empty,ok,FINMIND_TOKEN,eyJ0...py2s,5245,6000,755,2026-10-07 14:39:25
7828,創新服務,,,,,,,,,,,,,,,,,,,,,,,,,,False,False,False,False,False,False,2026-10-07 14:39:25,partial_ok,"no_data:eps,roe,revenue,profit,valuation",no_data,empty,no_data,empty,no_data,empty,no_data,empty,no_data,empty,ok,FINMIND_TOKEN,eyJ0...py2s,5245,6000,755,2026-10-07 14:39:28
7856,漢測,,,,,,,,,,,,,,,,,,,,,,,,,,False,False,False,False,False,False,2026-10-07 14:39:28,partial_ok,"no_data:eps,roe,revenue,profit,valuation",no_data,empty,no_data,empty,no_data,empty,no_data,empty,no_data,empty,ok,FINMIND_TOKEN,eyJ0...py2s,5245,6000,755,2026-10-07 14:39:30
8021,尖點,,,,,,,,,,,,,,,,,,,,,,,,,,False,False,False,False,False,False,2026-10-07 14:39:31,partial_ok,"no_data:eps,roe,revenue,profit,valuation",no_data,empty,no_data,empty,no_data,empty,no_data,empty,no_data,empty,ok,FINMIND_TOKEN,eyJ0...py2s,5245,6000,755,2026-10-07 14:39:33
8027,鈦昇,,,,,,,,,,,,,,,,,,,,,,,,,,False,False,False,False,False,False,2026-10-07 14:39:33,partial_ok,"no_data:eps,roe,revenue,profit,valuation",no_data,empty,no_data,empty,no_data,empty,no_data,empty,no_data,empty,ok,FINMIND_TOKEN,eyJ0...py2s,5245,6000,755,2026-10-07 14:39:36
8028,昇陽半導體,,,,,,,,,,,,,,,,,,,,,,,,,,False,False,False,False,False,False,2026-10-07 14:39:36,partial_ok,"no_data:eps,roe,revenue,profit,valuation",no_data,empty,no_data,empty,no_data,empty,no_data,empty,no_data,empty,ok,FINMIND_TOKEN,eyJ0...py2s,5245,6000,755,2026-10-07 14:39:39
8039,台虹,,,,,,,,,,,,,,,,,,,,,,,,,,False,False,False,False,False,False,2026-10-07 14:39:39,partial_ok,"no_data:eps,roe,revenue,profit,valuation",no_data,empty,no_data,empty,no_data,empty,no_data,empty,no_data,empty,ok,FINMIND_TOKEN,eyJ0...py2s,5245,6000,755,2026-10-07 14:39:41
8046,南電,,,,,,,,,,,,,,,,,,,,,,,,,,False,False,False,False,False,False,2026-10-07 14:39:42,partial_ok,"no_data:eps,roe,revenue,profit,valuation",no_data,empty,no_data,empty,no_data,empty,no_data,empty,no_data,empty,ok,FINMIND_TOKEN,eyJ0...py2s,5245,6000,755,2026-10-07 14:39:44
8064,東捷,,,,,,,,,,,,,,,,,,,,,,,,,,False,False,False,False,False,False,2026-10-07 14:39:44,partial_ok,"no_data:eps,roe,revenue,profit,valuation",no_data,empty,no_data,empty,no_data,empty,no_data,empty,no_data,empty,ok,FINMIND_TOKEN,eyJ0...py2s,5245,6000,755,2026-10-07 14:39:47
8069,元太,,,,,,,,,,,,,,,,,,,,,,,,,,False,False,False,False,False,False,2026-10-07 14:39:47,partial_ok,"no_data:eps,roe,revenue,profit,valuation",no_data,empty,no_data,empty,no_data,empty,no_data,empty,no_data,empty,ok,FINMIND_TOKEN,eyJ0...py2s,5245,6000,755,2026-10-07 14:39:50
8070,長華*,,,,,,,,,,,,,,,,,,,,,,,,,,False,False,False,False,False,False,2026-10-07 14:39:50,partial_ok,"no_data:eps,roe,revenue,profit,valuation",no_data,empty,no_data,empty,no_data,empty,no_data,empty,no_data,empty,ok,FINMIND_TOKEN,eyJ0...py2s,5245,6000,755,2026-10-07 14:39:52
8086,宏捷科,,,,,,,,,,,,,,,,,,,,,,,,,,False,False,False,False,False,False,2026-10-07 14:39:52,partial_ok,"no_data:eps,roe,revenue,profit,valuation",no_data,empty,no_data,empty,no_data,empty,no_data,empty,no_data,empty,ok,FINMIND_TOKEN,eyJ0...py2s,5245,6000,755,2026-10-07 14:39:55
8155,博智,,,,,,,,,,,,,,,,,,,,,,,,,,False,False,False,False,False,False,2026-10-07 14:39:55,partial_ok,"no_data:eps,roe,revenue,profit,valuation",no_data,empty,no_data,empty,no_data,empty,no_data,empty,no_data,empty,ok,FINMIND_TOKEN,eyJ0...py2s,5245,6000,755,2026-10-07 14:39:58
8240,華宏,,,,,,,,,,,,,,,,,,,,,,,,,,False,False,False,False,False,False,2026-10-07 14:39:58,partial_ok,"no_data:eps,roe,revenue,profit,valuation",no_data,empty,no_data,empty,no_data,empty,no_data,empty,no_data,empty,ok,FINMIND_TOKEN,eyJ0...py2s,5245,6000,755,2026-10-07 14:40:00
8299,群聯,,,,,,,,,,,,,,,,,,,,,,,,,,False,False,False,False,False,False,2026-10-07 14:40:01,partial_ok,"no_data:eps,roe,revenue,profit,valuation",no_data,empty,no_data,empty,no_data,empty,no_data,empty,no_data,empty,ok,FINMIND_TOKEN,eyJ0...py2s,5245,6000,755,2026-10-07 14:40:03
8358,金居,,,,,,,,,,,,,,,,,,,,,,,,,,False,False,False,False,False,False,2026-10-07 14:40:03,partial_ok,"no_data:eps,roe,revenue,profit,valuation",no_data,empty,no_data,empty,no_data,empty,no_data,empty,no_data,empty,ok,FINMIND_TOKEN,eyJ0...py2s,5245,6000,755,2026-10-07 14:40:06
8415,大國鋼,,,,,,,,,,,,,,,,,,,,,,,,,,False,False,False,False,False,False,2026-10-07 14:40:06,partial_ok,"no_data:eps,roe,revenue,profit,valuation",no_data,empty,no_data,empty,no_data,empty,no_data,empty,no_data,empty,ok,FINMIND_TOKEN,eyJ0...py2s,5245,6000,755,2026-10-07 14:40:08
8932,智通*,,,,,,,,,,,,,,,,,,,,,,,,,,False,False,False,False,False,False,2026-10-07 14:40:09,partial_ok,"no_data:eps,roe,revenue,profit,valuation",no_data,empty,no_data,empty,no_data,empty,no_data,empty,no_data,empty,ok,FINMIND_TOKEN,eyJ0...py2s,5245,6000,755,2026-10-07 14:40:11
8996,高力,,,,,,,,,,,,,,,,,,,,,,,,,,False,False,False,False,False,False,2026-10-07 14:40:11,partial_ok,"no_data:eps,roe,revenue,profit,valuation",no_data,empty,no_data,empty,no_data,empty,no_data,empty,no_data,empty,ok,FINMIND_TOKEN,eyJ0...py2s,5245,6000,755,2026-10-07 14:40:14
009816,凱基台灣TOP50,,,,,,,,,,,,,,,,,,,,,,,,,,False,False,False,False,False,False,2026-10-07 14:40:14,partial_ok,"no_data:eps,roe,revenue,profit,valuation",no_data,empty,no_data,empty,no_data,empty,no_data,empty,no_data,empty,ok,FINMIND_TOKEN,eyJ0...py2s,5245,6000,755,2026-10-07 14:40:17
009820,元大納斯達克精選,,,,,,,,,,,,,,,,,,,,,,,,,,False,False,False,False,False,False,2026-10-07 14:40:17,partial_ok,"no_data:eps,roe,revenue,profit,valuation",no_data,empty,no_data,empty,no_data,empty,no_data,empty,no_data,empty,ok,FINMIND_TOKEN,eyJ0...py2s,5245,6000,755,2026-10-07 14:40:20
009823,群益S&P500,,,,,,,,,,,,,,,,,,,,,,,,,,False,False,False,False,False,False,2026-10-07 14:40:20,partial_ok,"no_data:eps,roe,revenue,profit,valuation",no_data,empty,no_data,empty,no_data,empty,no_data,empty,no_data,empty,ok,FINMIND_TOKEN,eyJ0...py2s,5245,6000,755,2026-10-07 14:40:22
009824,群益美國科技巨頭,,,,,,,,,,,,,,,,,,,,,,,,,,False,False,False,False,False,False,2026-10-07 14:40:23,partial_ok,"no_data:eps,roe,revenue,profit,valuation",no_data,empty,no_data,empty,no_data,empty,no_data,empty,no_data,empty,ok,FINMIND_TOKEN,eyJ0...py2s,5245,6000,755,2026-10-07 14:40:25
00631L,元大台灣50正2,,,,,,,,,,,,,,,,,,,,,,,,,,False,False,False,False,False,False,2026-10-07 14:40:25,partial_ok,"no_data:eps,roe,revenue,profit,valuation",no_data,empty,no_data,empty,no_data,empty,no_data,empty,no_data,empty,ok,FINMIND_TOKEN,eyJ0...py2s,5245,6000,755,2026-10-07 14:40:28
00679B,元大美債20年,,,,,,,,,,,,,,,,,,,,,,,,,,False,False,False,False,False,False,2026-10-07 14:40:28,partial_ok,"no_data:eps,roe,revenue,profit,valuation",no_data,empty,no_data,empty,no_data,empty,no_data,empty,no_data,empty,ok,FINMIND_TOKEN,eyJ0...py2s,5245,6000,755,2026-10-07 14:40:30
00685L,群益臺灣加權正2,,,,,,,,,,,,,,,,,,,,,,,,,,False,False,False,False,False,False,2026-10-07 14:40:31,partial_ok,"no_data:eps,roe,revenue,profit,valuation",no_data,empty,no_data,empty,no_data,empty,no_data,empty,no_data,empty,ok,FINMIND_TOKEN,eyJ0...py2s,5245,6000,755,2026-10-07 14:40:33
00687B,國泰20年美債,,,,,,,,,,,,,,,,,,,,,,,,,,False,False,False,False,False,False,2026-10-07 14:40:33,partial_ok,"no_data:eps,roe,revenue,profit,valuation",no_data,empty,no_data,empty,no_data,empty,no_data,empty,no_data,empty,ok,FINMIND_TOKEN,eyJ0...py2s,5245,6000,755,2026-10-07 14:40:36
00937B,群益ESG投等債20+,,,,,,,,,,,,,,,,,,,,,,,,,,False,False,False,False,False,False,2026-10-07 14:40:36,partial_ok,"no_data:eps,roe,revenue,profit,valuation",no_data,empty,no_data,empty,no_data,empty,no_data,empty,no_data,empty,ok,FINMIND_TOKEN,eyJ0...py2s,5245,6000,755,2026-10-07 14:40:38
00953B,群益優選非投等債,,,,,,,,,,,,,,,,,,,,,,,,,,False,False,False,False,False,False,2026-10-07 14:40:39,partial_ok,"no_data:eps,roe,revenue,profit,valuation",no_data,empty,no_data,empty,no_data,empty,no_data,empty,no_data,empty,ok,FINMIND_TOKEN,eyJ0...py2s,5245,6000,755,2026-10-07 14:40:41
00981A,主動統一台股增長,,,,,,,,,,,,,,,,,,,,,,,,,,False,False,False,False,False,False,2026-10-07 14:40:41,partial_ok,"no_data:eps,roe,revenue,profit,valuation",no_data,empty,no_data,empty,no_data,empty,no_data,empty,no_data,empty,ok,FINMIND_TOKEN,eyJ0...py2s,5245,6000,755,2026-10-07 14:40:44
4746,台耀,,,,,5.13,5.24,0.49,6.29,16.05,17.19,39.04,-3.94,-2.56,7.75,-6.42,-6.44,-4.73,-6.14,5.56,,12.2,19.89,11.43,,,False,False,False,False,False,False,2026-10-06 11:05:13,ok,,no_data,empty,ok,,ok,,ok,,ok,,ok,FINMIND_TOKEN,eyJ0...py2s,0,6000,6000,2026-10-06 11:05:16
2451,創見,46.63,2,57.76,1465.31,25.99,87.87,4.84,-6.89,-23.19,275.47,77.03,0.64,42.7,75.08,3.28,50.95,63.23,3.63,50.21,,5.03,23.4,4.25,,,False,False,False,False,False,False,2026-09-30 10:45:06,ok,,ok,,ok,,ok,,ok,,ok,,ok,FINMIND_TOKEN,eyJ0...py2s,0,6000,6000,2026-09-30 10:45:09
2610,華航,1.08,2,2.18,-16.79,17.62,15.54,21.95,-1.29,3.39,27.22,11.13,-9.47,-7.54,4.18,-7.11,-7.15,2.89,-7.37,-5.39,,9.47,9.63,7.11,,,False,False,False,False,False,False,2026-09-30 10:45:34,ok,,ok,,ok,,ok,,ok,,ok,,ok,FINMIND_TOKEN,eyJ0...py2s,0,6000,6000,2026-09-30 10:45:37
2812,台中銀,0,0,1.53,2.0,10.42,11.19,1.98,7.94,0.66,1.76,,,,,,,,,,,11.22,14.07,11.1,,,False,False,False,False,False,False,2026-09-30 12:09:40,partial_ok,no_data:profit,ok,,ok,,ok,,no_data,empty,ok,,ok,FINMIND_TOKEN,eyJ0...py2s,0,6000,6000,2026-09-30 12:09:44
6414,樺漢,12.3,2,25.43,16.65,32.56,34.76,15.49,-5.58,-0.6,43.06,19.32,-0.79,1.1,5.55,0.18,6.32,5.74,0.78,-0.95,,16.28,23.37,12.62,,,False,False,False,False,False,False,2026-09-30 10:50:48,ok,,ok,,ok,,ok,,ok,,ok,,ok,FINMIND_TOKEN,eyJ0...py2s,0,6000,6000,2026-09-30 10:50:51
6919,康霈*,-0.21,2,-0.17,89.1,-3.68,-2.77,0.0,,,-100.0,65.26,15.26,-1.77,,,,-57.62,,,,0.0,0.0,0.0,,,False,False,False,False,True,False,2026-09-30 12:11:37,incomplete,profit:incomplete(partial),ok,,ok,,ok,,incomplete,partial,ok,,ok,FINMIND_TOKEN,eyJ0...py2s,0,6000,6000,2026-09-30 12:11:41
7750,新代,42.53,2,60.51,130.78,28.06,45.41,2.44,-15.09,-9.41,151.07,44.09,-4.68,-3.47,28.93,3.15,5.09,22.95,0.87,7.92,,32.92,96.48,32.49,,,False,False,False,False,False,False,2026-09-30 10:52:10,ok,,ok,,ok,,ok,,ok,,ok,,ok,FINMIND_TOKEN,eyJ0...py2s,0,6000,6000,2026-09-30 10:52:13
8210,勤誠,21.83,2,38.45,77.6,40.54,49.41,2.46,-0.22,-2.39,40.54,32.65,-0.18,2.73,24.63,-0.4,1.77,17.95,-1.26,2.43,,21.91,46.65,21.91,,,False,False,False,False,False,False,2026-09-30 10:52:45,ok,,ok,,ok,,ok,,ok,,ok,,ok,FINMIND_TOKEN,eyJ0...py2s,0,6000,6000,2026-09-30 10:52:48
6937,天虹,2.54,2,4.54,3.18,5.82,8.73,0.27,27.87,39.04,123.29,41.65,-0.12,2.44,16.04,3.07,10.09,14.52,3.92,10.84,,67.0,,,,,False,False,False,False,False,False,2026-09-20 12:28:57,ok,,ok,,ok,,ok,,ok,,ok,,ok,FINMIND_TOKEN,eyJ0...py2s,1214,6000,4786,2026-09-20 12:29:01
5246,勵威,-1.08,1,-7.27,-630.66,,-35.06,0.13,33.26,17.4,70.76,20.87,2.17,0.55,-7.4,0.2,-4.21,-9.0,-0.35,-3.6,,,,,,,False,False,False,False,False,False,2026-09-10 12:20:33,incomplete,roe:incomplete(partial),ok,,incomplete,partial,ok,,ok,,no_data,empty,ok,FINMIND_TOKEN,eyJ0...py2s,0,6000,6000,2026-09-10 12:20:36
6940,格斯科技*,-1.95,1,-9.53,-77.8,,,0.01,-4.04,-32.94,-94.36,-66.79,18.58,42.23,-145.31,-19.76,13.22,-162.86,-42.43,-5.37,,,,,,,False,False,True,True,True,False,2026-09-10 12:23:51,partial_ok,"no_data:roe,valuation",ok,,no_data,empty,ok,,ok,,no_data,empty,ok,FINMIND_TOKEN,eyJ0...py2s,0,6000,6000,2026-09-10 12:23:54
7899,景美,2.56,1,6.94,,,32.2,0.08,16.56,41.2,,39.66,5.63,-2.88,20.78,13.47,1.97,15.01,9.93,4.81,,,,,,,False,False,False,False,False,False,2026-09-10 12:24:33,incomplete,roe:incomplete(partial),ok,,incomplete,partial,ok,,ok,,no_data,empty,ok,FINMIND_TOKEN,eyJ0...py2s,0,6000,6000,2026-09-10 12:24:36
1102,亞泥,2.13,2,3.84,,5.65,7.3,5.4,-8.29,-5.2,-7.51,14.03,1.03,-4.04,9.6,1.61,-4.31,29.38,17.3,12.75,,9.54,,,,,False,False,False,False,False,False,2026-08-31 13:47:07,ok,,ok,,ok,,ok,,ok,,ok,,ok,FINMIND_TOKEN,eyJ0...py2s,5134,6000,866,2026-08-31 13:47:11
1210,大成,1.47,2,4.06,,16.41,16.87,9.64,7.68,5.95,21.5,13.35,-0.72,0.34,3.39,-1.0,-0.61,2.22,-1.38,-0.52,,12.63,,,,,False,False,False,False,False,False,2026-08-31 13:47:11,ok,,ok,,ok,,ok,,ok,,ok,,ok,FINMIND_TOKEN,eyJ0...py2s,5134,6000,866,2026-08-31 13:47:15
1229,聯華,1.2,2,2.48,,10.18,8.68,2.1,104.93,248.23,114.98,19.31,-4.01,-18.07,5.87,-3.78,-24.09,47.8,6.17,-2.26,,16.79,,,,,False,False,False,False,False,False,2026-08-31 13:47:20,ok,,ok,,ok,,ok,,ok,,ok,,ok,FINMIND_TOKEN,eyJ0...py2s,5134,6000,866,2026-08-31 13:47:24
1476,儒鴻,12.35,2,24.14,,18.84,24.15,3.75,-0.27,14.96,23.26,30.01,-2.16,4.36,19.18,-3.63,3.73,15.4,-3.67,9.21,,12.8,,,,,False,False,False,False,False,False,2026-08-31 13:47:46,ok,,ok,,ok,,ok,,ok,,ok,,ok,FINMIND_TOKEN,eyJ0...py2s,5134,6000,866,2026-08-31 13:47:50
1477,聚陽,7.65,2,14.65,,25.58,26.93,3.0,5.2,15.1,7.86,24.37,-1.77,2.34,13.3,-2.18,1.05,10.23,-1.88,1.93,,13.28,,,,,False,False,False,False,False,False,2026-08-31 13:47:50,ok,,ok,,ok,,ok,,ok,,ok,,ok,FINMIND_TOKEN,eyJ0...py2s,5134,6000,866,2026-08-31 13:47:54
1722,台肥,0.43,2,0.84,,1.7,1.54,0.99,20.94,-19.31,9.75,21.91,14.92,4.79,12.41,13.71,5.51,7.8,2.88,-6.44,,53.04,,,,,False,False,False,False,False,False,2026-08-31 13:48:39,ok,,ok,,ok,,ok,,ok,,ok,,ok,FINMIND_TOKEN,eyJ0...py2s,5134,6000,866,2026-08-31 13:48:45
1773,勝一,4.38,2,8.01,,19.45,22.44,1.34,6.89,12.73,33.55,36.67,-0.88,3.27,23.54,0.19,3.74,19.65,-0.25,2.88,,20.45,,,,,False,False,False,False,False,False,2026-08-31 13:48:50,ok,,ok,,ok,,ok,,ok,,ok,,ok,FINMIND_TOKEN,eyJ0...py2s,5134,6000,866,2026-08-31 13:48:55
1795,美時,4.65,2,14.5,,21.0,16.86,2.49,-26.69,-19.25,3.94,53.68,2.95,-5.16,26.49,3.83,-5.19,7.29,0.73,-8.05,,13.14,,,,,False,False,False,False,False,False,2026-08-31 13:48:55,ok,,ok,,ok,,ok,,ok,,ok,,ok,FINMIND_TOKEN,eyJ0...py2s,5134,6000,866,2026-08-31 13:48:59
1907,永豐餘,0.47,2,1.7,,3.07,4.04,6.45,-2.3,-5.02,7.28,14.58,1.08,0.73,0.67,1.1,0.89,2.87,1.44,2.78,,17.56,,,,,False,False,False,False,False,False,2026-08-31 13:49:04,ok,,ok,,ok,,ok,,ok,,ok,,ok,FINMIND_TOKEN,eyJ0...py2s,5134,6000,866,2026-08-31 13:49:08
2006,東和鋼鐵,4.07,2,7.53,,14.21,16.84,5.2,-5.06,-3.59,13.89,18.02,3.28,2.28,13.66,3.44,2.23,10.91,1.95,3.8,,10.73,,,,,False,False,False,False,False,False,2026-08-31 13:49:13,ok,,ok,,ok,,ok,,ok,,ok,,ok,FINMIND_TOKEN,eyJ0...py2s,5134,6000,866,2026-08-31 13:49:17
2027,大成鋼,3.1,2,4.9,,11.5,19.98,12.62,5.97,1.72,46.12,30.49,3.17,6.15,21.11,3.04,7.29,15.05,3.78,9.93,,9.63,,,,,False,False,False,False,False,False,2026-08-31 13:49:17,ok,,ok,,ok,,ok,,ok,,ok,,ok,FINMIND_TOKEN,eyJ0...py2s,5134,6000,866,2026-08-31 13:49:22
2049,上銀,4.04,2,6.6,,3.8,5.88,2.68,5.0,8.39,33.94,34.17,2.23,4.43,13.77,3.89,5.36,10.87,2.26,9.13,,53.03,,,,,False,False,False,False,False,False,2026-08-31 13:49:22,ok,,ok,,ok,,ok,,ok,,ok,,ok,FINMIND_TOKEN,eyJ0...py2s,5134,6000,866,2026-08-31 13:49:26
2105,正新,1.05,2,1.82,,5.47,7.15,8.6,0.28,-0.52,12.4,24.83,-0.01,2.99,9.98,0.05,2.38,6.15,-1.77,2.21,,16.98,,,,,False,False,False,False,False,False,2026-08-31 13:49:30,ok,,ok,,ok,,ok,,ok,,ok,,ok,FINMIND_TOKEN,eyJ0...py2s,5134,6000,866,2026-08-31 13:49:35
2206,三陽工業,3.14,2,5.87,,19.11,19.4,5.41,6.68,3.03,-5.94,20.72,-0.48,-1.06,8.03,-1.39,-2.58,8.86,1.49,1.29,,10.57,,,,,False,False,False,False,False,False,2026-08-31 13:49:35,ok,,ok,,ok,,ok,,ok,,ok,,ok,FINMIND_TOKEN,eyJ0...py2s,5134,6000,866,2026-08-31 13:49:39
2258,鴻華先進-創,-1.15,2,-2.62,,-24.59,-33.56,0.6,31.41,22.02,113.29,10.29,-3.37,-9.13,-75.01,31.75,-13.03,-74.97,34.82,-20.07,,0.0,,,,,False,False,False,False,False,False,2026-08-31 13:49:48,ok,,ok,,ok,,ok,,ok,,ok,,ok,FINMIND_TOKEN,eyJ0...py2s,5134,6000,866,2026-08-31 13:49:52
2312,金寶,0.7,2,1.2,,9.28,11.71,16.02,7.86,32.17,49.23,6.89,0.02,0.38,3.13,0.66,0.24,198.0,89.0,105.0,,27.18,,,,,False,False,False,False,False,False,2026-08-31 13:50:06,ok,,ok,,ok,,ok,,ok,,ok,,ok,FINMIND_TOKEN,eyJ0...py2s,5134,6000,866,2026-08-31 13:50:10
2352,佳世達,0.58,2,0.78,,4.34,5.39,18.19,-2.56,8.21,4.13,17.27,0.6,1.13,1.24,-0.1,-0.18,1.98,1.25,1.29,,36.82,,,,,False,False,False,False,False,False,2026-08-31 13:50:49,ok,,ok,,ok,,ok,,ok,,ok,,ok,FINMIND_TOKEN,eyJ0...py2s,5134,6000,866,2026-08-31 13:50:53
2354,鴻準,1.1,2,2.36,,2.86,3.04,21.42,42.3,228.21,37.46,4.03,-0.81,1.06,1.13,-0.35,0.18,2.89,0.3,1.59,,27.42,,,,,False,False,False,False,False,False,2026-08-31 13:50:58,ok,,ok,,ok,,ok,,ok,,ok,,ok,FINMIND_TOKEN,eyJ0...py2s,5134,6000,866,2026-08-31 13:51:02
2371,大同,0.91,2,-4.65,,-19.64,-18.46,3.68,-30.51,-11.14,-14.15,17.37,0.93,-0.09,5.25,1.48,-0.89,16.34,17.02,13.47,,0.0,,,,,False,False,False,False,False,False,2026-08-31 13:51:20,ok,,ok,,ok,,ok,,ok,,ok,,ok,FINMIND_TOKEN,eyJ0...py2s,5134,6000,866,2026-08-31 13:51:24
2385,群光,5.06,2,8.97,,16.92,19.01,7.06,-10.54,-2.97,-12.24,13.62,-2.53,-4.11,2.46,-5.09,-5.37,11.8,4.55,2.15,,11.95,,,,,False,False,False,False,False,False,2026-08-31 13:51:46,ok,,ok,,ok,,ok,,ok,,ok,,ok,FINMIND_TOKEN,eyJ0...py2s,5134,6000,866,2026-08-31 13:51:50
2441,超豐,2.97,2,5.41,,10.52,12.44,2.0,6.59,20.03,41.65,24.25,0.62,2.38,20.5,0.94,2.03,16.93,0.03,5.95,,21.39,,,,,False,False,False,False,False,False,2026-08-31 13:52:17,ok,,ok,,ok,,ok,,ok,,ok,,ok,FINMIND_TOKEN,eyJ0...py2s,5134,6000,866,2026-08-31 13:52:21
2458,義隆,5.53,2,10.91,,22.97,28.67,0.88,-17.09,-23.04,-13.21,47.42,-0.21,-0.63,21.75,-2.4,-2.8,26.39,5.43,16.16,,12.59,,,,,False,False,False,False,False,False,2026-08-31 13:52:38,ok,,ok,,ok,,ok,,ok,,ok,,ok,FINMIND_TOKEN,eyJ0...py2s,5134,6000,866,2026-08-31 13:52:43
2464,盟立,0.66,2,0.41,,-3.33,1.59,0.86,6.2,31.9,62.1,22.17,3.5,1.39,6.19,3.95,6.02,3.98,1.33,11.36,,473.68,,,,,False,False,False,False,False,False,2026-08-31 13:52:43,ok,,ok,,ok,,ok,,ok,,ok,,ok,FINMIND_TOKEN,eyJ0...py2s,5134,6000,866,2026-08-31 13:52:47
2474,可成,5.14,2,13.64,,4.77,6.04,1.06,31.28,10.21,-34.29,28.86,0.06,-1.6,1.78,-4.67,-16.01,52.61,11.92,72.45,,13.87,,,,,False,False,False,False,False,False,2026-08-31 13:52:52,ok,,ok,,ok,,ok,,ok,,ok,,ok,FINMIND_TOKEN,eyJ0...py2s,5134,6000,866,2026-08-31 13:52:56
2539,櫻花建,2.36,2,4.21,,25.62,28.11,0.53,-50.0,-74.44,-15.44,44.63,-0.73,3.71,40.65,0.16,10.14,32.99,0.09,8.36,,8.59,,,,,False,False,False,False,False,False,2026-08-31 13:53:10,ok,,ok,,ok,,ok,,ok,,ok,,ok,FINMIND_TOKEN,eyJ0...py2s,5134,6000,866,2026-08-31 13:53:14
2540,愛山林,0.02,2,-0.01,,4.49,-0.06,1.09,15.21,104.83,7.03,20.18,3.52,-7.35,4.0,3.03,-13.8,1.3,1.96,-11.92,,0.0,,,,,False,False,False,False,False,False,2026-08-31 13:53:14,ok,,ok,,ok,,ok,,ok,,ok,,ok,FINMIND_TOKEN,eyJ0...py2s,5134,6000,866,2026-08-31 13:53:19
2542,興富發,2.45,2,4.32,,10.47,24.95,4.81,-6.82,-32.91,196.59,31.85,1.74,11.48,25.33,1.16,18.11,22.24,2.35,14.26,,10.8,,,,,False,False,False,False,False,False,2026-08-31 13:53:19,ok,,ok,,ok,,ok,,ok,,ok,,ok,FINMIND_TOKEN,eyJ0...py2s,5134,6000,866,2026-08-31 13:53:23
2597,潤弘,5.08,2,11.66,,40.9,55.0,2.79,-10.17,2.26,3.13,16.8,-0.9,0.17,12.88,-0.61,0.03,10.58,-0.54,-0.34,,14.67,,,,,False,False,False,False,False,False,2026-08-31 13:53:23,ok,,ok,,ok,,ok,,ok,,ok,,ok,FINMIND_TOKEN,eyJ0...py2s,5134,6000,866,2026-08-31 13:53:27
2606,裕民,3.51,2,6.78,,9.18,15.79,1.76,2.88,4.32,26.34,35.36,3.4,12.55,31.07,5.69,13.26,39.41,14.03,21.46,,11.22,,,,,False,False,False,False,False,False,2026-08-31 13:53:32,ok,,ok,,ok,,ok,,ok,,ok,,ok,FINMIND_TOKEN,eyJ0...py2s,5134,6000,866,2026-08-31 13:53:36
2633,台灣高鐵,0.67,2,1.22,,9.09,9.8,4.57,3.66,-4.69,4.27,41.39,-5.46,-0.56,37.11,-6.12,-0.98,11.9,-3.2,-0.27,,21.31,,,,,False,False,False,False,False,False,2026-08-31 13:53:53,ok,,ok,,ok,,ok,,ok,,ok,,ok,FINMIND_TOKEN,eyJ0...py2s,5134,6000,866,2026-08-31 13:53:57
2634,漢翔,1.3,2,2.07,,4.06,11.09,3.2,12.41,10.26,19.99,18.99,11.19,11.27,15.22,11.63,11.41,10.5,7.06,13.26,,32.32,,,,,False,False,False,False,False,False,2026-08-31 13:53:57,ok,,ok,,ok,,ok,,ok,,ok,,ok,FINMIND_TOKEN,eyJ0...py2s,5134,6000,866,2026-08-31 13:54:02
2637,慧洋-KY,4.09,2,8.98,,7.83,14.5,2.1,11.71,27.46,56.22,39.17,10.49,21.12,38.04,10.44,21.18,34.86,7.31,22.66,,10.47,,,,,False,False,False,False,False,False,2026-08-31 13:54:02,ok,,ok,,ok,,ok,,ok,,ok,,ok,FINMIND_TOKEN,eyJ0...py2s,5134,6000,866,2026-08-31 13:54:06
2645,長榮航太,4.59,2,7.84,,15.26,22.79,1.72,-5.59,0.81,18.48,21.32,-6.22,-0.83,17.05,-6.78,-1.63,14.43,-5.94,8.67,,22.07,,,,,False,False,False,False,False,False,2026-08-31 13:54:06,ok,,ok,,ok,,ok,,ok,,ok,,ok,FINMIND_TOKEN,eyJ0...py2s,5134,6000,866,2026-08-31 13:54:10
2646,星宇航空,-0.12,2,-0.34,,0.89,-3.09,5.73,8.36,22.4,42.79,3.81,-16.36,-10.96,-5.68,-15.55,-8.81,-8.49,-15.1,-8.57,,0.0,,,,,False,False,False,False,False,False,2026-08-31 13:54:11,ok,,ok,,ok,,ok,,ok,,ok,,ok,FINMIND_TOKEN,eyJ0...py2s,5134,6000,866,2026-08-31 13:54:15
2838,聯邦銀,0,0,1.29,,7.49,8.45,1.36,-27.13,-43.22,-22.04,,,,,,,,,,,12.98,,,,,False,False,False,False,False,False,2026-09-01 12:33:11,partial_ok,no_data:profit,ok,,ok,,ok,,no_data,empty,ok,,ok,FINMIND_TOKEN,eyJ0...py2s,0,6000,6000,2026-09-01 12:33:14
2845,遠東銀,0,0,0.93,,6.36,7.39,1.28,-2.1,6.17,5.43,,,,,,,,,,,13.51,,,,,False,False,False,False,False,False,2026-09-01 12:33:14,partial_ok,no_data:profit,ok,,ok,,ok,,no_data,empty,ok,,ok,FINMIND_TOKEN,eyJ0...py2s,0,6000,6000,2026-09-01 12:33:17
2850,新產,0,0,12.28,,18.57,22.82,2.43,-2.69,-13.11,16.84,,,,27.3,8.08,8.12,22.33,5.45,6.85,,10.44,,,,,False,False,False,True,True,False,2026-09-01 12:33:17,incomplete,profit:incomplete(partial),ok,,ok,,ok,,incomplete,partial,ok,,ok,FINMIND_TOKEN,eyJ0...py2s,0,6000,6000,2026-09-01 12:33:20
2855,統一證,0,0,3.0,,12.89,37.64,1.69,-47.58,-61.99,19.6,,,,48.68,10.43,37.24,76.87,34.99,51.2,,5.19,,,,,False,False,False,False,False,False,2026-09-01 12:33:20,incomplete,profit:incomplete(partial),ok,,ok,,ok,,incomplete,partial,ok,,ok,FINMIND_TOKEN,eyJ0...py2s,0,6000,6000,2026-09-01 12:33:23
2867,三商壽,0,0,0.2,,1.61,6.12,-2.0,-130.06,-110.37,-117.68,,,,0.03,-2.97,1.07,0.62,-3.46,2.17,,8.22,,,,,False,False,False,True,True,False,2026-09-01 12:33:23,incomplete,profit:incomplete(partial),ok,,ok,,ok,,incomplete,partial,ok,,ok,FINMIND_TOKEN,eyJ0...py2s,0,6000,6000,2026-09-01 12:33:26
2889,國票金,0,0,0.63,,5.54,10.8,1.11,-33.06,-26.02,16.12,,,,,,,,,,,12.83,,,,,False,False,False,False,False,False,2026-09-01 12:33:51,partial_ok,no_data:profit,ok,,ok,,ok,,no_data,empty,ok,,ok,FINMIND_TOKEN,eyJ0...py2s,0,6000,6000,2026-09-01 12:33:54
2915,潤泰全,8.95,2,14.23,,10.18,12.23,0.14,-41.22,-11.16,-18.52,49.29,4.59,12.59,13.32,15.28,8.56,149.5,130.33,,,4.03,,,,,False,False,False,False,True,False,2026-08-31 13:55:45,ok,,ok,,ok,,ok,,ok,,ok,,ok,FINMIND_TOKEN,eyJ0...py2s,5134,6000,866,2026-08-31 13:55:49
2923,鼎固-KY,-0.11,2,-3.14,,-12.69,-10.41,0.64,-28.05,10.06,75.3,48.68,-10.48,21.42,-22.34,-75.22,102.95,5.91,4.5,86.53,,0.0,,,,,False,False,False,False,False,False,2026-08-31 13:55:49,ok,,ok,,ok,,ok,,ok,,ok,,ok,FINMIND_TOKEN,eyJ0...py2s,5134,6000,866,2026-08-31 13:55:54
3005,神基,4.26,2,8.45,,21.59,23.69,3.62,-14.82,1.7,16.14,31.69,0.63,-1.89,16.82,3.31,-1.19,14.43,1.8,-0.41,,13.9,,,,,False,False,False,False,False,False,2026-08-31 13:55:55,ok,,ok,,ok,,ok,,ok,,ok,,ok,FINMIND_TOKEN,eyJ0...py2s,5134,6000,866,2026-08-31 13:55:59
3006,晶豪科,27.43,2,31.16,,2.36,63.82,6.78,40.02,46.4,491.06,68.7,21.18,64.85,51.43,20.4,63.31,42.34,13.94,64.45,,9.22,,,,,False,False,False,False,False,False,2026-08-31 13:55:59,ok,,ok,,ok,,ok,,ok,,ok,,ok,FINMIND_TOKEN,eyJ0...py2s,5134,6000,866,2026-08-31 13:56:03
3023,信邦,7.36,2,13.37,,19.67,21.33,3.17,2.41,7.01,28.97,24.54,0.03,-0.17,10.41,-1.12,-0.85,10.09,-0.31,0.32,,23.37,,,,,False,False,False,False,False,False,2026-08-31 13:56:16,ok,,ok,,ok,,ok,,ok,,ok,,ok,FINMIND_TOKEN,eyJ0...py2s,5134,6000,866,2026-08-31 13:56:20
3026,禾伸堂,6.73,2,10.24,,10.19,16.18,1.5,8.89,5.15,37.05,26.18,1.94,6.37,15.29,1.93,6.23,14.95,2.36,7.7,,72.39,,,,,False,False,False,False,False,False,2026-08-31 13:56:20,ok,,ok,,ok,,ok,,ok,,ok,,ok,FINMIND_TOKEN,eyJ0...py2s,5134,6000,866,2026-08-31 13:56:25
3030,德律,7.36,2,13.19,,27.72,34.97,1.03,35.34,-7.08,38.19,58.7,-1.57,0.32,38.95,0.79,-0.71,30.95,-2.9,9.02,,22.01,,,,,False,False,False,False,False,False,2026-08-31 13:56:25,ok,,ok,,ok,,ok,,ok,,ok,,ok,FINMIND_TOKEN,eyJ0...py2s,5134,6000,866,2026-08-31 13:56:29
3042,晶技,2.96,2,5.78,,11.19,13.02,1.37,14.48,5.97,22.91,33.11,0.78,-0.5,16.82,1.74,0.49,15.09,1.59,4.12,,32.04,,,,,False,False,False,False,False,False,2026-08-31 13:56:46,ok,,ok,,ok,,ok,,ok,,ok,,ok,FINMIND_TOKEN,eyJ0...py2s,5134,6000,866,2026-08-31 13:56:50
3406,玉晶光,13.99,2,36.96,,14.46,17.12,2.42,39.28,4.66,1.63,33.16,-0.4,4.09,16.89,-2.66,4.41,12.21,-2.31,7.16,,27.19,,,,,False,False,False,False,False,False,2026-08-31 13:58:15,ok,,ok,,ok,,ok,,ok,,ok,,ok,FINMIND_TOKEN,eyJ0...py2s,5134,6000,866,2026-08-31 13:58:19
3576,聯合再生,0.93,2,0.54,,-11.51,7.44,0.31,47.9,36.63,72.75,-6.83,38.82,24.29,-34.7,51.95,23.91,-30.27,6.29,30.77,,33.7,,,,,False,False,False,False,False,False,2026-08-31 13:58:54,ok,,ok,,ok,,ok,,ok,,ok,,ok,FINMIND_TOKEN,eyJ0...py2s,5134,6000,866,2026-08-31 13:58:58
3706,神達,2.58,2,5.6,,11.06,11.45,12.83,-18.17,10.32,49.73,9.15,-0.06,-1.57,4.14,0.42,-0.56,4.97,0.15,-0.81,,16.52,,,,,False,False,False,False,False,False,2026-08-31 13:59:43,ok,,ok,,ok,,ok,,ok,,ok,,ok,FINMIND_TOKEN,eyJ0...py2s,5134,6000,866,2026-08-31 13:59:47
4763,材料*-KY,1.85,2,4.17,,33.5,23.33,1.06,4.5,20.63,32.05,40.89,-14.69,-17.34,34.15,-15.43,-19.52,25.28,-15.8,-19.01,,11.1,,,,,False,False,False,False,False,False,2026-08-31 13:59:59,ok,,ok,,ok,,ok,,ok,,ok,,ok,FINMIND_TOKEN,eyJ0...py2s,5134,6000,866,2026-08-31 14:00:04
4919,新唐,-0.56,2,-3.44,,-11.57,-9.42,2.57,-5.35,1.93,7.92,38.02,-1.32,3.12,-4.19,-2.79,-0.33,-3.13,-3.22,5.5,,0.0,,,,,False,False,False,False,False,False,2026-08-31 14:00:12,ok,,ok,,ok,,ok,,ok,,ok,,ok,FINMIND_TOKEN,eyJ0...py2s,5134,6000,866,2026-08-31 14:00:17
5434,崇越,14.78,2,26.89,,22.2,26.66,8.17,8.88,20.63,42.61,13.5,-0.08,1.79,7.12,-0.6,1.13,7.41,0.21,2.01,,19.27,,,,,False,False,False,False,False,False,2026-08-31 14:01:25,ok,,ok,,ok,,ok,,ok,,ok,,ok,FINMIND_TOKEN,eyJ0...py2s,5134,6000,866,2026-08-31 14:01:32
5522,遠雄,1.99,2,10.02,,12.03,17.07,3.55,78.34,1450.84,189.24,32.75,-4.1,8.53,17.77,-8.95,75.14,6.25,-18.09,88.93,,6.15,,,,,False,False,False,False,False,False,2026-08-31 14:01:38,ok,,ok,,ok,,ok,,ok,,ok,,ok,FINMIND_TOKEN,eyJ0...py2s,5134,6000,866,2026-08-31 14:01:46
6409,旭隼,12.58,2,25.97,,36.14,29.63,2.01,3.82,14.14,25.81,25.28,-0.82,-3.39,18.12,0.01,-2.07,12.82,3.51,-13.4,,40.1,,,,,False,False,False,False,False,False,2026-08-31 14:03:41,ok,,ok,,ok,,ok,,ok,,ok,,ok,FINMIND_TOKEN,eyJ0...py2s,5134,6000,866,2026-08-31 14:03:45
6472,保瑞,4.57,2,12.22,,21.57,12.03,1.9,-17.25,28.12,5.77,41.26,5.21,-0.22,16.78,6.6,-3.61,10.14,9.33,-2.91,,35.7,,,,,False,False,False,False,False,False,2026-08-31 14:04:11,ok,,ok,,ok,,ok,,ok,,ok,,ok,FINMIND_TOKEN,eyJ0...py2s,5134,6000,866,2026-08-31 14:04:15
6781,AES-KY,23.45,2,42.29,,20.71,22.87,1.72,2.26,13.17,28.24,39.06,2.96,2.83,27.26,3.1,2.44,22.76,2.7,1.99,,26.61,,,,,False,False,False,False,False,False,2026-08-31 14:05:26,ok,,ok,,ok,,ok,,ok,,ok,,ok,FINMIND_TOKEN,eyJ0...py2s,5134,6000,866,2026-08-31 14:05:31
6944,兆聯實業,18.83,2,37.81,,37.95,41.41,1.8,-4.89,18.56,29.31,28.44,1.29,7.45,23.83,1.32,5.97,17.17,0.75,3.48,,17.81,,,,,False,False,False,False,False,False,2026-08-31 14:05:51,ok,,ok,,ok,,ok,,ok,,ok,,ok,FINMIND_TOKEN,eyJ0...py2s,5134,6000,866,2026-08-31 14:05:55
6949,沛爾生醫-創,-2.54,2,-7.14,,-34.8,-26.53,0.0,-23.05,-15.18,-22.6,-20.09,-1.17,36.37,,,,,,,,0.0,,,,,False,False,False,False,False,False,2026-09-01 12:35:12,incomplete,profit:incomplete(partial),ok,,ok,,ok,,incomplete,partial,ok,,ok,FINMIND_TOKEN,eyJ0...py2s,0,6000,6000,2026-09-01 12:35:15
7610,聯友金屬-創,27.19,2,32.14,,20.19,86.3,0.97,29.05,73.38,721.99,67.73,-6.15,46.24,61.47,-5.14,46.88,49.13,-3.32,38.17,,43.2,,,,,False,False,False,False,False,False,2026-08-31 14:06:00,ok,,ok,,ok,,ok,,ok,,ok,,ok,FINMIND_TOKEN,eyJ0...py2s,5134,6000,866,2026-08-31 14:06:04
7799,禾榮科,-1.05,2,-3.14,,-7.47,-7.67,0.0,,,-100.0,-0.59,175.03,-184.43,,,,,,,,0.0,,,,,False,False,True,False,False,False,2026-09-01 12:35:22,incomplete,profit:incomplete(partial),ok,,ok,,ok,,incomplete,partial,ok,,ok,FINMIND_TOKEN,eyJ0...py2s,0,6000,6000,2026-09-01 12:35:24
8112,至上,9.45,2,13.86,,15.28,39.24,76.87,24.74,119.26,333.48,3.77,-0.08,0.9,3.21,0.11,1.29,196.0,-2.0,158.0,,6.87,,,,,False,False,False,False,False,False,2026-08-31 14:07:25,ok,,ok,,ok,,ok,,ok,,ok,,ok,FINMIND_TOKEN,eyJ0...py2s,5134,6000,866,2026-08-31 14:07:30
8150,南茂,2.0,2,3.21,,2.02,9.35,2.82,11.21,14.73,43.6,17.96,4.18,11.36,12.84,5.35,12.47,12.08,4.8,21.37,,27.76,,,,,False,False,False,False,False,False,2026-08-31 14:07:30,ok,,ok,,ok,,ok,,ok,,ok,,ok,FINMIND_TOKEN,eyJ0...py2s,5134,6000,866,2026-08-31 14:07:34
8454,富邦媒,4.81,2,10.4,,30.44,33.47,8.55,-12.93,3.31,5.23,9.22,0.17,0.04,2.93,-0.04,-0.04,2.33,-0.1,-0.17,,23.77,,,,,False,False,False,False,False,False,2026-08-31 14:08:01,ok,,ok,,ok,,ok,,ok,,ok,,ok,FINMIND_TOKEN,eyJ0...py2s,5134,6000,866,2026-08-31 14:08:08
8464,億豐,10.37,2,22.9,,24.08,26.22,3.0,10.52,14.43,16.43,59.95,0.86,0.72,27.25,-0.86,-3.84,18.74,-4.96,2.95,,16.34,,,,,False,False,False,False,False,False,2026-08-31 14:08:08,ok,,ok,,ok,,ok,,ok,,ok,,ok,FINMIND_TOKEN,eyJ0...py2s,5134,6000,866,2026-08-31 14:08:53
8926,台汽電,3.29,2,4.07,,11.48,21.41,6.15,-8.55,-9.42,1459.06,9.1,0.58,-11.89,8.0,-0.45,-7.35,6.69,-6.33,-31.5,,15.36,,,,,False,False,False,False,False,False,2026-08-31 14:08:53,ok,,ok,,ok,,ok,,ok,,ok,,ok,FINMIND_TOKEN,eyJ0...py2s,5134,6000,866,2026-08-31 14:08:58
9904,寶成,2.37,2,4.72,,13.29,12.23,19.56,3.23,-12.45,-0.64,20.04,-2.1,-2.65,1.35,-1.81,-3.19,8.54,3.68,3.69,,5.26,,,,,False,False,False,False,False,False,2026-08-31 14:09:28,ok,,ok,,ok,,ok,,ok,,ok,,ok,FINMIND_TOKEN,eyJ0...py2s,5134,6000,866,2026-08-31 14:09:32
9910,豐泰,1.71,2,4.92,,20.61,22.89,7.39,8.12,8.42,1.0,19.43,2.04,-4.74,5.92,1.92,-5.53,5.07,1.59,1.01,,13.76,,,,,False,False,False,False,False,False,2026-08-31 14:09:33,ok,,ok,,ok,,ok,,ok,,ok,,ok,FINMIND_TOKEN,eyJ0...py2s,5134,6000,866,2026-08-31 14:09:37
9917,中保科,3.35,2,6.86,,22.96,25.24,1.62,-3.36,1.75,4.94,32.96,-0.94,-0.16,17.33,-0.28,1.26,16.37,0.87,0.45,,15.45,,,,,False,False,False,False,False,False,2026-08-31 14:09:38,ok,,ok,,ok,,ok,,ok,,ok,,ok,FINMIND_TOKEN,eyJ0...py2s,5134,6000,866,2026-08-31 14:09:42
9941,裕融,3.87,2,7.83,,11.56,11.97,3.44,4.07,3.77,2.26,42.49,-1.18,-0.72,15.04,0.54,0.86,12.28,1.01,1.54,,12.4,,,,,False,False,False,False,False,False,2026-08-31 14:09:42,ok,,ok,,ok,,ok,,ok,,ok,,ok,FINMIND_TOKEN,eyJ0...py2s,5134,6000,866,2026-08-31 14:09:46
9945,潤泰新,3.71,2,5.92,,13.75,15.51,3.32,-26.87,-15.68,2.01,27.1,2.36,2.2,21.64,3.93,3.18,58.22,21.3,37.33,,4.86,,,,,False,False,False,False,False,False,2026-08-31 14:09:46,ok,,ok,,ok,,ok,,ok,,ok,,ok,FINMIND_TOKEN,eyJ0...py2s,5134,6000,866,2026-08-31 14:09:50
1597,直得,1.29,2.0,2.04,,3.31,7.46,0.14,3.62,-11.25,47.75,42.21,0.45,0.13,18.1,4.85,6.41,17.8,6.46,17.39,,74.51,,,,,False,False,False,False,False,False,2026-08-29 13:10:06,ok,,ok,,ok,,ok,,ok,,ok,,ok,FINMIND_TOKEN,eyJ0...py2s,0,6000,6000,2026-08-29 13:10:09
1760,寶齡富錦,1.06,2.0,2.51,,9.81,11.63,0.17,30.49,19.76,19.55,50.62,-1.25,-2.7,12.09,-3.94,-3.66,7.64,-2.32,0.1,,23.23,,,,,False,False,False,False,False,False,2026-08-29 13:10:24,ok,,ok,,ok,,ok,,ok,,ok,,ok,FINMIND_TOKEN,eyJ0...py2s,0,6000,6000,2026-08-29 13:10:27
6197,佳必琪,7.0,2.0,11.95,,23.93,31.79,0.83,-6.73,3.39,15.29,35.98,0.21,1.54,22.88,0.25,1.15,19.09,-1.15,5.38,,26.16,,,,,False,False,False,False,False,False,2026-08-29 13:19:56,ok,,ok,,ok,,ok,,ok,,ok,,ok,FINMIND_TOKEN,eyJ0...py2s,0,6000,6000,2026-08-29 13:19:59
00942B,台新美A公司債20+,,,,,,,,,,,,,,,,,,,,,,,,,,False,False,False,False,False,False,2026-08-25 16:12:36,partial_ok,"no_data:eps,roe,revenue,profit,valuation",no_data,empty,no_data,empty,no_data,empty,no_data,empty,no_data,empty,ok,FINMIND_TOKEN,eyJ0...py2s,312,6000,5688,2026-08-25 16:12:41
00987A,主動台新優勢成長,,,,,,,,,,,,,,,,,,,,,,,,,,False,False,False,False,False,False,2026-08-25 16:12:49,partial_ok,"no_data:eps,roe,revenue,profit,valuation",no_data,empty,no_data,empty,no_data,empty,no_data,empty,no_data,empty,ok,FINMIND_TOKEN,eyJ0...py2s,312,6000,5688,2026-08-25 16:12:52
00991A,主動復華未來50,,,,,,,,,,,,,,,,,,,,,,,,,,False,False,False,False,False,False,2026-08-25 16:12:53,partial_ok,"no_data:eps,roe,revenue,profit,valuation",no_data,empty,no_data,empty,no_data,empty,no_data,empty,no_data,empty,ok,FINMIND_TOKEN,eyJ0...py2s,312,6000,5688,2026-08-25 16:12:56
2375,凱美,0.78,,3.28,,4.14,3.61,0.62,14.34,17.37,37.92,16.96,-2.43,-2.86,6.01,-1.42,-2.34,5.92,-1.85,-4.36,,42.4,,,,,False,False,False,False,False,False,2026-08-13 14:11:41,ok,,ok,,ok,,ok,,ok,,ok,,ok,FINMIND_TOKEN,eyJ0...py2s,724,6000,5276,2026-08-13 14:11:45
2472,立隆電,2.39,,9.82,,23.41,26.51,1.33,4.03,11.03,36.23,31.55,1.54,-0.33,21.72,3.04,0.37,15.28,1.75,4.16,,25.76,,,,,False,False,False,False,False,False,2026-08-13 14:12:33,ok,,ok,,ok,,ok,,ok,,ok,,ok,FINMIND_TOKEN,eyJ0...py2s,724,6000,5276,2026-08-13 14:12:41
2478,大毅,1.77,,4.87,,7.16,10.16,0.66,5.89,21.9,47.49,28.69,3.68,6.93,18.28,5.18,6.77,14.97,3.52,8.72,,26.75,,,,,False,False,False,False,False,False,2026-08-13 14:12:41,ok,,ok,,ok,,ok,,ok,,ok,,ok,FINMIND_TOKEN,eyJ0...py2s,724,6000,5276,2026-08-13 14:12:46
2484,希華,0.54,,1.4,,2.77,5.74,0.24,13.65,0.8,7.1,26.71,4.51,9.75,13.16,6.32,8.86,13.12,3.84,15.85,,54.6,,,,,False,False,False,False,False,False,2026-08-13 14:12:50,ok,,ok,,ok,,ok,,ok,,ok,,ok,FINMIND_TOKEN,eyJ0...py2s,724,6000,5276,2026-08-13 14:12:54
3090,日電貿,3.21,,8.15,,12.49,17.72,2.1,24.64,13.67,66.62,18.09,-1.76,3.61,11.07,-2.25,2.05,17.85,6.91,14.81,,23.18,,,,,False,False,False,False,False,False,2026-08-13 14:15:19,ok,,ok,,ok,,ok,,ok,,ok,,ok,FINMIND_TOKEN,eyJ0...py2s,724,6000,5276,2026-08-13 14:15:23
3221,台嘉碩,0.46,,1.01,,-1.21,3.86,0.25,10.86,13.94,39.68,26.17,4.75,7.39,9.43,6.55,7.28,6.43,0.25,13.13,,48.86,,,,,False,False,False,False,False,False,2026-08-13 14:15:51,ok,,ok,,ok,,ok,,ok,,ok,,ok,FINMIND_TOKEN,eyJ0...py2s,724,6000,5276,2026-08-13 14:15:55
3236,千如,0.11,,0.72,,2.15,4.99,0.25,32.06,-3.64,35.53,25.9,3.11,3.39,6.5,4.26,2.67,1.77,-0.16,5.6,,65.69,,,,,False,False,False,False,False,False,2026-08-13 14:16:04,ok,,ok,,ok,,ok,,ok,,ok,,ok,FINMIND_TOKEN,eyJ0...py2s,724,6000,5276,2026-08-13 14:16:09
5285,界霖,1.01,,3.09,,5.24,10.96,0.6,16.22,3.86,27.24,17.64,-1.04,4.49,9.68,-0.19,5.38,6.36,-1.16,6.15,,25.76,,,,,False,False,False,False,False,False,2026-08-13 14:18:55,ok,,ok,,ok,,ok,,ok,,ok,,ok,FINMIND_TOKEN,eyJ0...py2s,724,6000,5276,2026-08-13 14:19:00
6174,安碁,0.44,,1.26,,5.06,9.8,0.08,15.7,9.23,40.74,38.06,3.84,1.23,15.39,5.28,5.61,11.15,1.25,14.66,,37.4,,,,,False,False,False,False,False,False,2026-08-13 14:19:39,ok,,ok,,ok,,ok,,ok,,ok,,ok,FINMIND_TOKEN,eyJ0...py2s,724,6000,5276,2026-08-13 14:19:43
6862,三集瑞-KY,1.0,,6.09,,14.12,9.86,0.19,14.04,35.81,27.86,32.55,-5.44,-8.01,12.89,-5.64,-12.42,10.64,-11.95,-15.53,,24.26,,,,,False,False,False,False,False,False,2026-08-13 14:22:06,ok,,ok,,ok,,ok,,ok,,ok,,ok,FINMIND_TOKEN,eyJ0...py2s,724,6000,5276,2026-08-13 14:22:10
8043,蜜望實,0.35,,4.14,,4.89,12.35,0.76,22.55,45.22,63.24,6.61,-0.5,4.92,1.6,-1.93,3.73,1.6,-4.06,4.55,,37.29,,,,,False,False,False,False,False,False,2026-08-13 14:23:19,ok,,ok,,ok,,ok,,ok,,ok,,ok,FINMIND_TOKEN,eyJ0...py2s,724,6000,5276,2026-08-13 14:23:24
8289,泰藝,0.36,,1.07,,0.18,4.69,0.22,17.49,29.85,61.6,24.05,0.23,-1.99,6.3,2.07,5.63,4.78,0.51,11.28,,45.09,,,,,False,False,False,False,False,False,2026-08-13 14:23:37,ok,,ok,,ok,,ok,,ok,,ok,,ok,FINMIND_TOKEN,eyJ0...py2s,724,6000,5276,2026-08-13 14:23:41
0063,1L 元大台灣50正2,,,,,,,,,,,,,,,,,,,,,,,,,,False,False,False,False,False,False,2026-08-11 08:14:06,partial_ok,"no_data:eps,roe,revenue,profit,valuation",no_data,empty,no_data,empty,no_data,empty,no_data,empty,no_data,empty,ok,FINMIND_TOKEN,eyJ0...py2s,458,6000,5542,2026-08-11 08:14:14
0067,9B 元大美債20年,,,,,,,,,,,,,,,,,,,,,,,,,,False,False,False,False,False,False,2026-08-11 08:14:14,partial_ok,"no_data:eps,roe,revenue,profit,valuation",no_data,empty,no_data,empty,no_data,empty,no_data,empty,no_data,empty,ok,FINMIND_TOKEN,eyJ0...py2s,458,6000,5542,2026-08-11 08:14:19
0068,7B 國泰20年美債,,,,,,,,,,,,,,,,,,,,,,,,,,False,False,False,False,False,False,2026-08-11 08:14:25,partial_ok,"no_data:eps,roe,revenue,profit,valuation",no_data,empty,no_data,empty,no_data,empty,no_data,empty,no_data,empty,ok,FINMIND_TOKEN,eyJ0...py2s,458,6000,5542,2026-08-11 08:14:28
0087,8 國泰永續高股息,,,,,,,,,,,,,,,,,,,,,,,,,,False,False,False,False,False,False,2026-08-11 08:14:28,partial_ok,"no_data:eps,roe,revenue,profit,valuation",no_data,empty,no_data,empty,no_data,empty,no_data,empty,no_data,empty,ok,FINMIND_TOKEN,eyJ0...py2s,458,6000,5542,2026-08-11 08:14:32
0089,2 富邦台灣半導體,,,,,,,,,,,,,,,,,,,,,,,,,,False,False,False,False,False,False,2026-08-11 08:14:33,partial_ok,"no_data:eps,roe,revenue,profit,valuation",no_data,empty,no_data,empty,no_data,empty,no_data,empty,no_data,empty,ok,FINMIND_TOKEN,eyJ0...py2s,458,6000,5542,2026-08-11 08:14:36
0091,9 群益台灣精選高息,,,,,,,,,,,,,,,,,,,,,,,,,,False,False,False,False,False,False,2026-08-11 08:14:36,partial_ok,"no_data:eps,roe,revenue,profit,valuation",no_data,empty,no_data,empty,no_data,empty,no_data,empty,no_data,empty,ok,FINMIND_TOKEN,eyJ0...py2s,458,6000,5542,2026-08-11 08:14:40
0093,7B 群益ESG投等債20+,,,,,,,,,,,,,,,,,,,,,,,,,,False,False,False,False,False,False,2026-08-11 08:14:40,partial_ok,"no_data:eps,roe,revenue,profit,valuation",no_data,empty,no_data,empty,no_data,empty,no_data,empty,no_data,empty,ok,FINMIND_TOKEN,eyJ0...py2s,458,6000,5542,2026-08-11 08:14:45
0094,2B 台新美A公司債20+,,,,,,,,,,,,,,,,,,,,,,,,,,False,False,False,False,False,False,2026-08-11 08:14:59,partial_ok,"no_data:eps,roe,revenue,profit,valuation",no_data,empty,no_data,empty,no_data,empty,no_data,empty,no_data,empty,ok,FINMIND_TOKEN,eyJ0...py2s,458,6000,5542,2026-08-11 08:15:01
0095,3B 群益優選非投等債,,,,,,,,,,,,,,,,,,,,,,,,,,False,False,False,False,False,False,2026-08-11 08:15:01,partial_ok,"no_data:eps,roe,revenue,profit,valuation",no_data,empty,no_data,empty,no_data,empty,no_data,empty,no_data,empty,ok,FINMIND_TOKEN,eyJ0...py2s,458,6000,5542,2026-08-11 08:15:08
0098,16 凱基台灣TOP50,,,,,,,,,,,,,,,,,,,,,,,,,,False,False,False,False,False,False,2026-08-11 08:15:27,partial_ok,"no_data:eps,roe,revenue,profit,valuation",no_data,empty,no_data,empty,no_data,empty,no_data,empty,no_data,empty,ok,FINMIND_TOKEN,eyJ0...py2s,458,6000,5542,2026-08-11 08:15:29
0099,1A 主動復華未來50,,,,,,,,,,,,,,,,,,,,,,,,,,False,False,False,False,False,False,2026-08-11 08:15:29,partial_ok,"no_data:eps,roe,revenue,profit,valuation",no_data,empty,no_data,empty,no_data,empty,no_data,empty,no_data,empty,ok,FINMIND_TOKEN,eyJ0...py2s,458,6000,5542,2026-08-11 08:15:38
4722,國精化,0.22,,1.72,,6.47,5.67,0.36,22.74,14.83,26.94,14.15,-3.69,-0.75,3.1,-2.01,-1.49,2.5,-5.32,-3.04,,129.29,,,,,False,False,False,False,False,False,2026-07-20 23:22:54,ok,,ok,,ok,,ok,,ok,,ok,,ok,FINMIND_TOKEN,eyJ0...py2s,1808,6000,4192,2026-07-20 23:22:58
