timestamp,event,source,stock_id,dataset,token_present,token_source,token_masked,login_status,login_message,request_count,dataset_request_count,user_count,api_request_limit,remain,status,status_code,message
2026-07-22 01:42:20,api_call,get_stock_data,1101,TaiwanStockPrice,False,,,missing_token,FINMIND_TOKEN is not set,1,1,,,,sent,,FinMind request sent with token in query params and/or Authorization header
2026-07-22 01:42:22,api_call,dividend source,1101,TaiwanStockDividend,False,,,missing_token,FINMIND_TOKEN is not set,2,1,,,,sent,,FinMind request sent with token in query params and/or Authorization header
2026-07-22 01:42:24,api_call,PER source,1101,TaiwanStockPER,False,,,missing_token,FINMIND_TOKEN is not set,3,1,,,,sent,,FinMind request sent with token in query params and/or Authorization header
2026-07-22 01:42:25,api_call,get_stock_data,1216,TaiwanStockPrice,False,,,missing_token,FINMIND_TOKEN is not set,4,2,,,,sent,,FinMind request sent with token in query params and/or Authorization header
2026-07-22 01:42:27,api_call,dividend source,1216,TaiwanStockDividend,False,,,missing_token,FINMIND_TOKEN is not set,5,2,,,,sent,,FinMind request sent with token in query params and/or Authorization header
2026-07-22 01:42:28,api_call,PER source,1216,TaiwanStockPER,False,,,missing_token,FINMIND_TOKEN is not set,6,2,,,,sent,,FinMind request sent with token in query params and/or Authorization header
2026-07-22 01:42:30,api_call,get_stock_data,1319,TaiwanStockPrice,False,,,missing_token,FINMIND_TOKEN is not set,7,3,,,,sent,,FinMind request sent with token in query params and/or Authorization header
2026-07-22 01:42:32,api_call,dividend source,1319,TaiwanStockDividend,False,,,missing_token,FINMIND_TOKEN is not set,8,3,,,,sent,,FinMind request sent with token in query params and/or Authorization header
2026-07-22 01:42:33,api_call,PER source,1319,TaiwanStockPER,False,,,missing_token,FINMIND_TOKEN is not set,9,3,,,,sent,,FinMind request sent with token in query params and/or Authorization header
2026-07-22 01:42:35,api_call,get_stock_data,1326,TaiwanStockPrice,False,,,missing_token,FINMIND_TOKEN is not set,10,4,,,,sent,,FinMind request sent with token in query params and/or Authorization header
2026-07-22 01:42:36,api_call,dividend source,1326,TaiwanStockDividend,False,,,missing_token,FINMIND_TOKEN is not set,11,4,,,,sent,,FinMind request sent with token in query params and/or Authorization header
2026-07-22 01:42:38,api_call,PER source,1326,TaiwanStockPER,False,,,missing_token,FINMIND_TOKEN is not set,12,4,,,,sent,,FinMind request sent with token in query params and/or Authorization header
2026-07-22 01:42:39,api_call,get_stock_data,1476,TaiwanStockPrice,False,,,missing_token,FINMIND_TOKEN is not set,13,5,,,,sent,,FinMind request sent with token in query params and/or Authorization header
2026-07-22 01:42:40,api_call,dividend source,1476,TaiwanStockDividend,False,,,missing_token,FINMIND_TOKEN is not set,14,5,,,,sent,,FinMind request sent with token in query params and/or Authorization header
2026-07-22 01:42:41,api_call,PER source,1476,TaiwanStockPER,False,,,missing_token,FINMIND_TOKEN is not set,15,5,,,,sent,,FinMind request sent with token in query params and/or Authorization header
2026-07-22 01:42:43,api_call,get_stock_data,1503,TaiwanStockPrice,False,,,missing_token,FINMIND_TOKEN is not set,16,6,,,,sent,,FinMind request sent with token in query params and/or Authorization header
2026-07-22 01:42:44,api_call,dividend source,1503,TaiwanStockDividend,False,,,missing_token,FINMIND_TOKEN is not set,17,6,,,,sent,,FinMind request sent with token in query params and/or Authorization header
2026-07-22 01:42:46,api_call,PER source,1503,TaiwanStockPER,False,,,missing_token,FINMIND_TOKEN is not set,18,6,,,,sent,,FinMind request sent with token in query params and/or Authorization header
2026-07-22 01:42:47,api_call,get_stock_data,1513,TaiwanStockPrice,False,,,missing_token,FINMIND_TOKEN is not set,19,7,,,,sent,,FinMind request sent with token in query params and/or Authorization header
2026-07-22 01:42:48,api_call,dividend source,1513,TaiwanStockDividend,False,,,missing_token,FINMIND_TOKEN is not set,20,7,,,,sent,,FinMind request sent with token in query params and/or Authorization header
2026-07-22 01:42:50,api_call,PER source,1513,TaiwanStockPER,False,,,missing_token,FINMIND_TOKEN is not set,21,7,,,,sent,,FinMind request sent with token in query params and/or Authorization header
2026-07-22 01:42:51,api_call,get_stock_data,1514,TaiwanStockPrice,False,,,missing_token,FINMIND_TOKEN is not set,22,8,,,,sent,,FinMind request sent with token in query params and/or Authorization header
2026-07-22 01:42:53,api_call,dividend source,1514,TaiwanStockDividend,False,,,missing_token,FINMIND_TOKEN is not set,23,8,,,,sent,,FinMind request sent with token in query params and/or Authorization header
2026-07-22 01:42:54,api_call,PER source,1514,TaiwanStockPER,False,,,missing_token,FINMIND_TOKEN is not set,24,8,,,,sent,,FinMind request sent with token in query params and/or Authorization header
2026-07-22 01:42:56,api_call,get_stock_data,1519,TaiwanStockPrice,False,,,missing_token,FINMIND_TOKEN is not set,25,9,,,,sent,,FinMind request sent with token in query params and/or Authorization header
2026-07-22 01:42:57,api_call,dividend source,1519,TaiwanStockDividend,False,,,missing_token,FINMIND_TOKEN is not set,26,9,,,,sent,,FinMind request sent with token in query params and/or Authorization header
2026-07-22 01:42:58,api_call,PER source,1519,TaiwanStockPER,False,,,missing_token,FINMIND_TOKEN is not set,27,9,,,,sent,,FinMind request sent with token in query params and/or Authorization header
2026-07-22 01:43:00,api_call,get_stock_data,1532,TaiwanStockPrice,False,,,missing_token,FINMIND_TOKEN is not set,28,10,,,,sent,,FinMind request sent with token in query params and/or Authorization header
2026-07-22 01:43:01,api_call,dividend source,1532,TaiwanStockDividend,False,,,missing_token,FINMIND_TOKEN is not set,29,10,,,,sent,,FinMind request sent with token in query params and/or Authorization header
2026-07-22 01:43:03,api_call,PER source,1532,TaiwanStockPER,False,,,missing_token,FINMIND_TOKEN is not set,30,10,,,,sent,,FinMind request sent with token in query params and/or Authorization header
2026-07-22 01:43:04,api_call,get_stock_data,1560,TaiwanStockPrice,False,,,missing_token,FINMIND_TOKEN is not set,31,11,,,,sent,,FinMind request sent with token in query params and/or Authorization header
2026-07-22 01:43:05,api_call,dividend source,1560,TaiwanStockDividend,False,,,missing_token,FINMIND_TOKEN is not set,32,11,,,,sent,,FinMind request sent with token in query params and/or Authorization header
2026-07-22 01:43:07,api_call,PER source,1560,TaiwanStockPER,False,,,missing_token,FINMIND_TOKEN is not set,33,11,,,,sent,,FinMind request sent with token in query params and/or Authorization header
2026-07-22 01:43:08,api_call,get_stock_data,1597,TaiwanStockPrice,False,,,missing_token,FINMIND_TOKEN is not set,34,12,,,,sent,,FinMind request sent with token in query params and/or Authorization header
2026-07-22 01:43:09,api_call,dividend source,1597,TaiwanStockDividend,False,,,missing_token,FINMIND_TOKEN is not set,35,12,,,,sent,,FinMind request sent with token in query params and/or Authorization header
2026-07-22 01:43:11,api_call,PER source,1597,TaiwanStockPER,False,,,missing_token,FINMIND_TOKEN is not set,36,12,,,,sent,,FinMind request sent with token in query params and/or Authorization header
2026-07-22 01:43:12,api_call,get_stock_data,1727,TaiwanStockPrice,False,,,missing_token,FINMIND_TOKEN is not set,37,13,,,,sent,,FinMind request sent with token in query params and/or Authorization header
2026-07-22 01:43:14,api_call,dividend source,1727,TaiwanStockDividend,False,,,missing_token,FINMIND_TOKEN is not set,38,13,,,,sent,,FinMind request sent with token in query params and/or Authorization header
2026-07-22 01:43:15,api_call,PER source,1727,TaiwanStockPER,False,,,missing_token,FINMIND_TOKEN is not set,39,13,,,,sent,,FinMind request sent with token in query params and/or Authorization header
2026-07-22 01:43:16,api_call,get_stock_data,1760,TaiwanStockPrice,False,,,missing_token,FINMIND_TOKEN is not set,40,14,,,,sent,,FinMind request sent with token in query params and/or Authorization header
2026-07-22 01:43:18,api_call,dividend source,1760,TaiwanStockDividend,False,,,missing_token,FINMIND_TOKEN is not set,41,14,,,,sent,,FinMind request sent with token in query params and/or Authorization header
2026-07-22 01:43:19,api_call,PER source,1760,TaiwanStockPER,False,,,missing_token,FINMIND_TOKEN is not set,42,14,,,,sent,,FinMind request sent with token in query params and/or Authorization header
2026-07-22 01:43:20,api_call,get_stock_data,1802,TaiwanStockPrice,False,,,missing_token,FINMIND_TOKEN is not set,43,15,,,,sent,,FinMind request sent with token in query params and/or Authorization header
2026-07-22 01:43:22,api_call,dividend source,1802,TaiwanStockDividend,False,,,missing_token,FINMIND_TOKEN is not set,44,15,,,,sent,,FinMind request sent with token in query params and/or Authorization header
2026-07-22 01:43:23,api_call,PER source,1802,TaiwanStockPER,False,,,missing_token,FINMIND_TOKEN is not set,45,15,,,,sent,,FinMind request sent with token in query params and/or Authorization header
2026-07-22 01:43:24,api_call,get_stock_data,2049,TaiwanStockPrice,False,,,missing_token,FINMIND_TOKEN is not set,46,16,,,,sent,,FinMind request sent with token in query params and/or Authorization header
2026-07-22 01:43:26,api_call,dividend source,2049,TaiwanStockDividend,False,,,missing_token,FINMIND_TOKEN is not set,47,16,,,,sent,,FinMind request sent with token in query params and/or Authorization header
2026-07-22 01:43:27,api_call,PER source,2049,TaiwanStockPER,False,,,missing_token,FINMIND_TOKEN is not set,48,16,,,,sent,,FinMind request sent with token in query params and/or Authorization header
2026-07-22 01:43:29,api_call,get_stock_data,2059,TaiwanStockPrice,False,,,missing_token,FINMIND_TOKEN is not set,49,17,,,,sent,,FinMind request sent with token in query params and/or Authorization header
2026-07-22 01:43:30,api_call,dividend source,2059,TaiwanStockDividend,False,,,missing_token,FINMIND_TOKEN is not set,50,17,,,,sent,,FinMind request sent with token in query params and/or Authorization header
2026-07-22 01:43:32,api_call,PER source,2059,TaiwanStockPER,False,,,missing_token,FINMIND_TOKEN is not set,51,17,,,,sent,,FinMind request sent with token in query params and/or Authorization header
2026-07-22 01:43:33,api_call,get_stock_data,2233,TaiwanStockPrice,False,,,missing_token,FINMIND_TOKEN is not set,52,18,,,,sent,,FinMind request sent with token in query params and/or Authorization header
2026-07-22 01:43:35,api_call,dividend source,2233,TaiwanStockDividend,False,,,missing_token,FINMIND_TOKEN is not set,53,18,,,,sent,,FinMind request sent with token in query params and/or Authorization header
2026-07-22 01:43:36,api_call,PER source,2233,TaiwanStockPER,False,,,missing_token,FINMIND_TOKEN is not set,54,18,,,,sent,,FinMind request sent with token in query params and/or Authorization header
2026-07-22 01:43:37,api_call,get_stock_data,2301,TaiwanStockPrice,False,,,missing_token,FINMIND_TOKEN is not set,55,19,,,,sent,,FinMind request sent with token in query params and/or Authorization header
2026-07-22 01:43:39,api_call,dividend source,2301,TaiwanStockDividend,False,,,missing_token,FINMIND_TOKEN is not set,56,19,,,,sent,,FinMind request sent with token in query params and/or Authorization header
2026-07-22 01:43:40,api_call,PER source,2301,TaiwanStockPER,False,,,missing_token,FINMIND_TOKEN is not set,57,19,,,,sent,,FinMind request sent with token in query params and/or Authorization header
2026-07-22 01:43:42,api_call,get_stock_data,2303,TaiwanStockPrice,False,,,missing_token,FINMIND_TOKEN is not set,58,20,,,,sent,,FinMind request sent with token in query params and/or Authorization header
2026-07-22 01:43:43,api_call,dividend source,2303,TaiwanStockDividend,False,,,missing_token,FINMIND_TOKEN is not set,59,20,,,,sent,,FinMind request sent with token in query params and/or Authorization header
2026-07-22 01:43:44,api_call,PER source,2303,TaiwanStockPER,False,,,missing_token,FINMIND_TOKEN is not set,60,20,,,,sent,,FinMind request sent with token in query params and/or Authorization header
2026-07-22 01:43:46,api_call,get_stock_data,2308,TaiwanStockPrice,False,,,missing_token,FINMIND_TOKEN is not set,61,21,,,,sent,,FinMind request sent with token in query params and/or Authorization header
2026-07-22 01:43:47,api_call,dividend source,2308,TaiwanStockDividend,False,,,missing_token,FINMIND_TOKEN is not set,62,21,,,,sent,,FinMind request sent with token in query params and/or Authorization header
2026-07-22 01:43:48,api_call,PER source,2308,TaiwanStockPER,False,,,missing_token,FINMIND_TOKEN is not set,63,21,,,,sent,,FinMind request sent with token in query params and/or Authorization header
2026-07-22 01:43:50,api_call,get_stock_data,2313,TaiwanStockPrice,False,,,missing_token,FINMIND_TOKEN is not set,64,22,,,,sent,,FinMind request sent with token in query params and/or Authorization header
2026-07-22 01:43:51,api_call,dividend source,2313,TaiwanStockDividend,False,,,missing_token,FINMIND_TOKEN is not set,65,22,,,,sent,,FinMind request sent with token in query params and/or Authorization header
2026-07-22 01:43:52,api_call,PER source,2313,TaiwanStockPER,False,,,missing_token,FINMIND_TOKEN is not set,66,22,,,,sent,,FinMind request sent with token in query params and/or Authorization header
2026-07-22 01:43:54,api_call,get_stock_data,2317,TaiwanStockPrice,False,,,missing_token,FINMIND_TOKEN is not set,67,23,,,,sent,,FinMind request sent with token in query params and/or Authorization header
2026-07-22 01:43:55,api_call,dividend source,2317,TaiwanStockDividend,False,,,missing_token,FINMIND_TOKEN is not set,68,23,,,,sent,,FinMind request sent with token in query params and/or Authorization header
2026-07-22 01:43:56,api_call,PER source,2317,TaiwanStockPER,False,,,missing_token,FINMIND_TOKEN is not set,69,23,,,,sent,,FinMind request sent with token in query params and/or Authorization header
2026-07-22 01:43:58,api_call,get_stock_data,2327,TaiwanStockPrice,False,,,missing_token,FINMIND_TOKEN is not set,70,24,,,,sent,,FinMind request sent with token in query params and/or Authorization header
2026-07-22 01:43:59,api_call,dividend source,2327,TaiwanStockDividend,False,,,missing_token,FINMIND_TOKEN is not set,71,24,,,,sent,,FinMind request sent with token in query params and/or Authorization header
2026-07-22 01:44:01,api_call,PER source,2327,TaiwanStockPER,False,,,missing_token,FINMIND_TOKEN is not set,72,24,,,,sent,,FinMind request sent with token in query params and/or Authorization header
2026-07-22 01:44:02,api_call,get_stock_data,2330,TaiwanStockPrice,False,,,missing_token,FINMIND_TOKEN is not set,73,25,,,,sent,,FinMind request sent with token in query params and/or Authorization header
2026-07-22 01:44:03,api_call,dividend source,2330,TaiwanStockDividend,False,,,missing_token,FINMIND_TOKEN is not set,74,25,,,,sent,,FinMind request sent with token in query params and/or Authorization header
2026-07-22 01:44:05,api_call,PER source,2330,TaiwanStockPER,False,,,missing_token,FINMIND_TOKEN is not set,75,25,,,,sent,,FinMind request sent with token in query params and/or Authorization header
2026-07-22 01:44:06,api_call,get_stock_data,2344,TaiwanStockPrice,False,,,missing_token,FINMIND_TOKEN is not set,76,26,,,,sent,,FinMind request sent with token in query params and/or Authorization header
2026-07-22 01:44:08,api_call,dividend source,2344,TaiwanStockDividend,False,,,missing_token,FINMIND_TOKEN is not set,77,26,,,,sent,,FinMind request sent with token in query params and/or Authorization header
2026-07-22 01:44:09,api_call,PER source,2344,TaiwanStockPER,False,,,missing_token,FINMIND_TOKEN is not set,78,26,,,,sent,,FinMind request sent with token in query params and/or Authorization header
2026-07-22 01:44:10,api_call,get_stock_data,2345,TaiwanStockPrice,False,,,missing_token,FINMIND_TOKEN is not set,79,27,,,,sent,,FinMind request sent with token in query params and/or Authorization header
2026-07-22 01:44:12,api_call,dividend source,2345,TaiwanStockDividend,False,,,missing_token,FINMIND_TOKEN is not set,80,27,,,,sent,,FinMind request sent with token in query params and/or Authorization header
2026-07-22 01:44:13,api_call,PER source,2345,TaiwanStockPER,False,,,missing_token,FINMIND_TOKEN is not set,81,27,,,,sent,,FinMind request sent with token in query params and/or Authorization header
2026-07-22 01:44:15,api_call,get_stock_data,2353,TaiwanStockPrice,False,,,missing_token,FINMIND_TOKEN is not set,82,28,,,,sent,,FinMind request sent with token in query params and/or Authorization header
2026-07-22 01:44:16,api_call,dividend source,2353,TaiwanStockDividend,False,,,missing_token,FINMIND_TOKEN is not set,83,28,,,,sent,,FinMind request sent with token in query params and/or Authorization header
2026-07-22 01:44:17,api_call,PER source,2353,TaiwanStockPER,False,,,missing_token,FINMIND_TOKEN is not set,84,28,,,,sent,,FinMind request sent with token in query params and/or Authorization header
2026-07-22 01:44:19,api_call,get_stock_data,2357,TaiwanStockPrice,False,,,missing_token,FINMIND_TOKEN is not set,85,29,,,,sent,,FinMind request sent with token in query params and/or Authorization header
2026-07-22 01:44:20,api_call,dividend source,2357,TaiwanStockDividend,False,,,missing_token,FINMIND_TOKEN is not set,86,29,,,,sent,,FinMind request sent with token in query params and/or Authorization header
2026-07-22 01:44:21,api_call,PER source,2357,TaiwanStockPER,False,,,missing_token,FINMIND_TOKEN is not set,87,29,,,,sent,,FinMind request sent with token in query params and/or Authorization header
2026-07-22 01:44:23,api_call,get_stock_data,2360,TaiwanStockPrice,False,,,missing_token,FINMIND_TOKEN is not set,88,30,,,,sent,,FinMind request sent with token in query params and/or Authorization header
2026-07-22 01:44:24,api_call,dividend source,2360,TaiwanStockDividend,False,,,missing_token,FINMIND_TOKEN is not set,89,30,,,,sent,,FinMind request sent with token in query params and/or Authorization header
2026-07-22 01:44:25,api_call,PER source,2360,TaiwanStockPER,False,,,missing_token,FINMIND_TOKEN is not set,90,30,,,,sent,,FinMind request sent with token in query params and/or Authorization header
2026-07-22 01:44:26,api_call,get_stock_data,2368,TaiwanStockPrice,False,,,missing_token,FINMIND_TOKEN is not set,91,31,,,,sent,,FinMind request sent with token in query params and/or Authorization header
2026-07-22 01:44:28,api_call,dividend source,2368,TaiwanStockDividend,False,,,missing_token,FINMIND_TOKEN is not set,92,31,,,,sent,,FinMind request sent with token in query params and/or Authorization header
2026-07-22 01:44:29,api_call,PER source,2368,TaiwanStockPER,False,,,missing_token,FINMIND_TOKEN is not set,93,31,,,,sent,,FinMind request sent with token in query params and/or Authorization header
2026-07-22 01:44:31,api_call,get_stock_data,2375,TaiwanStockPrice,False,,,missing_token,FINMIND_TOKEN is not set,94,32,,,,sent,,FinMind request sent with token in query params and/or Authorization header
2026-07-22 01:44:32,api_call,dividend source,2375,TaiwanStockDividend,False,,,missing_token,FINMIND_TOKEN is not set,95,32,,,,sent,,FinMind request sent with token in query params and/or Authorization header
2026-07-22 01:44:33,api_call,PER source,2375,TaiwanStockPER,False,,,missing_token,FINMIND_TOKEN is not set,96,32,,,,sent,,FinMind request sent with token in query params and/or Authorization header
2026-07-22 01:44:35,api_call,get_stock_data,2377,TaiwanStockPrice,False,,,missing_token,FINMIND_TOKEN is not set,97,33,,,,sent,,FinMind request sent with token in query params and/or Authorization header
2026-07-22 01:44:36,api_call,dividend source,2377,TaiwanStockDividend,False,,,missing_token,FINMIND_TOKEN is not set,98,33,,,,sent,,FinMind request sent with token in query params and/or Authorization header
2026-07-22 01:44:37,api_call,PER source,2377,TaiwanStockPER,False,,,missing_token,FINMIND_TOKEN is not set,99,33,,,,sent,,FinMind request sent with token in query params and/or Authorization header
2026-07-22 01:44:39,api_call,get_stock_data,2382,TaiwanStockPrice,False,,,missing_token,FINMIND_TOKEN is not set,100,34,,,,sent,,FinMind request sent with token in query params and/or Authorization header
2026-07-22 01:44:40,api_call,dividend source,2382,TaiwanStockDividend,False,,,missing_token,FINMIND_TOKEN is not set,101,34,,,,sent,,FinMind request sent with token in query params and/or Authorization header
2026-07-22 01:44:42,api_call,PER source,2382,TaiwanStockPER,False,,,missing_token,FINMIND_TOKEN is not set,102,34,,,,sent,,FinMind request sent with token in query params and/or Authorization header
2026-07-22 01:44:43,api_call,get_stock_data,2383,TaiwanStockPrice,False,,,missing_token,FINMIND_TOKEN is not set,103,35,,,,sent,,FinMind request sent with token in query params and/or Authorization header
2026-07-22 01:44:44,api_call,dividend source,2383,TaiwanStockDividend,False,,,missing_token,FINMIND_TOKEN is not set,104,35,,,,sent,,FinMind request sent with token in query params and/or Authorization header
2026-07-22 01:44:46,api_call,PER source,2383,TaiwanStockPER,False,,,missing_token,FINMIND_TOKEN is not set,105,35,,,,sent,,FinMind request sent with token in query params and/or Authorization header
2026-07-22 01:44:47,api_call,get_stock_data,2402,TaiwanStockPrice,False,,,missing_token,FINMIND_TOKEN is not set,106,36,,,,sent,,FinMind request sent with token in query params and/or Authorization header
2026-07-22 01:44:49,api_call,dividend source,2402,TaiwanStockDividend,False,,,missing_token,FINMIND_TOKEN is not set,107,36,,,,sent,,FinMind request sent with token in query params and/or Authorization header
2026-07-22 01:44:50,api_call,PER source,2402,TaiwanStockPER,False,,,missing_token,FINMIND_TOKEN is not set,108,36,,,,sent,,FinMind request sent with token in query params and/or Authorization header
2026-07-22 01:44:51,api_call,get_stock_data,2404,TaiwanStockPrice,False,,,missing_token,FINMIND_TOKEN is not set,109,37,,,,sent,,FinMind request sent with token in query params and/or Authorization header
2026-07-22 01:44:53,api_call,dividend source,2404,TaiwanStockDividend,False,,,missing_token,FINMIND_TOKEN is not set,110,37,,,,sent,,FinMind request sent with token in query params and/or Authorization header
2026-07-22 01:44:54,api_call,PER source,2404,TaiwanStockPER,False,,,missing_token,FINMIND_TOKEN is not set,111,37,,,,sent,,FinMind request sent with token in query params and/or Authorization header
2026-07-22 01:44:56,api_call,get_stock_data,2408,TaiwanStockPrice,False,,,missing_token,FINMIND_TOKEN is not set,112,38,,,,sent,,FinMind request sent with token in query params and/or Authorization header
2026-07-22 01:44:57,api_call,dividend source,2408,TaiwanStockDividend,False,,,missing_token,FINMIND_TOKEN is not set,113,38,,,,sent,,FinMind request sent with token in query params and/or Authorization header
2026-07-22 01:44:58,api_call,PER source,2408,TaiwanStockPER,False,,,missing_token,FINMIND_TOKEN is not set,114,38,,,,sent,,FinMind request sent with token in query params and/or Authorization header
2026-07-22 01:45:00,api_call,get_stock_data,2449,TaiwanStockPrice,False,,,missing_token,FINMIND_TOKEN is not set,115,39,,,,sent,,FinMind request sent with token in query params and/or Authorization header
2026-07-22 01:45:01,api_call,dividend source,2449,TaiwanStockDividend,False,,,missing_token,FINMIND_TOKEN is not set,116,39,,,,sent,,FinMind request sent with token in query params and/or Authorization header
2026-07-22 01:45:02,api_call,PER source,2449,TaiwanStockPER,False,,,missing_token,FINMIND_TOKEN is not set,117,39,,,,sent,,FinMind request sent with token in query params and/or Authorization header
2026-07-22 01:45:04,api_call,get_stock_data,2454,TaiwanStockPrice,False,,,missing_token,FINMIND_TOKEN is not set,118,40,,,,sent,,FinMind request sent with token in query params and/or Authorization header
2026-07-22 01:45:05,api_call,dividend source,2454,TaiwanStockDividend,False,,,missing_token,FINMIND_TOKEN is not set,119,40,,,,sent,,FinMind request sent with token in query params and/or Authorization header
2026-07-22 01:45:06,api_call,PER source,2454,TaiwanStockPER,False,,,missing_token,FINMIND_TOKEN is not set,120,40,,,,sent,,FinMind request sent with token in query params and/or Authorization header
2026-07-22 01:45:08,api_call,get_stock_data,2455,TaiwanStockPrice,False,,,missing_token,FINMIND_TOKEN is not set,121,41,,,,sent,,FinMind request sent with token in query params and/or Authorization header
2026-07-22 01:45:09,api_call,dividend source,2455,TaiwanStockDividend,False,,,missing_token,FINMIND_TOKEN is not set,122,41,,,,sent,,FinMind request sent with token in query params and/or Authorization header
2026-07-22 01:45:10,api_call,PER source,2455,TaiwanStockPER,False,,,missing_token,FINMIND_TOKEN is not set,123,41,,,,sent,,FinMind request sent with token in query params and/or Authorization header
2026-07-22 01:45:12,api_call,get_stock_data,2467,TaiwanStockPrice,False,,,missing_token,FINMIND_TOKEN is not set,124,42,,,,sent,,FinMind request sent with token in query params and/or Authorization header
2026-07-22 01:45:13,api_call,dividend source,2467,TaiwanStockDividend,False,,,missing_token,FINMIND_TOKEN is not set,125,42,,,,sent,,FinMind request sent with token in query params and/or Authorization header
2026-07-22 01:45:14,api_call,PER source,2467,TaiwanStockPER,False,,,missing_token,FINMIND_TOKEN is not set,126,42,,,,sent,,FinMind request sent with token in query params and/or Authorization header
2026-07-22 01:45:16,api_call,get_stock_data,2472,TaiwanStockPrice,False,,,missing_token,FINMIND_TOKEN is not set,127,43,,,,sent,,FinMind request sent with token in query params and/or Authorization header
2026-07-22 01:45:17,api_call,dividend source,2472,TaiwanStockDividend,False,,,missing_token,FINMIND_TOKEN is not set,128,43,,,,sent,,FinMind request sent with token in query params and/or Authorization header
2026-07-22 01:45:18,api_call,PER source,2472,TaiwanStockPER,False,,,missing_token,FINMIND_TOKEN is not set,129,43,,,,sent,,FinMind request sent with token in query params and/or Authorization header
2026-07-22 01:45:20,api_call,get_stock_data,2478,TaiwanStockPrice,False,,,missing_token,FINMIND_TOKEN is not set,130,44,,,,sent,,FinMind request sent with token in query params and/or Authorization header
2026-07-22 01:45:21,api_call,dividend source,2478,TaiwanStockDividend,False,,,missing_token,FINMIND_TOKEN is not set,131,44,,,,sent,,FinMind request sent with token in query params and/or Authorization header
2026-07-22 01:45:22,api_call,PER source,2478,TaiwanStockPER,False,,,missing_token,FINMIND_TOKEN is not set,132,44,,,,sent,,FinMind request sent with token in query params and/or Authorization header
2026-07-22 01:45:24,api_call,get_stock_data,2481,TaiwanStockPrice,False,,,missing_token,FINMIND_TOKEN is not set,133,45,,,,sent,,FinMind request sent with token in query params and/or Authorization header
2026-07-22 01:45:25,api_call,dividend source,2481,TaiwanStockDividend,False,,,missing_token,FINMIND_TOKEN is not set,134,45,,,,sent,,FinMind request sent with token in query params and/or Authorization header
2026-07-22 01:45:26,api_call,PER source,2481,TaiwanStockPER,False,,,missing_token,FINMIND_TOKEN is not set,135,45,,,,sent,,FinMind request sent with token in query params and/or Authorization header
2026-07-22 01:45:28,api_call,get_stock_data,2484,TaiwanStockPrice,False,,,missing_token,FINMIND_TOKEN is not set,136,46,,,,sent,,FinMind request sent with token in query params and/or Authorization header
2026-07-22 01:45:29,api_call,dividend source,2484,TaiwanStockDividend,False,,,missing_token,FINMIND_TOKEN is not set,137,46,,,,sent,,FinMind request sent with token in query params and/or Authorization header
2026-07-22 01:45:31,api_call,PER source,2484,TaiwanStockPER,False,,,missing_token,FINMIND_TOKEN is not set,138,46,,,,sent,,FinMind request sent with token in query params and/or Authorization header
2026-07-22 01:45:32,api_call,get_stock_data,2486,TaiwanStockPrice,False,,,missing_token,FINMIND_TOKEN is not set,139,47,,,,sent,,FinMind request sent with token in query params and/or Authorization header
2026-07-22 01:45:34,api_call,dividend source,2486,TaiwanStockDividend,False,,,missing_token,FINMIND_TOKEN is not set,140,47,,,,sent,,FinMind request sent with token in query params and/or Authorization header
2026-07-22 01:45:35,api_call,PER source,2486,TaiwanStockPER,False,,,missing_token,FINMIND_TOKEN is not set,141,47,,,,sent,,FinMind request sent with token in query params and/or Authorization header
2026-07-22 01:45:36,api_call,get_stock_data,2492,TaiwanStockPrice,False,,,missing_token,FINMIND_TOKEN is not set,142,48,,,,sent,,FinMind request sent with token in query params and/or Authorization header
2026-07-22 01:45:38,api_call,dividend source,2492,TaiwanStockDividend,False,,,missing_token,FINMIND_TOKEN is not set,143,48,,,,sent,,FinMind request sent with token in query params and/or Authorization header
2026-07-22 01:45:39,api_call,PER source,2492,TaiwanStockPER,False,,,missing_token,FINMIND_TOKEN is not set,144,48,,,,sent,,FinMind request sent with token in query params and/or Authorization header
2026-07-22 01:45:41,api_call,get_stock_data,2881,TaiwanStockPrice,False,,,missing_token,FINMIND_TOKEN is not set,145,49,,,,sent,,FinMind request sent with token in query params and/or Authorization header
2026-07-22 01:45:42,api_call,dividend source,2881,TaiwanStockDividend,False,,,missing_token,FINMIND_TOKEN is not set,146,49,,,,sent,,FinMind request sent with token in query params and/or Authorization header
2026-07-22 01:45:43,api_call,PER source,2881,TaiwanStockPER,False,,,missing_token,FINMIND_TOKEN is not set,147,49,,,,sent,,FinMind request sent with token in query params and/or Authorization header
2026-07-22 01:45:45,api_call,get_stock_data,2885,TaiwanStockPrice,False,,,missing_token,FINMIND_TOKEN is not set,148,50,,,,sent,,FinMind request sent with token in query params and/or Authorization header
2026-07-22 01:45:46,api_call,dividend source,2885,TaiwanStockDividend,False,,,missing_token,FINMIND_TOKEN is not set,149,50,,,,sent,,FinMind request sent with token in query params and/or Authorization header
2026-07-22 01:45:47,api_call,PER source,2885,TaiwanStockPER,False,,,missing_token,FINMIND_TOKEN is not set,150,50,,,,sent,,FinMind request sent with token in query params and/or Authorization header
2026-07-22 01:45:49,api_call,get_stock_data,2891,TaiwanStockPrice,False,,,missing_token,FINMIND_TOKEN is not set,151,51,,,,sent,,FinMind request sent with token in query params and/or Authorization header
2026-07-22 01:45:50,api_call,dividend source,2891,TaiwanStockDividend,False,,,missing_token,FINMIND_TOKEN is not set,152,51,,,,sent,,FinMind request sent with token in query params and/or Authorization header
2026-07-22 01:45:51,api_call,PER source,2891,TaiwanStockPER,False,,,missing_token,FINMIND_TOKEN is not set,153,51,,,,sent,,FinMind request sent with token in query params and/or Authorization header
2026-07-22 01:45:53,api_call,get_stock_data,2912,TaiwanStockPrice,False,,,missing_token,FINMIND_TOKEN is not set,154,52,,,,sent,,FinMind request sent with token in query params and/or Authorization header
2026-07-22 01:45:54,api_call,dividend source,2912,TaiwanStockDividend,False,,,missing_token,FINMIND_TOKEN is not set,155,52,,,,sent,,FinMind request sent with token in query params and/or Authorization header
2026-07-22 01:45:55,api_call,PER source,2912,TaiwanStockPER,False,,,missing_token,FINMIND_TOKEN is not set,156,52,,,,sent,,FinMind request sent with token in query params and/or Authorization header
2026-07-22 01:45:57,api_call,get_stock_data,3008,TaiwanStockPrice,False,,,missing_token,FINMIND_TOKEN is not set,157,53,,,,sent,,FinMind request sent with token in query params and/or Authorization header
2026-07-22 01:45:58,api_call,dividend source,3008,TaiwanStockDividend,False,,,missing_token,FINMIND_TOKEN is not set,158,53,,,,sent,,FinMind request sent with token in query params and/or Authorization header
2026-07-22 01:46:00,api_call,PER source,3008,TaiwanStockPER,False,,,missing_token,FINMIND_TOKEN is not set,159,53,,,,sent,,FinMind request sent with token in query params and/or Authorization header
2026-07-22 01:46:01,api_call,get_stock_data,3013,TaiwanStockPrice,False,,,missing_token,FINMIND_TOKEN is not set,160,54,,,,sent,,FinMind request sent with token in query params and/or Authorization header
2026-07-22 01:46:02,api_call,dividend source,3013,TaiwanStockDividend,False,,,missing_token,FINMIND_TOKEN is not set,161,54,,,,sent,,FinMind request sent with token in query params and/or Authorization header
2026-07-22 01:46:04,api_call,PER source,3013,TaiwanStockPER,False,,,missing_token,FINMIND_TOKEN is not set,162,54,,,,sent,,FinMind request sent with token in query params and/or Authorization header
2026-07-22 01:46:05,api_call,get_stock_data,3017,TaiwanStockPrice,False,,,missing_token,FINMIND_TOKEN is not set,163,55,,,,sent,,FinMind request sent with token in query params and/or Authorization header
2026-07-22 01:46:07,api_call,dividend source,3017,TaiwanStockDividend,False,,,missing_token,FINMIND_TOKEN is not set,164,55,,,,sent,,FinMind request sent with token in query params and/or Authorization header
2026-07-22 01:46:08,api_call,PER source,3017,TaiwanStockPER,False,,,missing_token,FINMIND_TOKEN is not set,165,55,,,,sent,,FinMind request sent with token in query params and/or Authorization header
2026-07-22 01:46:09,api_call,get_stock_data,3023,TaiwanStockPrice,False,,,missing_token,FINMIND_TOKEN is not set,166,56,,,,sent,,FinMind request sent with token in query params and/or Authorization header
2026-07-22 01:46:11,api_call,dividend source,3023,TaiwanStockDividend,False,,,missing_token,FINMIND_TOKEN is not set,167,56,,,,sent,,FinMind request sent with token in query params and/or Authorization header
2026-07-22 01:46:12,api_call,PER source,3023,TaiwanStockPER,False,,,missing_token,FINMIND_TOKEN is not set,168,56,,,,sent,,FinMind request sent with token in query params and/or Authorization header
2026-07-22 01:46:13,api_call,get_stock_data,3026,TaiwanStockPrice,False,,,missing_token,FINMIND_TOKEN is not set,169,57,,,,sent,,FinMind request sent with token in query params and/or Authorization header
2026-07-22 01:46:15,api_call,dividend source,3026,TaiwanStockDividend,False,,,missing_token,FINMIND_TOKEN is not set,170,57,,,,sent,,FinMind request sent with token in query params and/or Authorization header
2026-07-22 01:46:16,api_call,PER source,3026,TaiwanStockPER,False,,,missing_token,FINMIND_TOKEN is not set,171,57,,,,sent,,FinMind request sent with token in query params and/or Authorization header
2026-07-22 01:46:18,api_call,get_stock_data,3035,TaiwanStockPrice,False,,,missing_token,FINMIND_TOKEN is not set,172,58,,,,sent,,FinMind request sent with token in query params and/or Authorization header
2026-07-22 01:46:19,api_call,dividend source,3035,TaiwanStockDividend,False,,,missing_token,FINMIND_TOKEN is not set,173,58,,,,sent,,FinMind request sent with token in query params and/or Authorization header
2026-07-22 01:46:20,api_call,PER source,3035,TaiwanStockPER,False,,,missing_token,FINMIND_TOKEN is not set,174,58,,,,sent,,FinMind request sent with token in query params and/or Authorization header
2026-07-22 01:46:22,api_call,get_stock_data,3037,TaiwanStockPrice,False,,,missing_token,FINMIND_TOKEN is not set,175,59,,,,sent,,FinMind request sent with token in query params and/or Authorization header
2026-07-22 01:46:23,api_call,dividend source,3037,TaiwanStockDividend,False,,,missing_token,FINMIND_TOKEN is not set,176,59,,,,sent,,FinMind request sent with token in query params and/or Authorization header
2026-07-22 01:46:25,api_call,PER source,3037,TaiwanStockPER,False,,,missing_token,FINMIND_TOKEN is not set,177,59,,,,sent,,FinMind request sent with token in query params and/or Authorization header
2026-07-22 01:46:26,api_call,get_stock_data,3042,TaiwanStockPrice,False,,,missing_token,FINMIND_TOKEN is not set,178,60,,,,sent,,FinMind request sent with token in query params and/or Authorization header
2026-07-22 01:46:27,api_call,dividend source,3042,TaiwanStockDividend,False,,,missing_token,FINMIND_TOKEN is not set,179,60,,,,sent,,FinMind request sent with token in query params and/or Authorization header
2026-07-22 01:46:29,api_call,PER source,3042,TaiwanStockPER,False,,,missing_token,FINMIND_TOKEN is not set,180,60,,,,sent,,FinMind request sent with token in query params and/or Authorization header
2026-07-22 01:46:30,api_call,get_stock_data,3044,TaiwanStockPrice,False,,,missing_token,FINMIND_TOKEN is not set,181,61,,,,sent,,FinMind request sent with token in query params and/or Authorization header
2026-07-22 01:46:32,api_call,dividend source,3044,TaiwanStockDividend,False,,,missing_token,FINMIND_TOKEN is not set,182,61,,,,sent,,FinMind request sent with token in query params and/or Authorization header
2026-07-22 01:46:33,api_call,PER source,3044,TaiwanStockPER,False,,,missing_token,FINMIND_TOKEN is not set,183,61,,,,sent,,FinMind request sent with token in query params and/or Authorization header
2026-07-22 01:46:34,api_call,get_stock_data,3081,TaiwanStockPrice,False,,,missing_token,FINMIND_TOKEN is not set,184,62,,,,sent,,FinMind request sent with token in query params and/or Authorization header
2026-07-22 01:46:36,api_call,dividend source,3081,TaiwanStockDividend,False,,,missing_token,FINMIND_TOKEN is not set,185,62,,,,sent,,FinMind request sent with token in query params and/or Authorization header
2026-07-22 01:46:37,api_call,PER source,3081,TaiwanStockPER,False,,,missing_token,FINMIND_TOKEN is not set,186,62,,,,sent,,FinMind request sent with token in query params and/or Authorization header
2026-07-22 01:46:38,api_call,get_stock_data,3090,TaiwanStockPrice,False,,,missing_token,FINMIND_TOKEN is not set,187,63,,,,sent,,FinMind request sent with token in query params and/or Authorization header
2026-07-22 01:46:40,api_call,dividend source,3090,TaiwanStockDividend,False,,,missing_token,FINMIND_TOKEN is not set,188,63,,,,sent,,FinMind request sent with token in query params and/or Authorization header
2026-07-22 01:46:41,api_call,PER source,3090,TaiwanStockPER,False,,,missing_token,FINMIND_TOKEN is not set,189,63,,,,sent,,FinMind request sent with token in query params and/or Authorization header
2026-07-22 01:46:42,api_call,get_stock_data,3105,TaiwanStockPrice,False,,,missing_token,FINMIND_TOKEN is not set,190,64,,,,sent,,FinMind request sent with token in query params and/or Authorization header
2026-07-22 01:46:44,api_call,dividend source,3105,TaiwanStockDividend,False,,,missing_token,FINMIND_TOKEN is not set,191,64,,,,sent,,FinMind request sent with token in query params and/or Authorization header
2026-07-22 01:46:45,api_call,PER source,3105,TaiwanStockPER,False,,,missing_token,FINMIND_TOKEN is not set,192,64,,,,sent,,FinMind request sent with token in query params and/or Authorization header
2026-07-22 01:46:47,api_call,get_stock_data,3131,TaiwanStockPrice,False,,,missing_token,FINMIND_TOKEN is not set,193,65,,,,sent,,FinMind request sent with token in query params and/or Authorization header
2026-07-22 01:46:48,api_call,dividend source,3131,TaiwanStockDividend,False,,,missing_token,FINMIND_TOKEN is not set,194,65,,,,sent,,FinMind request sent with token in query params and/or Authorization header
2026-07-22 01:46:49,api_call,PER source,3131,TaiwanStockPER,False,,,missing_token,FINMIND_TOKEN is not set,195,65,,,,sent,,FinMind request sent with token in query params and/or Authorization header
2026-07-22 01:46:51,api_call,get_stock_data,3163,TaiwanStockPrice,False,,,missing_token,FINMIND_TOKEN is not set,196,66,,,,sent,,FinMind request sent with token in query params and/or Authorization header
2026-07-22 01:46:52,api_call,dividend source,3163,TaiwanStockDividend,False,,,missing_token,FINMIND_TOKEN is not set,197,66,,,,sent,,FinMind request sent with token in query params and/or Authorization header
2026-07-22 01:46:54,api_call,PER source,3163,TaiwanStockPER,False,,,missing_token,FINMIND_TOKEN is not set,198,66,,,,sent,,FinMind request sent with token in query params and/or Authorization header
2026-07-22 01:46:55,api_call,get_stock_data,3167,TaiwanStockPrice,False,,,missing_token,FINMIND_TOKEN is not set,199,67,,,,sent,,FinMind request sent with token in query params and/or Authorization header
2026-07-22 01:46:56,api_call,dividend source,3167,TaiwanStockDividend,False,,,missing_token,FINMIND_TOKEN is not set,200,67,,,,sent,,FinMind request sent with token in query params and/or Authorization header
2026-07-22 01:46:58,api_call,PER source,3167,TaiwanStockPER,False,,,missing_token,FINMIND_TOKEN is not set,201,67,,,,sent,,FinMind request sent with token in query params and/or Authorization header
2026-07-22 01:46:59,api_call,get_stock_data,3189,TaiwanStockPrice,False,,,missing_token,FINMIND_TOKEN is not set,202,68,,,,sent,,FinMind request sent with token in query params and/or Authorization header
2026-07-22 01:47:01,api_call,dividend source,3189,TaiwanStockDividend,False,,,missing_token,FINMIND_TOKEN is not set,203,68,,,,sent,,FinMind request sent with token in query params and/or Authorization header
2026-07-22 01:47:02,api_call,PER source,3189,TaiwanStockPER,False,,,missing_token,FINMIND_TOKEN is not set,204,68,,,,sent,,FinMind request sent with token in query params and/or Authorization header
2026-07-22 01:47:03,api_call,get_stock_data,3221,TaiwanStockPrice,False,,,missing_token,FINMIND_TOKEN is not set,205,69,,,,sent,,FinMind request sent with token in query params and/or Authorization header
2026-07-22 01:47:05,api_call,dividend source,3221,TaiwanStockDividend,False,,,missing_token,FINMIND_TOKEN is not set,206,69,,,,sent,,FinMind request sent with token in query params and/or Authorization header
2026-07-22 01:47:06,api_call,PER source,3221,TaiwanStockPER,False,,,missing_token,FINMIND_TOKEN is not set,207,69,,,,sent,,FinMind request sent with token in query params and/or Authorization header
2026-07-22 01:47:07,api_call,get_stock_data,3231,TaiwanStockPrice,False,,,missing_token,FINMIND_TOKEN is not set,208,70,,,,sent,,FinMind request sent with token in query params and/or Authorization header
2026-07-22 01:47:09,api_call,dividend source,3231,TaiwanStockDividend,False,,,missing_token,FINMIND_TOKEN is not set,209,70,,,,sent,,FinMind request sent with token in query params and/or Authorization header
2026-07-22 01:47:10,api_call,PER source,3231,TaiwanStockPER,False,,,missing_token,FINMIND_TOKEN is not set,210,70,,,,sent,,FinMind request sent with token in query params and/or Authorization header
2026-07-22 01:47:11,api_call,get_stock_data,3234,TaiwanStockPrice,False,,,missing_token,FINMIND_TOKEN is not set,211,71,,,,sent,,FinMind request sent with token in query params and/or Authorization header
2026-07-22 01:47:13,api_call,dividend source,3234,TaiwanStockDividend,False,,,missing_token,FINMIND_TOKEN is not set,212,71,,,,sent,,FinMind request sent with token in query params and/or Authorization header
2026-07-22 01:47:14,api_call,PER source,3234,TaiwanStockPER,False,,,missing_token,FINMIND_TOKEN is not set,213,71,,,,sent,,FinMind request sent with token in query params and/or Authorization header
2026-07-22 01:47:15,api_call,get_stock_data,3236,TaiwanStockPrice,False,,,missing_token,FINMIND_TOKEN is not set,214,72,,,,sent,,FinMind request sent with token in query params and/or Authorization header
2026-07-22 01:47:17,api_call,dividend source,3236,TaiwanStockDividend,False,,,missing_token,FINMIND_TOKEN is not set,215,72,,,,sent,,FinMind request sent with token in query params and/or Authorization header
2026-07-22 01:47:18,api_call,PER source,3236,TaiwanStockPER,False,,,missing_token,FINMIND_TOKEN is not set,216,72,,,,sent,,FinMind request sent with token in query params and/or Authorization header
2026-07-22 01:47:19,api_call,get_stock_data,3264,TaiwanStockPrice,False,,,missing_token,FINMIND_TOKEN is not set,217,73,,,,sent,,FinMind request sent with token in query params and/or Authorization header
2026-07-22 01:47:20,api_call,dividend source,3264,TaiwanStockDividend,False,,,missing_token,FINMIND_TOKEN is not set,218,73,,,,sent,,FinMind request sent with token in query params and/or Authorization header
2026-07-22 01:47:22,api_call,PER source,3264,TaiwanStockPER,False,,,missing_token,FINMIND_TOKEN is not set,219,73,,,,sent,,FinMind request sent with token in query params and/or Authorization header
2026-07-22 01:47:23,api_call,get_stock_data,3265,TaiwanStockPrice,False,,,missing_token,FINMIND_TOKEN is not set,220,74,,,,sent,,FinMind request sent with token in query params and/or Authorization header
2026-07-22 01:47:25,api_call,dividend source,3265,TaiwanStockDividend,False,,,missing_token,FINMIND_TOKEN is not set,221,74,,,,sent,,FinMind request sent with token in query params and/or Authorization header
2026-07-22 01:47:26,api_call,PER source,3265,TaiwanStockPER,False,,,missing_token,FINMIND_TOKEN is not set,222,74,,,,sent,,FinMind request sent with token in query params and/or Authorization header
2026-07-22 01:47:27,api_call,get_stock_data,3289,TaiwanStockPrice,False,,,missing_token,FINMIND_TOKEN is not set,223,75,,,,sent,,FinMind request sent with token in query params and/or Authorization header
2026-07-22 01:47:29,api_call,dividend source,3289,TaiwanStockDividend,False,,,missing_token,FINMIND_TOKEN is not set,224,75,,,,sent,,FinMind request sent with token in query params and/or Authorization header
2026-07-22 01:47:30,api_call,PER source,3289,TaiwanStockPER,False,,,missing_token,FINMIND_TOKEN is not set,225,75,,,,sent,,FinMind request sent with token in query params and/or Authorization header
2026-07-22 01:47:32,api_call,get_stock_data,3324,TaiwanStockPrice,False,,,missing_token,FINMIND_TOKEN is not set,226,76,,,,sent,,FinMind request sent with token in query params and/or Authorization header
2026-07-22 01:47:33,api_call,dividend source,3324,TaiwanStockDividend,False,,,missing_token,FINMIND_TOKEN is not set,227,76,,,,sent,,FinMind request sent with token in query params and/or Authorization header
2026-07-22 01:47:34,api_call,PER source,3324,TaiwanStockPER,False,,,missing_token,FINMIND_TOKEN is not set,228,76,,,,sent,,FinMind request sent with token in query params and/or Authorization header
2026-07-22 01:47:36,api_call,get_stock_data,3357,TaiwanStockPrice,False,,,missing_token,FINMIND_TOKEN is not set,229,77,,,,sent,,FinMind request sent with token in query params and/or Authorization header
2026-07-22 01:47:37,api_call,dividend source,3357,TaiwanStockDividend,False,,,missing_token,FINMIND_TOKEN is not set,230,77,,,,sent,,FinMind request sent with token in query params and/or Authorization header
2026-07-22 01:47:39,api_call,PER source,3357,TaiwanStockPER,False,,,missing_token,FINMIND_TOKEN is not set,231,77,,,,sent,,FinMind request sent with token in query params and/or Authorization header
2026-07-22 01:47:40,api_call,get_stock_data,3363,TaiwanStockPrice,False,,,missing_token,FINMIND_TOKEN is not set,232,78,,,,sent,,FinMind request sent with token in query params and/or Authorization header
2026-07-22 01:47:42,api_call,dividend source,3363,TaiwanStockDividend,False,,,missing_token,FINMIND_TOKEN is not set,233,78,,,,sent,,FinMind request sent with token in query params and/or Authorization header
2026-07-22 01:47:43,api_call,PER source,3363,TaiwanStockPER,False,,,missing_token,FINMIND_TOKEN is not set,234,78,,,,sent,,FinMind request sent with token in query params and/or Authorization header
2026-07-22 01:47:44,api_call,get_stock_data,3374,TaiwanStockPrice,False,,,missing_token,FINMIND_TOKEN is not set,235,79,,,,sent,,FinMind request sent with token in query params and/or Authorization header
2026-07-22 01:47:46,api_call,dividend source,3374,TaiwanStockDividend,False,,,missing_token,FINMIND_TOKEN is not set,236,79,,,,sent,,FinMind request sent with token in query params and/or Authorization header
2026-07-22 01:47:47,api_call,PER source,3374,TaiwanStockPER,False,,,missing_token,FINMIND_TOKEN is not set,237,79,,,,sent,,FinMind request sent with token in query params and/or Authorization header
2026-07-22 01:47:48,api_call,get_stock_data,3376,TaiwanStockPrice,False,,,missing_token,FINMIND_TOKEN is not set,238,80,,,,sent,,FinMind request sent with token in query params and/or Authorization header
2026-07-22 01:47:50,api_call,dividend source,3376,TaiwanStockDividend,False,,,missing_token,FINMIND_TOKEN is not set,239,80,,,,sent,,FinMind request sent with token in query params and/or Authorization header
2026-07-22 01:47:51,api_call,PER source,3376,TaiwanStockPER,False,,,missing_token,FINMIND_TOKEN is not set,240,80,,,,sent,,FinMind request sent with token in query params and/or Authorization header
2026-07-22 01:47:52,api_call,get_stock_data,3443,TaiwanStockPrice,False,,,missing_token,FINMIND_TOKEN is not set,241,81,,,,sent,,FinMind request sent with token in query params and/or Authorization header
2026-07-22 01:47:54,api_call,dividend source,3443,TaiwanStockDividend,False,,,missing_token,FINMIND_TOKEN is not set,242,81,,,,sent,,FinMind request sent with token in query params and/or Authorization header
2026-07-22 01:47:55,api_call,PER source,3443,TaiwanStockPER,False,,,missing_token,FINMIND_TOKEN is not set,243,81,,,,sent,,FinMind request sent with token in query params and/or Authorization header
2026-07-22 01:47:57,api_call,get_stock_data,3450,TaiwanStockPrice,False,,,missing_token,FINMIND_TOKEN is not set,244,82,,,,sent,,FinMind request sent with token in query params and/or Authorization header
2026-07-22 01:47:58,api_call,dividend source,3450,TaiwanStockDividend,False,,,missing_token,FINMIND_TOKEN is not set,245,82,,,,sent,,FinMind request sent with token in query params and/or Authorization header
2026-07-22 01:47:59,api_call,PER source,3450,TaiwanStockPER,False,,,missing_token,FINMIND_TOKEN is not set,246,82,,,,sent,,FinMind request sent with token in query params and/or Authorization header
2026-07-22 01:48:01,api_call,get_stock_data,3481,TaiwanStockPrice,False,,,missing_token,FINMIND_TOKEN is not set,247,83,,,,sent,,FinMind request sent with token in query params and/or Authorization header
2026-07-22 01:48:02,api_call,dividend source,3481,TaiwanStockDividend,False,,,missing_token,FINMIND_TOKEN is not set,248,83,,,,sent,,FinMind request sent with token in query params and/or Authorization header
2026-07-22 01:48:03,api_call,PER source,3481,TaiwanStockPER,False,,,missing_token,FINMIND_TOKEN is not set,249,83,,,,sent,,FinMind request sent with token in query params and/or Authorization header
2026-07-22 01:48:04,api_call,get_stock_data,3491,TaiwanStockPrice,False,,,missing_token,FINMIND_TOKEN is not set,250,84,,,,sent,,FinMind request sent with token in query params and/or Authorization header
2026-07-22 01:48:06,api_call,dividend source,3491,TaiwanStockDividend,False,,,missing_token,FINMIND_TOKEN is not set,251,84,,,,sent,,FinMind request sent with token in query params and/or Authorization header
2026-07-22 01:48:07,api_call,PER source,3491,TaiwanStockPER,False,,,missing_token,FINMIND_TOKEN is not set,252,84,,,,sent,,FinMind request sent with token in query params and/or Authorization header
2026-07-22 01:48:08,api_call,get_stock_data,3529,TaiwanStockPrice,False,,,missing_token,FINMIND_TOKEN is not set,253,85,,,,sent,,FinMind request sent with token in query params and/or Authorization header
2026-07-22 01:48:10,api_call,dividend source,3529,TaiwanStockDividend,False,,,missing_token,FINMIND_TOKEN is not set,254,85,,,,sent,,FinMind request sent with token in query params and/or Authorization header
2026-07-22 01:48:11,api_call,PER source,3529,TaiwanStockPER,False,,,missing_token,FINMIND_TOKEN is not set,255,85,,,,sent,,FinMind request sent with token in query params and/or Authorization header
2026-07-22 01:48:13,api_call,get_stock_data,3533,TaiwanStockPrice,False,,,missing_token,FINMIND_TOKEN is not set,256,86,,,,sent,,FinMind request sent with token in query params and/or Authorization header
2026-07-22 01:48:14,api_call,dividend source,3533,TaiwanStockDividend,False,,,missing_token,FINMIND_TOKEN is not set,257,86,,,,sent,,FinMind request sent with token in query params and/or Authorization header
2026-07-22 01:48:16,api_call,PER source,3533,TaiwanStockPER,False,,,missing_token,FINMIND_TOKEN is not set,258,86,,,,sent,,FinMind request sent with token in query params and/or Authorization header
2026-07-22 01:48:17,api_call,get_stock_data,3563,TaiwanStockPrice,False,,,missing_token,FINMIND_TOKEN is not set,259,87,,,,sent,,FinMind request sent with token in query params and/or Authorization header
2026-07-22 01:48:18,api_call,dividend source,3563,TaiwanStockDividend,False,,,missing_token,FINMIND_TOKEN is not set,260,87,,,,sent,,FinMind request sent with token in query params and/or Authorization header
2026-07-22 01:48:20,api_call,PER source,3563,TaiwanStockPER,False,,,missing_token,FINMIND_TOKEN is not set,261,87,,,,sent,,FinMind request sent with token in query params and/or Authorization header
2026-07-22 01:48:21,api_call,get_stock_data,3583,TaiwanStockPrice,False,,,missing_token,FINMIND_TOKEN is not set,262,88,,,,sent,,FinMind request sent with token in query params and/or Authorization header
2026-07-22 01:48:22,api_call,dividend source,3583,TaiwanStockDividend,False,,,missing_token,FINMIND_TOKEN is not set,263,88,,,,sent,,FinMind request sent with token in query params and/or Authorization header
2026-07-22 01:48:23,api_call,PER source,3583,TaiwanStockPER,False,,,missing_token,FINMIND_TOKEN is not set,264,88,,,,sent,,FinMind request sent with token in query params and/or Authorization header
2026-07-22 01:48:25,api_call,get_stock_data,3587,TaiwanStockPrice,False,,,missing_token,FINMIND_TOKEN is not set,265,89,,,,sent,,FinMind request sent with token in query params and/or Authorization header
2026-07-22 01:48:26,api_call,dividend source,3587,TaiwanStockDividend,False,,,missing_token,FINMIND_TOKEN is not set,266,89,,,,sent,,FinMind request sent with token in query params and/or Authorization header
2026-07-22 01:48:28,api_call,PER source,3587,TaiwanStockPER,False,,,missing_token,FINMIND_TOKEN is not set,267,89,,,,sent,,FinMind request sent with token in query params and/or Authorization header
2026-07-22 01:48:29,api_call,get_stock_data,3605,TaiwanStockPrice,False,,,missing_token,FINMIND_TOKEN is not set,268,90,,,,sent,,FinMind request sent with token in query params and/or Authorization header
2026-07-22 01:48:30,api_call,dividend source,3605,TaiwanStockDividend,False,,,missing_token,FINMIND_TOKEN is not set,269,90,,,,sent,,FinMind request sent with token in query params and/or Authorization header
2026-07-22 01:48:32,api_call,PER source,3605,TaiwanStockPER,False,,,missing_token,FINMIND_TOKEN is not set,270,90,,,,sent,,FinMind request sent with token in query params and/or Authorization header
2026-07-22 01:48:33,api_call,get_stock_data,3645,TaiwanStockPrice,False,,,missing_token,FINMIND_TOKEN is not set,271,91,,,,sent,,FinMind request sent with token in query params and/or Authorization header
2026-07-22 01:48:34,api_call,dividend source,3645,TaiwanStockDividend,False,,,missing_token,FINMIND_TOKEN is not set,272,91,,,,sent,,FinMind request sent with token in query params and/or Authorization header
2026-07-22 01:48:36,api_call,PER source,3645,TaiwanStockPER,False,,,missing_token,FINMIND_TOKEN is not set,273,91,,,,sent,,FinMind request sent with token in query params and/or Authorization header
2026-07-22 01:48:37,api_call,get_stock_data,3653,TaiwanStockPrice,False,,,missing_token,FINMIND_TOKEN is not set,274,92,,,,sent,,FinMind request sent with token in query params and/or Authorization header
2026-07-22 01:48:39,api_call,dividend source,3653,TaiwanStockDividend,False,,,missing_token,FINMIND_TOKEN is not set,275,92,,,,sent,,FinMind request sent with token in query params and/or Authorization header
2026-07-22 01:48:40,api_call,PER source,3653,TaiwanStockPER,False,,,missing_token,FINMIND_TOKEN is not set,276,92,,,,sent,,FinMind request sent with token in query params and/or Authorization header
2026-07-22 01:48:41,api_call,get_stock_data,3661,TaiwanStockPrice,False,,,missing_token,FINMIND_TOKEN is not set,277,93,,,,sent,,FinMind request sent with token in query params and/or Authorization header
2026-07-22 01:48:43,api_call,dividend source,3661,TaiwanStockDividend,False,,,missing_token,FINMIND_TOKEN is not set,278,93,,,,sent,,FinMind request sent with token in query params and/or Authorization header
2026-07-22 01:48:44,api_call,PER source,3661,TaiwanStockPER,False,,,missing_token,FINMIND_TOKEN is not set,279,93,,,,sent,,FinMind request sent with token in query params and/or Authorization header
2026-07-22 01:48:45,api_call,get_stock_data,3665,TaiwanStockPrice,False,,,missing_token,FINMIND_TOKEN is not set,280,94,,,,sent,,FinMind request sent with token in query params and/or Authorization header
2026-07-22 01:48:47,api_call,dividend source,3665,TaiwanStockDividend,False,,,missing_token,FINMIND_TOKEN is not set,281,94,,,,sent,,FinMind request sent with token in query params and/or Authorization header
2026-07-22 01:48:48,api_call,PER source,3665,TaiwanStockPER,False,,,missing_token,FINMIND_TOKEN is not set,282,94,,,,sent,,FinMind request sent with token in query params and/or Authorization header
2026-07-22 01:48:50,api_call,get_stock_data,3680,TaiwanStockPrice,False,,,missing_token,FINMIND_TOKEN is not set,283,95,,,,sent,,FinMind request sent with token in query params and/or Authorization header
2026-07-22 01:48:51,api_call,dividend source,3680,TaiwanStockDividend,False,,,missing_token,FINMIND_TOKEN is not set,284,95,,,,sent,,FinMind request sent with token in query params and/or Authorization header
2026-07-22 01:48:52,api_call,PER source,3680,TaiwanStockPER,False,,,missing_token,FINMIND_TOKEN is not set,285,95,,,,sent,,FinMind request sent with token in query params and/or Authorization header
2026-07-22 01:48:54,api_call,get_stock_data,3701,TaiwanStockPrice,False,,,missing_token,FINMIND_TOKEN is not set,286,96,,,,sent,,FinMind request sent with token in query params and/or Authorization header
2026-07-22 01:48:55,api_call,dividend source,3701,TaiwanStockDividend,False,,,missing_token,FINMIND_TOKEN is not set,287,96,,,,sent,,FinMind request sent with token in query params and/or Authorization header
2026-07-22 01:48:56,api_call,PER source,3701,TaiwanStockPER,False,,,missing_token,FINMIND_TOKEN is not set,288,96,,,,sent,,FinMind request sent with token in query params and/or Authorization header
2026-07-22 01:48:58,api_call,get_stock_data,3711,TaiwanStockPrice,False,,,missing_token,FINMIND_TOKEN is not set,289,97,,,,sent,,FinMind request sent with token in query params and/or Authorization header
2026-07-22 01:48:59,api_call,dividend source,3711,TaiwanStockDividend,False,,,missing_token,FINMIND_TOKEN is not set,290,97,,,,sent,,FinMind request sent with token in query params and/or Authorization header
2026-07-22 01:49:00,api_call,PER source,3711,TaiwanStockPER,False,,,missing_token,FINMIND_TOKEN is not set,291,97,,,,sent,,FinMind request sent with token in query params and/or Authorization header
2026-07-22 01:49:02,api_call,get_stock_data,3715,TaiwanStockPrice,False,,,missing_token,FINMIND_TOKEN is not set,292,98,,,,sent,,FinMind request sent with token in query params and/or Authorization header
2026-07-22 01:49:03,api_call,dividend source,3715,TaiwanStockDividend,False,,,missing_token,FINMIND_TOKEN is not set,293,98,,,,sent,,FinMind request sent with token in query params and/or Authorization header
2026-07-22 01:49:04,api_call,PER source,3715,TaiwanStockPER,False,,,missing_token,FINMIND_TOKEN is not set,294,98,,,,sent,,FinMind request sent with token in query params and/or Authorization header
2026-07-22 01:49:06,api_call,get_stock_data,4722,TaiwanStockPrice,False,,,missing_token,FINMIND_TOKEN is not set,295,99,,,,sent,,FinMind request sent with token in query params and/or Authorization header
2026-07-22 01:49:08,api_call,dividend source,4722,TaiwanStockDividend,False,,,missing_token,FINMIND_TOKEN is not set,296,99,,,,sent,,FinMind request sent with token in query params and/or Authorization header
2026-07-22 01:49:09,api_call,PER source,4722,TaiwanStockPER,False,,,missing_token,FINMIND_TOKEN is not set,297,99,,,,sent,,FinMind request sent with token in query params and/or Authorization header
2026-07-22 01:49:10,api_call,get_stock_data,4749,TaiwanStockPrice,False,,,missing_token,FINMIND_TOKEN is not set,298,100,,,,sent,,FinMind request sent with token in query params and/or Authorization header
2026-07-22 01:49:12,api_call,dividend source,4749,TaiwanStockDividend,False,,,missing_token,FINMIND_TOKEN is not set,299,100,,,,sent,,FinMind request sent with token in query params and/or Authorization header
2026-07-22 01:49:13,api_call,PER source,4749,TaiwanStockPER,False,,,missing_token,FINMIND_TOKEN is not set,300,100,,,,sent,,FinMind request sent with token in query params and/or Authorization header
2026-07-22 01:49:14,api_call,get_stock_data,4772,TaiwanStockPrice,False,,,missing_token,FINMIND_TOKEN is not set,301,101,,,,sent,,FinMind request sent with token in query params and/or Authorization header
2026-07-22 01:49:16,api_call,dividend source,4772,TaiwanStockDividend,False,,,missing_token,FINMIND_TOKEN is not set,302,101,,,,sent,,FinMind request sent with token in query params and/or Authorization header
2026-07-22 01:49:17,api_call,PER source,4772,TaiwanStockPER,False,,,missing_token,FINMIND_TOKEN is not set,303,101,,,,sent,,FinMind request sent with token in query params and/or Authorization header
2026-07-22 01:49:19,api_call,get_stock_data,4958,TaiwanStockPrice,False,,,missing_token,FINMIND_TOKEN is not set,304,102,,,,sent,,FinMind request sent with token in query params and/or Authorization header
2026-07-22 01:49:20,api_call,dividend source,4958,TaiwanStockDividend,False,,,missing_token,FINMIND_TOKEN is not set,305,102,,,,sent,,FinMind request sent with token in query params and/or Authorization header
2026-07-22 01:49:22,api_call,PER source,4958,TaiwanStockPER,False,,,missing_token,FINMIND_TOKEN is not set,306,102,,,,sent,,FinMind request sent with token in query params and/or Authorization header
2026-07-22 01:49:23,api_call,get_stock_data,4971,TaiwanStockPrice,False,,,missing_token,FINMIND_TOKEN is not set,307,103,,,,sent,,FinMind request sent with token in query params and/or Authorization header
2026-07-27 15:36:59,api_call,chip analysis,1101,TaiwanStockTradingDailyReport,False,,,not_checked,login not checked in this process yet,1,1,,,,sent,,FinMind request sent with token in query params and/or Authorization header
2026-08-02 01:23:51,api_call,get_index_ohlc_data,TAIEX,TaiwanStockPrice,False,,,not_checked,login not checked in this process yet,1,1,,,,sent,,FinMind request sent with token in query params and/or Authorization header
2026-08-02 01:26:41,api_call,get_index_ohlc_data,TAIEX,TaiwanStockPrice,False,,,not_checked,login not checked in this process yet,1,1,,,,sent,,FinMind request sent with token in query params and/or Authorization header
2026-08-02 01:26:42,api_call,get_index_ohlc_data,TPEX,TaiwanStockPrice,False,,,not_checked,login not checked in this process yet,2,2,,,,sent,,FinMind request sent with token in query params and/or Authorization header
2026-08-02 01:42:09,api_call,get_index_ohlc_data,TAIEX,TaiwanStockPrice,False,,,not_checked,login not checked in this process yet,1,1,,,,sent,,FinMind request sent with token in query params and/or Authorization header
2026-08-02 01:42:10,api_call,get_index_ohlc_data,TPEX,TaiwanStockPrice,False,,,not_checked,login not checked in this process yet,2,2,,,,sent,,FinMind request sent with token in query params and/or Authorization header
2026-08-02 01:43:18,api_call,get_index_ohlc_data,TAIEX,TaiwanStockPrice,False,,,not_checked,login not checked in this process yet,1,1,,,,sent,,FinMind request sent with token in query params and/or Authorization header
2026-08-02 01:43:19,api_call,get_index_ohlc_data,TPEX,TaiwanStockPrice,False,,,not_checked,login not checked in this process yet,2,2,,,,sent,,FinMind request sent with token in query params and/or Authorization header
2026-08-02 01:45:45,api_call,get_index_ohlc_data,TAIEX,TaiwanStockPrice,False,,,not_checked,login not checked in this process yet,1,1,,,,sent,,FinMind request sent with token in query params and/or Authorization header
2026-08-02 01:45:46,api_call,get_index_ohlc_data,TPEX,TaiwanStockPrice,False,,,not_checked,login not checked in this process yet,2,2,,,,sent,,FinMind request sent with token in query params and/or Authorization header
2026-08-02 01:46:34,api_call,get_index_ohlc_data,TAIEX,TaiwanStockPrice,False,,,not_checked,login not checked in this process yet,1,1,,,,sent,,FinMind request sent with token in query params and/or Authorization header
2026-08-02 01:58:41,api_call,get_index_ohlc_data,TAIEX,TaiwanStockPrice,False,,,not_checked,login not checked in this process yet,1,1,,,,sent,,FinMind request sent with token in query params and/or Authorization header
2026-08-02 01:58:42,api_call,get_index_ohlc_data,TPEx,TaiwanStockTotalReturnIndex,False,,,not_checked,login not checked in this process yet,2,1,,,,sent,,FinMind request sent with token in query params and/or Authorization header
2026-08-02 03:15:49,api_call,market_total_chips,total,TaiwanStockTotalMarginPurchaseShortSale,False,,,not_checked,login not checked in this process yet,1,1,,,,sent,,FinMind request sent with token in query params and/or Authorization header
2026-08-02 03:15:50,api_call,market_total_chips,total,TaiwanStockTotalInstitutionalInvestors,False,,,not_checked,login not checked in this process yet,2,1,,,,sent,,FinMind request sent with token in query params and/or Authorization header
2026-08-02 13:42:37,api_call,PER source,2449,TaiwanStockPER,False,,,not_checked,login not checked in this process yet,1,1,,,,sent,,FinMind request sent with token in query params and/or Authorization header
2026-08-02 13:42:38,api_call,PER/PBR 90D,2449,TaiwanStockPER,False,,,not_checked,login not checked in this process yet,2,2,,,,sent,,FinMind request sent with token in query params and/or Authorization header
2026-08-02 13:53:21,token_check,generate_static_valuation_csv,,,False,,,missing_token,FINMIND_TOKEN is not set,0,0,,,,missing_token,,FINMIND_TOKEN is not set
2026-08-02 13:53:21,generate_static_valuation_start,generate_static_valuation_csv,,,False,,,missing_token,FINMIND_TOKEN is not set,0,0,,,,missing_token,,"output=AllStatic_Valuation.csv, stocks=169"
2026-08-02 13:53:21,api_call,PER/PBR 90D,1101,TaiwanStockPER,False,,,missing_token,FINMIND_TOKEN is not set,1,1,,,,sent,,FinMind request sent with token in query params and/or Authorization header
2026-08-02 13:53:22,api_call,PER/PBR 90D,1216,TaiwanStockPER,False,,,missing_token,FINMIND_TOKEN is not set,2,2,,,,sent,,FinMind request sent with token in query params and/or Authorization header
2026-08-02 13:53:23,api_call,PER/PBR 90D,1319,TaiwanStockPER,False,,,missing_token,FINMIND_TOKEN is not set,3,3,,,,sent,,FinMind request sent with token in query params and/or Authorization header
2026-08-02 13:53:24,api_call,PER/PBR 90D,1326,TaiwanStockPER,False,,,missing_token,FINMIND_TOKEN is not set,4,4,,,,sent,,FinMind request sent with token in query params and/or Authorization header
2026-08-02 13:53:25,api_call,PER/PBR 90D,1476,TaiwanStockPER,False,,,missing_token,FINMIND_TOKEN is not set,5,5,,,,sent,,FinMind request sent with token in query params and/or Authorization header
2026-08-02 13:53:26,api_call,PER/PBR 90D,1503,TaiwanStockPER,False,,,missing_token,FINMIND_TOKEN is not set,6,6,,,,sent,,FinMind request sent with token in query params and/or Authorization header
2026-08-02 13:53:27,api_call,PER/PBR 90D,1513,TaiwanStockPER,False,,,missing_token,FINMIND_TOKEN is not set,7,7,,,,sent,,FinMind request sent with token in query params and/or Authorization header
2026-08-02 13:53:28,api_call,PER/PBR 90D,1514,TaiwanStockPER,False,,,missing_token,FINMIND_TOKEN is not set,8,8,,,,sent,,FinMind request sent with token in query params and/or Authorization header
2026-08-02 13:53:29,api_call,PER/PBR 90D,1519,TaiwanStockPER,False,,,missing_token,FINMIND_TOKEN is not set,9,9,,,,sent,,FinMind request sent with token in query params and/or Authorization header
2026-08-02 13:53:30,api_call,PER/PBR 90D,1532,TaiwanStockPER,False,,,missing_token,FINMIND_TOKEN is not set,10,10,,,,sent,,FinMind request sent with token in query params and/or Authorization header
2026-08-02 13:53:31,api_call,PER/PBR 90D,1560,TaiwanStockPER,False,,,missing_token,FINMIND_TOKEN is not set,11,11,,,,sent,,FinMind request sent with token in query params and/or Authorization header
2026-08-02 13:53:32,api_call,PER/PBR 90D,1597,TaiwanStockPER,False,,,missing_token,FINMIND_TOKEN is not set,12,12,,,,sent,,FinMind request sent with token in query params and/or Authorization header
2026-08-02 13:53:33,api_call,PER/PBR 90D,1727,TaiwanStockPER,False,,,missing_token,FINMIND_TOKEN is not set,13,13,,,,sent,,FinMind request sent with token in query params and/or Authorization header
2026-08-02 13:53:34,api_call,PER/PBR 90D,1760,TaiwanStockPER,False,,,missing_token,FINMIND_TOKEN is not set,14,14,,,,sent,,FinMind request sent with token in query params and/or Authorization header
2026-08-02 13:53:35,api_call,PER/PBR 90D,1802,TaiwanStockPER,False,,,missing_token,FINMIND_TOKEN is not set,15,15,,,,sent,,FinMind request sent with token in query params and/or Authorization header
2026-08-02 13:53:36,api_call,PER/PBR 90D,2049,TaiwanStockPER,False,,,missing_token,FINMIND_TOKEN is not set,16,16,,,,sent,,FinMind request sent with token in query params and/or Authorization header
2026-08-02 13:53:37,api_call,PER/PBR 90D,2059,TaiwanStockPER,False,,,missing_token,FINMIND_TOKEN is not set,17,17,,,,sent,,FinMind request sent with token in query params and/or Authorization header
2026-08-02 13:53:38,api_call,PER/PBR 90D,2233,TaiwanStockPER,False,,,missing_token,FINMIND_TOKEN is not set,18,18,,,,sent,,FinMind request sent with token in query params and/or Authorization header
2026-08-02 13:53:39,api_call,PER/PBR 90D,2301,TaiwanStockPER,False,,,missing_token,FINMIND_TOKEN is not set,19,19,,,,sent,,FinMind request sent with token in query params and/or Authorization header
2026-08-02 13:53:40,api_call,PER/PBR 90D,2303,TaiwanStockPER,False,,,missing_token,FINMIND_TOKEN is not set,20,20,,,,sent,,FinMind request sent with token in query params and/or Authorization header
2026-08-02 13:53:41,api_call,PER/PBR 90D,2308,TaiwanStockPER,False,,,missing_token,FINMIND_TOKEN is not set,21,21,,,,sent,,FinMind request sent with token in query params and/or Authorization header
2026-08-02 13:53:42,api_call,PER/PBR 90D,2313,TaiwanStockPER,False,,,missing_token,FINMIND_TOKEN is not set,22,22,,,,sent,,FinMind request sent with token in query params and/or Authorization header
2026-08-02 13:53:43,api_call,PER/PBR 90D,2317,TaiwanStockPER,False,,,missing_token,FINMIND_TOKEN is not set,23,23,,,,sent,,FinMind request sent with token in query params and/or Authorization header
2026-08-02 13:53:44,api_call,PER/PBR 90D,2327,TaiwanStockPER,False,,,missing_token,FINMIND_TOKEN is not set,24,24,,,,sent,,FinMind request sent with token in query params and/or Authorization header
2026-08-02 13:53:46,api_call,PER/PBR 90D,2330,TaiwanStockPER,False,,,missing_token,FINMIND_TOKEN is not set,25,25,,,,sent,,FinMind request sent with token in query params and/or Authorization header
2026-08-02 13:53:47,api_call,PER/PBR 90D,2344,TaiwanStockPER,False,,,missing_token,FINMIND_TOKEN is not set,26,26,,,,sent,,FinMind request sent with token in query params and/or Authorization header
2026-08-02 13:53:48,api_call,PER/PBR 90D,2345,TaiwanStockPER,False,,,missing_token,FINMIND_TOKEN is not set,27,27,,,,sent,,FinMind request sent with token in query params and/or Authorization header
2026-08-02 13:53:49,api_call,PER/PBR 90D,2353,TaiwanStockPER,False,,,missing_token,FINMIND_TOKEN is not set,28,28,,,,sent,,FinMind request sent with token in query params and/or Authorization header
2026-08-02 13:53:50,api_call,PER/PBR 90D,2357,TaiwanStockPER,False,,,missing_token,FINMIND_TOKEN is not set,29,29,,,,sent,,FinMind request sent with token in query params and/or Authorization header
2026-08-02 13:53:51,api_call,PER/PBR 90D,2360,TaiwanStockPER,False,,,missing_token,FINMIND_TOKEN is not set,30,30,,,,sent,,FinMind request sent with token in query params and/or Authorization header
2026-08-02 13:53:52,api_call,PER/PBR 90D,2368,TaiwanStockPER,False,,,missing_token,FINMIND_TOKEN is not set,31,31,,,,sent,,FinMind request sent with token in query params and/or Authorization header
2026-08-02 13:53:53,api_call,PER/PBR 90D,2375,TaiwanStockPER,False,,,missing_token,FINMIND_TOKEN is not set,32,32,,,,sent,,FinMind request sent with token in query params and/or Authorization header
2026-08-02 13:53:54,api_call,PER/PBR 90D,2377,TaiwanStockPER,False,,,missing_token,FINMIND_TOKEN is not set,33,33,,,,sent,,FinMind request sent with token in query params and/or Authorization header
2026-08-02 13:53:55,api_call,PER/PBR 90D,2382,TaiwanStockPER,False,,,missing_token,FINMIND_TOKEN is not set,34,34,,,,sent,,FinMind request sent with token in query params and/or Authorization header
2026-08-02 13:53:56,api_call,PER/PBR 90D,2383,TaiwanStockPER,False,,,missing_token,FINMIND_TOKEN is not set,35,35,,,,sent,,FinMind request sent with token in query params and/or Authorization header
2026-08-02 13:53:57,api_call,PER/PBR 90D,2402,TaiwanStockPER,False,,,missing_token,FINMIND_TOKEN is not set,36,36,,,,sent,,FinMind request sent with token in query params and/or Authorization header
2026-08-02 13:53:58,api_call,PER/PBR 90D,2404,TaiwanStockPER,False,,,missing_token,FINMIND_TOKEN is not set,37,37,,,,sent,,FinMind request sent with token in query params and/or Authorization header
2026-08-02 13:53:59,api_call,PER/PBR 90D,2408,TaiwanStockPER,False,,,missing_token,FINMIND_TOKEN is not set,38,38,,,,sent,,FinMind request sent with token in query params and/or Authorization header
2026-08-02 13:54:00,api_call,PER/PBR 90D,2449,TaiwanStockPER,False,,,missing_token,FINMIND_TOKEN is not set,39,39,,,,sent,,FinMind request sent with token in query params and/or Authorization header
2026-08-02 13:54:01,api_call,PER/PBR 90D,2454,TaiwanStockPER,False,,,missing_token,FINMIND_TOKEN is not set,40,40,,,,sent,,FinMind request sent with token in query params and/or Authorization header
2026-08-02 13:54:02,api_call,PER/PBR 90D,2455,TaiwanStockPER,False,,,missing_token,FINMIND_TOKEN is not set,41,41,,,,sent,,FinMind request sent with token in query params and/or Authorization header
2026-08-02 13:54:03,api_call,PER/PBR 90D,2467,TaiwanStockPER,False,,,missing_token,FINMIND_TOKEN is not set,42,42,,,,sent,,FinMind request sent with token in query params and/or Authorization header
2026-08-02 13:54:04,api_call,PER/PBR 90D,2472,TaiwanStockPER,False,,,missing_token,FINMIND_TOKEN is not set,43,43,,,,sent,,FinMind request sent with token in query params and/or Authorization header
2026-08-02 13:54:05,api_call,PER/PBR 90D,2478,TaiwanStockPER,False,,,missing_token,FINMIND_TOKEN is not set,44,44,,,,sent,,FinMind request sent with token in query params and/or Authorization header
2026-08-02 13:54:06,api_call,PER/PBR 90D,2481,TaiwanStockPER,False,,,missing_token,FINMIND_TOKEN is not set,45,45,,,,sent,,FinMind request sent with token in query params and/or Authorization header
2026-08-02 13:54:07,api_call,PER/PBR 90D,2484,TaiwanStockPER,False,,,missing_token,FINMIND_TOKEN is not set,46,46,,,,sent,,FinMind request sent with token in query params and/or Authorization header
2026-08-02 13:54:08,api_call,PER/PBR 90D,2486,TaiwanStockPER,False,,,missing_token,FINMIND_TOKEN is not set,47,47,,,,sent,,FinMind request sent with token in query params and/or Authorization header
2026-08-02 13:54:09,api_call,PER/PBR 90D,2492,TaiwanStockPER,False,,,missing_token,FINMIND_TOKEN is not set,48,48,,,,sent,,FinMind request sent with token in query params and/or Authorization header
2026-08-02 13:54:11,api_call,PER/PBR 90D,2881,TaiwanStockPER,False,,,missing_token,FINMIND_TOKEN is not set,49,49,,,,sent,,FinMind request sent with token in query params and/or Authorization header
2026-08-02 13:54:12,api_call,PER/PBR 90D,2885,TaiwanStockPER,False,,,missing_token,FINMIND_TOKEN is not set,50,50,,,,sent,,FinMind request sent with token in query params and/or Authorization header
2026-08-02 13:54:13,api_call,PER/PBR 90D,2891,TaiwanStockPER,False,,,missing_token,FINMIND_TOKEN is not set,51,51,,,,sent,,FinMind request sent with token in query params and/or Authorization header
2026-08-02 13:54:14,api_call,PER/PBR 90D,2912,TaiwanStockPER,False,,,missing_token,FINMIND_TOKEN is not set,52,52,,,,sent,,FinMind request sent with token in query params and/or Authorization header
2026-08-02 13:54:15,api_call,PER/PBR 90D,3008,TaiwanStockPER,False,,,missing_token,FINMIND_TOKEN is not set,53,53,,,,sent,,FinMind request sent with token in query params and/or Authorization header
2026-08-02 13:54:16,api_call,PER/PBR 90D,3013,TaiwanStockPER,False,,,missing_token,FINMIND_TOKEN is not set,54,54,,,,sent,,FinMind request sent with token in query params and/or Authorization header
2026-08-02 13:54:17,api_call,PER/PBR 90D,3017,TaiwanStockPER,False,,,missing_token,FINMIND_TOKEN is not set,55,55,,,,sent,,FinMind request sent with token in query params and/or Authorization header
2026-08-02 13:54:18,api_call,PER/PBR 90D,3023,TaiwanStockPER,False,,,missing_token,FINMIND_TOKEN is not set,56,56,,,,sent,,FinMind request sent with token in query params and/or Authorization header
2026-08-02 13:54:19,api_call,PER/PBR 90D,3026,TaiwanStockPER,False,,,missing_token,FINMIND_TOKEN is not set,57,57,,,,sent,,FinMind request sent with token in query params and/or Authorization header
2026-08-02 13:54:20,api_call,PER/PBR 90D,3035,TaiwanStockPER,False,,,missing_token,FINMIND_TOKEN is not set,58,58,,,,sent,,FinMind request sent with token in query params and/or Authorization header
2026-08-02 13:54:21,api_call,PER/PBR 90D,3037,TaiwanStockPER,False,,,missing_token,FINMIND_TOKEN is not set,59,59,,,,sent,,FinMind request sent with token in query params and/or Authorization header
2026-08-02 13:54:22,api_call,PER/PBR 90D,3042,TaiwanStockPER,False,,,missing_token,FINMIND_TOKEN is not set,60,60,,,,sent,,FinMind request sent with token in query params and/or Authorization header
2026-08-02 13:54:23,api_call,PER/PBR 90D,3044,TaiwanStockPER,False,,,missing_token,FINMIND_TOKEN is not set,61,61,,,,sent,,FinMind request sent with token in query params and/or Authorization header
2026-08-02 13:54:24,api_call,PER/PBR 90D,3081,TaiwanStockPER,False,,,missing_token,FINMIND_TOKEN is not set,62,62,,,,sent,,FinMind request sent with token in query params and/or Authorization header
2026-08-02 13:54:25,api_call,PER/PBR 90D,3090,TaiwanStockPER,False,,,missing_token,FINMIND_TOKEN is not set,63,63,,,,sent,,FinMind request sent with token in query params and/or Authorization header
2026-08-02 13:54:26,api_call,PER/PBR 90D,3105,TaiwanStockPER,False,,,missing_token,FINMIND_TOKEN is not set,64,64,,,,sent,,FinMind request sent with token in query params and/or Authorization header
2026-08-02 13:54:27,api_call,PER/PBR 90D,3131,TaiwanStockPER,False,,,missing_token,FINMIND_TOKEN is not set,65,65,,,,sent,,FinMind request sent with token in query params and/or Authorization header
2026-08-02 13:54:28,api_call,PER/PBR 90D,3163,TaiwanStockPER,False,,,missing_token,FINMIND_TOKEN is not set,66,66,,,,sent,,FinMind request sent with token in query params and/or Authorization header
2026-08-02 13:54:29,api_call,PER/PBR 90D,3167,TaiwanStockPER,False,,,missing_token,FINMIND_TOKEN is not set,67,67,,,,sent,,FinMind request sent with token in query params and/or Authorization header
2026-08-02 13:54:30,api_call,PER/PBR 90D,3189,TaiwanStockPER,False,,,missing_token,FINMIND_TOKEN is not set,68,68,,,,sent,,FinMind request sent with token in query params and/or Authorization header
2026-08-02 13:54:31,api_call,PER/PBR 90D,3221,TaiwanStockPER,False,,,missing_token,FINMIND_TOKEN is not set,69,69,,,,sent,,FinMind request sent with token in query params and/or Authorization header
2026-08-02 13:54:32,api_call,PER/PBR 90D,3231,TaiwanStockPER,False,,,missing_token,FINMIND_TOKEN is not set,70,70,,,,sent,,FinMind request sent with token in query params and/or Authorization header
2026-08-02 13:54:33,api_call,PER/PBR 90D,3234,TaiwanStockPER,False,,,missing_token,FINMIND_TOKEN is not set,71,71,,,,sent,,FinMind request sent with token in query params and/or Authorization header
2026-08-02 13:54:34,api_call,PER/PBR 90D,3236,TaiwanStockPER,False,,,missing_token,FINMIND_TOKEN is not set,72,72,,,,sent,,FinMind request sent with token in query params and/or Authorization header
2026-08-02 13:54:35,api_call,PER/PBR 90D,3264,TaiwanStockPER,False,,,missing_token,FINMIND_TOKEN is not set,73,73,,,,sent,,FinMind request sent with token in query params and/or Authorization header
2026-08-02 13:54:36,api_call,PER/PBR 90D,3265,TaiwanStockPER,False,,,missing_token,FINMIND_TOKEN is not set,74,74,,,,sent,,FinMind request sent with token in query params and/or Authorization header
2026-08-02 13:54:37,api_call,PER/PBR 90D,3289,TaiwanStockPER,False,,,missing_token,FINMIND_TOKEN is not set,75,75,,,,sent,,FinMind request sent with token in query params and/or Authorization header
2026-08-02 13:54:38,api_call,PER/PBR 90D,3324,TaiwanStockPER,False,,,missing_token,FINMIND_TOKEN is not set,76,76,,,,sent,,FinMind request sent with token in query params and/or Authorization header
2026-08-02 13:54:39,api_call,PER/PBR 90D,3357,TaiwanStockPER,False,,,missing_token,FINMIND_TOKEN is not set,77,77,,,,sent,,FinMind request sent with token in query params and/or Authorization header
2026-08-02 13:54:40,api_call,PER/PBR 90D,3363,TaiwanStockPER,False,,,missing_token,FINMIND_TOKEN is not set,78,78,,,,sent,,FinMind request sent with token in query params and/or Authorization header
2026-08-02 13:54:41,api_call,PER/PBR 90D,3374,TaiwanStockPER,False,,,missing_token,FINMIND_TOKEN is not set,79,79,,,,sent,,FinMind request sent with token in query params and/or Authorization header
2026-08-02 13:54:42,api_call,PER/PBR 90D,3376,TaiwanStockPER,False,,,missing_token,FINMIND_TOKEN is not set,80,80,,,,sent,,FinMind request sent with token in query params and/or Authorization header
2026-08-02 13:54:43,api_call,PER/PBR 90D,3443,TaiwanStockPER,False,,,missing_token,FINMIND_TOKEN is not set,81,81,,,,sent,,FinMind request sent with token in query params and/or Authorization header
2026-08-02 13:54:44,api_call,PER/PBR 90D,3450,TaiwanStockPER,False,,,missing_token,FINMIND_TOKEN is not set,82,82,,,,sent,,FinMind request sent with token in query params and/or Authorization header
2026-08-02 13:54:45,api_call,PER/PBR 90D,3481,TaiwanStockPER,False,,,missing_token,FINMIND_TOKEN is not set,83,83,,,,sent,,FinMind request sent with token in query params and/or Authorization header
2026-08-02 13:54:46,api_call,PER/PBR 90D,3491,TaiwanStockPER,False,,,missing_token,FINMIND_TOKEN is not set,84,84,,,,sent,,FinMind request sent with token in query params and/or Authorization header
2026-08-02 13:54:47,api_call,PER/PBR 90D,3529,TaiwanStockPER,False,,,missing_token,FINMIND_TOKEN is not set,85,85,,,,sent,,FinMind request sent with token in query params and/or Authorization header
2026-08-02 13:54:48,api_call,PER/PBR 90D,3533,TaiwanStockPER,False,,,missing_token,FINMIND_TOKEN is not set,86,86,,,,sent,,FinMind request sent with token in query params and/or Authorization header
2026-08-02 13:54:49,api_call,PER/PBR 90D,3563,TaiwanStockPER,False,,,missing_token,FINMIND_TOKEN is not set,87,87,,,,sent,,FinMind request sent with token in query params and/or Authorization header
2026-08-02 13:54:50,api_call,PER/PBR 90D,3583,TaiwanStockPER,False,,,missing_token,FINMIND_TOKEN is not set,88,88,,,,sent,,FinMind request sent with token in query params and/or Authorization header
2026-08-02 13:54:51,api_call,PER/PBR 90D,3587,TaiwanStockPER,False,,,missing_token,FINMIND_TOKEN is not set,89,89,,,,sent,,FinMind request sent with token in query params and/or Authorization header
2026-08-02 13:54:52,api_call,PER/PBR 90D,3605,TaiwanStockPER,False,,,missing_token,FINMIND_TOKEN is not set,90,90,,,,sent,,FinMind request sent with token in query params and/or Authorization header
2026-08-02 13:54:54,api_call,PER/PBR 90D,3645,TaiwanStockPER,False,,,missing_token,FINMIND_TOKEN is not set,91,91,,,,sent,,FinMind request sent with token in query params and/or Authorization header
2026-08-02 13:54:55,api_call,PER/PBR 90D,3653,TaiwanStockPER,False,,,missing_token,FINMIND_TOKEN is not set,92,92,,,,sent,,FinMind request sent with token in query params and/or Authorization header
2026-08-02 13:54:56,api_call,PER/PBR 90D,3661,TaiwanStockPER,False,,,missing_token,FINMIND_TOKEN is not set,93,93,,,,sent,,FinMind request sent with token in query params and/or Authorization header
2026-08-02 13:54:57,api_call,PER/PBR 90D,3665,TaiwanStockPER,False,,,missing_token,FINMIND_TOKEN is not set,94,94,,,,sent,,FinMind request sent with token in query params and/or Authorization header
2026-08-02 13:54:59,api_call,PER/PBR 90D,3680,TaiwanStockPER,False,,,missing_token,FINMIND_TOKEN is not set,95,95,,,,sent,,FinMind request sent with token in query params and/or Authorization header
2026-08-02 13:55:00,api_call,PER/PBR 90D,3701,TaiwanStockPER,False,,,missing_token,FINMIND_TOKEN is not set,96,96,,,,sent,,FinMind request sent with token in query params and/or Authorization header
2026-08-02 13:55:01,api_call,PER/PBR 90D,3711,TaiwanStockPER,False,,,missing_token,FINMIND_TOKEN is not set,97,97,,,,sent,,FinMind request sent with token in query params and/or Authorization header
2026-08-02 13:55:02,api_call,PER/PBR 90D,3715,TaiwanStockPER,False,,,missing_token,FINMIND_TOKEN is not set,98,98,,,,sent,,FinMind request sent with token in query params and/or Authorization header
2026-08-02 13:55:03,api_call,PER/PBR 90D,4722,TaiwanStockPER,False,,,missing_token,FINMIND_TOKEN is not set,99,99,,,,sent,,FinMind request sent with token in query params and/or Authorization header
2026-08-02 13:55:04,api_call,PER/PBR 90D,4749,TaiwanStockPER,False,,,missing_token,FINMIND_TOKEN is not set,100,100,,,,sent,,FinMind request sent with token in query params and/or Authorization header
2026-08-02 13:55:05,api_call,PER/PBR 90D,4772,TaiwanStockPER,False,,,missing_token,FINMIND_TOKEN is not set,101,101,,,,sent,,FinMind request sent with token in query params and/or Authorization header
2026-08-02 13:55:06,api_call,PER/PBR 90D,4958,TaiwanStockPER,False,,,missing_token,FINMIND_TOKEN is not set,102,102,,,,sent,,FinMind request sent with token in query params and/or Authorization header
2026-08-02 13:55:07,api_call,PER/PBR 90D,4971,TaiwanStockPER,False,,,missing_token,FINMIND_TOKEN is not set,103,103,,,,sent,,FinMind request sent with token in query params and/or Authorization header
2026-08-02 13:55:08,api_call,PER/PBR 90D,4977,TaiwanStockPER,False,,,missing_token,FINMIND_TOKEN is not set,104,104,,,,sent,,FinMind request sent with token in query params and/or Authorization header
2026-08-02 13:55:09,api_call,PER/PBR 90D,4979,TaiwanStockPER,False,,,missing_token,FINMIND_TOKEN is not set,105,105,,,,sent,,FinMind request sent with token in query params and/or Authorization header
2026-08-02 13:55:10,api_call,PER/PBR 90D,4991,TaiwanStockPER,False,,,missing_token,FINMIND_TOKEN is not set,106,106,,,,sent,,FinMind request sent with token in query params and/or Authorization header
2026-08-02 13:55:11,api_call,PER/PBR 90D,5246,TaiwanStockPER,False,,,missing_token,FINMIND_TOKEN is not set,107,107,,,,sent,,FinMind request sent with token in query params and/or Authorization header
2026-08-02 13:55:12,api_call,PER/PBR 90D,5274,TaiwanStockPER,False,,,missing_token,FINMIND_TOKEN is not set,108,108,,,,sent,,FinMind request sent with token in query params and/or Authorization header
2026-08-02 13:55:14,api_call,PER/PBR 90D,5285,TaiwanStockPER,False,,,missing_token,FINMIND_TOKEN is not set,109,109,,,,sent,,FinMind request sent with token in query params and/or Authorization header
2026-08-02 13:55:15,api_call,PER/PBR 90D,5289,TaiwanStockPER,False,,,missing_token,FINMIND_TOKEN is not set,110,110,,,,sent,,FinMind request sent with token in query params and/or Authorization header
2026-08-02 13:55:16,api_call,PER/PBR 90D,5347,TaiwanStockPER,False,,,missing_token,FINMIND_TOKEN is not set,111,111,,,,sent,,FinMind request sent with token in query params and/or Authorization header
2026-08-02 13:55:17,api_call,PER/PBR 90D,5443,TaiwanStockPER,False,,,missing_token,FINMIND_TOKEN is not set,112,112,,,,sent,,FinMind request sent with token in query params and/or Authorization header
2026-08-02 13:55:18,api_call,PER/PBR 90D,5536,TaiwanStockPER,False,,,missing_token,FINMIND_TOKEN is not set,113,113,,,,sent,,FinMind request sent with token in query params and/or Authorization header
2026-08-02 13:55:20,api_call,PER/PBR 90D,5871,TaiwanStockPER,False,,,missing_token,FINMIND_TOKEN is not set,114,114,,,,sent,,FinMind request sent with token in query params and/or Authorization header
2026-08-02 13:55:21,api_call,PER/PBR 90D,6005,TaiwanStockPER,False,,,missing_token,FINMIND_TOKEN is not set,115,115,,,,sent,,FinMind request sent with token in query params and/or Authorization header
2026-08-02 13:55:22,api_call,PER/PBR 90D,6139,TaiwanStockPER,False,,,missing_token,FINMIND_TOKEN is not set,116,116,,,,sent,,FinMind request sent with token in query params and/or Authorization header
2026-08-02 13:55:23,api_call,PER/PBR 90D,6174,TaiwanStockPER,False,,,missing_token,FINMIND_TOKEN is not set,117,117,,,,sent,,FinMind request sent with token in query params and/or Authorization header
2026-08-02 13:55:24,api_call,PER/PBR 90D,6187,TaiwanStockPER,False,,,missing_token,FINMIND_TOKEN is not set,118,118,,,,sent,,FinMind request sent with token in query params and/or Authorization header
2026-08-02 13:55:25,api_call,PER/PBR 90D,6196,TaiwanStockPER,False,,,missing_token,FINMIND_TOKEN is not set,119,119,,,,sent,,FinMind request sent with token in query params and/or Authorization header
2026-08-02 13:55:26,api_call,PER/PBR 90D,6197,TaiwanStockPER,False,,,missing_token,FINMIND_TOKEN is not set,120,120,,,,sent,,FinMind request sent with token in query params and/or Authorization header
2026-08-02 13:55:27,api_call,PER/PBR 90D,6213,TaiwanStockPER,False,,,missing_token,FINMIND_TOKEN is not set,121,121,,,,sent,,FinMind request sent with token in query params and/or Authorization header
2026-08-02 13:55:28,api_call,PER/PBR 90D,6217,TaiwanStockPER,False,,,missing_token,FINMIND_TOKEN is not set,122,122,,,,sent,,FinMind request sent with token in query params and/or Authorization header
2026-08-02 13:55:29,api_call,PER/PBR 90D,6223,TaiwanStockPER,False,,,missing_token,FINMIND_TOKEN is not set,123,123,,,,sent,,FinMind request sent with token in query params and/or Authorization header
2026-08-02 13:55:30,api_call,PER/PBR 90D,6243,TaiwanStockPER,False,,,missing_token,FINMIND_TOKEN is not set,124,124,,,,sent,,FinMind request sent with token in query params and/or Authorization header
2026-08-02 13:55:31,api_call,PER/PBR 90D,6257,TaiwanStockPER,False,,,missing_token,FINMIND_TOKEN is not set,125,125,,,,sent,,FinMind request sent with token in query params and/or Authorization header
2026-08-02 13:55:32,api_call,PER/PBR 90D,6274,TaiwanStockPER,False,,,missing_token,FINMIND_TOKEN is not set,126,126,,,,sent,,FinMind request sent with token in query params and/or Authorization header
2026-08-02 13:55:33,api_call,PER/PBR 90D,6278,TaiwanStockPER,False,,,missing_token,FINMIND_TOKEN is not set,127,127,,,,sent,,FinMind request sent with token in query params and/or Authorization header
2026-08-02 13:55:34,api_call,PER/PBR 90D,6282,TaiwanStockPER,False,,,missing_token,FINMIND_TOKEN is not set,128,128,,,,sent,,FinMind request sent with token in query params and/or Authorization header
2026-08-02 13:55:35,api_call,PER/PBR 90D,6285,TaiwanStockPER,False,,,missing_token,FINMIND_TOKEN is not set,129,129,,,,sent,,FinMind request sent with token in query params and/or Authorization header
2026-08-02 13:55:37,api_call,PER/PBR 90D,6291,TaiwanStockPER,False,,,missing_token,FINMIND_TOKEN is not set,130,130,,,,sent,,FinMind request sent with token in query params and/or Authorization header
2026-08-02 13:55:38,api_call,PER/PBR 90D,6412,TaiwanStockPER,False,,,missing_token,FINMIND_TOKEN is not set,131,131,,,,sent,,FinMind request sent with token in query params and/or Authorization header
2026-08-02 13:55:39,api_call,PER/PBR 90D,6414,TaiwanStockPER,False,,,missing_token,FINMIND_TOKEN is not set,132,132,,,,sent,,FinMind request sent with token in query params and/or Authorization header
2026-08-02 13:55:40,api_call,PER/PBR 90D,6442,TaiwanStockPER,False,,,missing_token,FINMIND_TOKEN is not set,133,133,,,,sent,,FinMind request sent with token in query params and/or Authorization header
2026-08-02 13:55:41,api_call,PER/PBR 90D,6451,TaiwanStockPER,False,,,missing_token,FINMIND_TOKEN is not set,134,134,,,,sent,,FinMind request sent with token in query params and/or Authorization header
2026-08-02 13:55:42,api_call,PER/PBR 90D,6510,TaiwanStockPER,False,,,missing_token,FINMIND_TOKEN is not set,135,135,,,,sent,,FinMind request sent with token in query params and/or Authorization header
2026-08-02 13:55:43,api_call,PER/PBR 90D,6515,TaiwanStockPER,False,,,missing_token,FINMIND_TOKEN is not set,136,136,,,,sent,,FinMind request sent with token in query params and/or Authorization header
2026-08-02 13:55:44,api_call,PER/PBR 90D,6526,TaiwanStockPER,False,,,missing_token,FINMIND_TOKEN is not set,137,137,,,,sent,,FinMind request sent with token in query params and/or Authorization header
2026-08-02 13:55:45,api_call,PER/PBR 90D,6531,TaiwanStockPER,False,,,missing_token,FINMIND_TOKEN is not set,138,138,,,,sent,,FinMind request sent with token in query params and/or Authorization header
2026-08-02 13:55:46,api_call,PER/PBR 90D,6640,TaiwanStockPER,False,,,missing_token,FINMIND_TOKEN is not set,139,139,,,,sent,,FinMind request sent with token in query params and/or Authorization header
2026-08-02 13:55:47,api_call,PER/PBR 90D,6643,TaiwanStockPER,False,,,missing_token,FINMIND_TOKEN is not set,140,140,,,,sent,,FinMind request sent with token in query params and/or Authorization header
2026-08-02 13:55:48,api_call,PER/PBR 90D,6664,TaiwanStockPER,False,,,missing_token,FINMIND_TOKEN is not set,141,141,,,,sent,,FinMind request sent with token in query params and/or Authorization header
2026-08-02 13:55:49,api_call,PER/PBR 90D,6669,TaiwanStockPER,False,,,missing_token,FINMIND_TOKEN is not set,142,142,,,,sent,,FinMind request sent with token in query params and/or Authorization header
2026-08-02 13:55:50,api_call,PER/PBR 90D,6672,TaiwanStockPER,False,,,missing_token,FINMIND_TOKEN is not set,143,143,,,,sent,,FinMind request sent with token in query params and/or Authorization header
2026-08-02 13:55:51,api_call,PER/PBR 90D,6683,TaiwanStockPER,False,,,missing_token,FINMIND_TOKEN is not set,144,144,,,,sent,,FinMind request sent with token in query params and/or Authorization header
2026-08-02 13:55:52,api_call,PER/PBR 90D,6691,TaiwanStockPER,False,,,missing_token,FINMIND_TOKEN is not set,145,145,,,,sent,,FinMind request sent with token in query params and/or Authorization header
2026-08-02 13:55:53,api_call,PER/PBR 90D,6693,TaiwanStockPER,False,,,missing_token,FINMIND_TOKEN is not set,146,146,,,,sent,,FinMind request sent with token in query params and/or Authorization header
2026-08-02 13:55:54,api_call,PER/PBR 90D,6789,TaiwanStockPER,False,,,missing_token,FINMIND_TOKEN is not set,147,147,,,,sent,,FinMind request sent with token in query params and/or Authorization header
2026-08-02 13:55:55,api_call,PER/PBR 90D,6805,TaiwanStockPER,False,,,missing_token,FINMIND_TOKEN is not set,148,148,,,,sent,,FinMind request sent with token in query params and/or Authorization header
2026-08-02 13:55:56,api_call,PER/PBR 90D,6862,TaiwanStockPER,False,,,missing_token,FINMIND_TOKEN is not set,149,149,,,,sent,,FinMind request sent with token in query params and/or Authorization header
2026-08-02 13:55:57,api_call,PER/PBR 90D,6940,TaiwanStockPER,False,,,missing_token,FINMIND_TOKEN is not set,150,150,,,,sent,,FinMind request sent with token in query params and/or Authorization header
2026-08-02 13:55:59,api_call,PER/PBR 90D,7711,TaiwanStockPER,False,,,missing_token,FINMIND_TOKEN is not set,151,151,,,,sent,,FinMind request sent with token in query params and/or Authorization header
2026-08-02 13:56:00,api_call,PER/PBR 90D,7717,TaiwanStockPER,False,,,missing_token,FINMIND_TOKEN is not set,152,152,,,,sent,,FinMind request sent with token in query params and/or Authorization header
2026-08-02 13:56:01,api_call,PER/PBR 90D,7728,TaiwanStockPER,False,,,missing_token,FINMIND_TOKEN is not set,153,153,,,,sent,,FinMind request sent with token in query params and/or Authorization header
2026-08-02 13:56:02,api_call,PER/PBR 90D,7734,TaiwanStockPER,False,,,missing_token,FINMIND_TOKEN is not set,154,154,,,,sent,,FinMind request sent with token in query params and/or Authorization header
2026-08-02 13:56:03,api_call,PER/PBR 90D,7769,TaiwanStockPER,False,,,missing_token,FINMIND_TOKEN is not set,155,155,,,,sent,,FinMind request sent with token in query params and/or Authorization header
2026-08-02 13:56:04,api_call,PER/PBR 90D,7792,TaiwanStockPER,False,,,missing_token,FINMIND_TOKEN is not set,156,156,,,,sent,,FinMind request sent with token in query params and/or Authorization header
2026-08-02 13:56:05,api_call,PER/PBR 90D,7828,TaiwanStockPER,False,,,missing_token,FINMIND_TOKEN is not set,157,157,,,,sent,,FinMind request sent with token in query params and/or Authorization header
2026-08-02 13:56:06,api_call,PER/PBR 90D,7856,TaiwanStockPER,False,,,missing_token,FINMIND_TOKEN is not set,158,158,,,,sent,,FinMind request sent with token in query params and/or Authorization header
2026-08-02 13:56:07,api_call,PER/PBR 90D,8021,TaiwanStockPER,False,,,missing_token,FINMIND_TOKEN is not set,159,159,,,,sent,,FinMind request sent with token in query params and/or Authorization header
2026-08-02 13:56:08,api_call,PER/PBR 90D,8027,TaiwanStockPER,False,,,missing_token,FINMIND_TOKEN is not set,160,160,,,,sent,,FinMind request sent with token in query params and/or Authorization header
2026-08-02 13:56:09,api_call,PER/PBR 90D,8028,TaiwanStockPER,False,,,missing_token,FINMIND_TOKEN is not set,161,161,,,,sent,,FinMind request sent with token in query params and/or Authorization header
2026-08-02 13:56:10,api_call,PER/PBR 90D,8043,TaiwanStockPER,False,,,missing_token,FINMIND_TOKEN is not set,162,162,,,,sent,,FinMind request sent with token in query params and/or Authorization header
2026-08-02 13:56:11,api_call,PER/PBR 90D,8046,TaiwanStockPER,False,,,missing_token,FINMIND_TOKEN is not set,163,163,,,,sent,,FinMind request sent with token in query params and/or Authorization header
2026-08-02 13:56:12,api_call,PER/PBR 90D,8070,TaiwanStockPER,False,,,missing_token,FINMIND_TOKEN is not set,164,164,,,,sent,,FinMind request sent with token in query params and/or Authorization header
2026-08-02 13:56:13,api_call,PER/PBR 90D,8155,TaiwanStockPER,False,,,missing_token,FINMIND_TOKEN is not set,165,165,,,,sent,,FinMind request sent with token in query params and/or Authorization header
2026-08-02 13:56:14,api_call,PER/PBR 90D,8289,TaiwanStockPER,False,,,missing_token,FINMIND_TOKEN is not set,166,166,,,,sent,,FinMind request sent with token in query params and/or Authorization header
2026-08-02 13:56:15,api_call,PER/PBR 90D,8299,TaiwanStockPER,False,,,missing_token,FINMIND_TOKEN is not set,167,167,,,,sent,,FinMind request sent with token in query params and/or Authorization header
2026-08-02 13:56:16,api_call,PER/PBR 90D,8358,TaiwanStockPER,False,,,missing_token,FINMIND_TOKEN is not set,168,168,,,,sent,,FinMind request sent with token in query params and/or Authorization header
2026-08-02 13:56:17,api_call,PER/PBR 90D,8996,TaiwanStockPER,False,,,missing_token,FINMIND_TOKEN is not set,169,169,,,,sent,,FinMind request sent with token in query params and/or Authorization header
2026-08-02 13:56:18,generate_static_valuation_end,generate_static_valuation_csv,,,False,,,missing_token,FINMIND_TOKEN is not set,169,0,,,,completed,,"rows=169, output=AllStatic_Valuation.csv"
2026-08-02 14:19:26,api_call,PER/PBR 90D,2449,TaiwanStockPER,False,,,not_checked,login not checked in this process yet,1,1,,,,sent,,FinMind request sent with token in query params and/or Authorization header
2026-08-02 14:19:27,api_call,dividend source,2449,TaiwanStockDividend,False,,,not_checked,login not checked in this process yet,2,1,,,,sent,,FinMind request sent with token in query params and/or Authorization header
2026-08-02 14:19:28,api_call,PER source,2449,TaiwanStockPER,False,,,not_checked,login not checked in this process yet,3,2,,,,sent,,FinMind request sent with token in query params and/or Authorization header
2026-08-02 14:25:30,token_check,generate_static_valuation_csv,,,False,,,missing_token,FINMIND_TOKEN is not set,0,0,,,,missing_token,,FINMIND_TOKEN is not set
2026-08-02 14:25:30,generate_static_valuation_start,generate_static_valuation_csv,,,False,,,missing_token,FINMIND_TOKEN is not set,0,0,,,,missing_token,,"output=AllStatic_Valuation.csv, stocks=169"
2026-08-02 14:25:30,api_call,PER/PBR 90D,1101,TaiwanStockPER,False,,,missing_token,FINMIND_TOKEN is not set,1,1,,,,sent,,FinMind request sent with token in query params and/or Authorization header
2026-08-02 14:25:31,api_call,dividend source,1101,TaiwanStockDividend,False,,,missing_token,FINMIND_TOKEN is not set,2,1,,,,sent,,FinMind request sent with token in query params and/or Authorization header
2026-08-02 14:25:32,api_call,PER source,1101,TaiwanStockPER,False,,,missing_token,FINMIND_TOKEN is not set,3,2,,,,sent,,FinMind request sent with token in query params and/or Authorization header
2026-08-02 14:25:33,api_call,PER/PBR 90D,1216,TaiwanStockPER,False,,,missing_token,FINMIND_TOKEN is not set,4,3,,,,sent,,FinMind request sent with token in query params and/or Authorization header
2026-08-02 14:25:34,api_call,dividend source,1216,TaiwanStockDividend,False,,,missing_token,FINMIND_TOKEN is not set,5,2,,,,sent,,FinMind request sent with token in query params and/or Authorization header
2026-08-02 14:25:35,api_call,PER source,1216,TaiwanStockPER,False,,,missing_token,FINMIND_TOKEN is not set,6,4,,,,sent,,FinMind request sent with token in query params and/or Authorization header
2026-08-02 14:25:36,api_call,PER/PBR 90D,1319,TaiwanStockPER,False,,,missing_token,FINMIND_TOKEN is not set,7,5,,,,sent,,FinMind request sent with token in query params and/or Authorization header
2026-08-02 14:25:38,api_call,dividend source,1319,TaiwanStockDividend,False,,,missing_token,FINMIND_TOKEN is not set,8,3,,,,sent,,FinMind request sent with token in query params and/or Authorization header
2026-08-02 14:25:39,api_call,PER source,1319,TaiwanStockPER,False,,,missing_token,FINMIND_TOKEN is not set,9,6,,,,sent,,FinMind request sent with token in query params and/or Authorization header
2026-08-02 14:25:40,api_call,PER/PBR 90D,1326,TaiwanStockPER,False,,,missing_token,FINMIND_TOKEN is not set,10,7,,,,sent,,FinMind request sent with token in query params and/or Authorization header
2026-08-02 14:25:41,api_call,dividend source,1326,TaiwanStockDividend,False,,,missing_token,FINMIND_TOKEN is not set,11,4,,,,sent,,FinMind request sent with token in query params and/or Authorization header
2026-08-02 14:25:42,api_call,PER source,1326,TaiwanStockPER,False,,,missing_token,FINMIND_TOKEN is not set,12,8,,,,sent,,FinMind request sent with token in query params and/or Authorization header
2026-08-02 14:25:43,api_call,PER/PBR 90D,1476,TaiwanStockPER,False,,,missing_token,FINMIND_TOKEN is not set,13,9,,,,sent,,FinMind request sent with token in query params and/or Authorization header
2026-08-02 14:25:44,api_call,dividend source,1476,TaiwanStockDividend,False,,,missing_token,FINMIND_TOKEN is not set,14,5,,,,sent,,FinMind request sent with token in query params and/or Authorization header
2026-08-02 14:25:45,api_call,PER source,1476,TaiwanStockPER,False,,,missing_token,FINMIND_TOKEN is not set,15,10,,,,sent,,FinMind request sent with token in query params and/or Authorization header
2026-08-02 14:25:46,api_call,PER/PBR 90D,1503,TaiwanStockPER,False,,,missing_token,FINMIND_TOKEN is not set,16,11,,,,sent,,FinMind request sent with token in query params and/or Authorization header
2026-08-02 14:25:46,api_call,dividend source,1503,TaiwanStockDividend,False,,,missing_token,FINMIND_TOKEN is not set,17,6,,,,sent,,FinMind request sent with token in query params and/or Authorization header
2026-08-02 14:25:47,api_call,PER source,1503,TaiwanStockPER,False,,,missing_token,FINMIND_TOKEN is not set,18,12,,,,sent,,FinMind request sent with token in query params and/or Authorization header
2026-08-02 14:25:48,api_call,PER/PBR 90D,1513,TaiwanStockPER,False,,,missing_token,FINMIND_TOKEN is not set,19,13,,,,sent,,FinMind request sent with token in query params and/or Authorization header
2026-08-02 14:25:49,api_call,dividend source,1513,TaiwanStockDividend,False,,,missing_token,FINMIND_TOKEN is not set,20,7,,,,sent,,FinMind request sent with token in query params and/or Authorization header
2026-08-02 14:25:50,api_call,PER source,1513,TaiwanStockPER,False,,,missing_token,FINMIND_TOKEN is not set,21,14,,,,sent,,FinMind request sent with token in query params and/or Authorization header
2026-08-02 14:25:51,api_call,PER/PBR 90D,1514,TaiwanStockPER,False,,,missing_token,FINMIND_TOKEN is not set,22,15,,,,sent,,FinMind request sent with token in query params and/or Authorization header
2026-08-02 14:25:53,api_call,dividend source,1514,TaiwanStockDividend,False,,,missing_token,FINMIND_TOKEN is not set,23,8,,,,sent,,FinMind request sent with token in query params and/or Authorization header
2026-08-02 14:25:54,api_call,PER source,1514,TaiwanStockPER,False,,,missing_token,FINMIND_TOKEN is not set,24,16,,,,sent,,FinMind request sent with token in query params and/or Authorization header
2026-08-02 14:25:55,api_call,PER/PBR 90D,1519,TaiwanStockPER,False,,,missing_token,FINMIND_TOKEN is not set,25,17,,,,sent,,FinMind request sent with token in query params and/or Authorization header
2026-08-02 14:25:56,api_call,dividend source,1519,TaiwanStockDividend,False,,,missing_token,FINMIND_TOKEN is not set,26,9,,,,sent,,FinMind request sent with token in query params and/or Authorization header
2026-08-02 14:25:57,api_call,PER source,1519,TaiwanStockPER,False,,,missing_token,FINMIND_TOKEN is not set,27,18,,,,sent,,FinMind request sent with token in query params and/or Authorization header
2026-08-02 14:25:58,api_call,PER/PBR 90D,1532,TaiwanStockPER,False,,,missing_token,FINMIND_TOKEN is not set,28,19,,,,sent,,FinMind request sent with token in query params and/or Authorization header
2026-08-02 14:25:59,api_call,dividend source,1532,TaiwanStockDividend,False,,,missing_token,FINMIND_TOKEN is not set,29,10,,,,sent,,FinMind request sent with token in query params and/or Authorization header
2026-08-02 14:26:00,api_call,PER source,1532,TaiwanStockPER,False,,,missing_token,FINMIND_TOKEN is not set,30,20,,,,sent,,FinMind request sent with token in query params and/or Authorization header
2026-08-02 14:26:01,api_call,PER/PBR 90D,1560,TaiwanStockPER,False,,,missing_token,FINMIND_TOKEN is not set,31,21,,,,sent,,FinMind request sent with token in query params and/or Authorization header
2026-08-02 14:26:02,api_call,dividend source,1560,TaiwanStockDividend,False,,,missing_token,FINMIND_TOKEN is not set,32,11,,,,sent,,FinMind request sent with token in query params and/or Authorization header
2026-08-02 14:26:03,api_call,PER source,1560,TaiwanStockPER,False,,,missing_token,FINMIND_TOKEN is not set,33,22,,,,sent,,FinMind request sent with token in query params and/or Authorization header
2026-08-02 14:26:04,api_call,PER/PBR 90D,1597,TaiwanStockPER,False,,,missing_token,FINMIND_TOKEN is not set,34,23,,,,sent,,FinMind request sent with token in query params and/or Authorization header
2026-08-02 14:26:05,api_call,dividend source,1597,TaiwanStockDividend,False,,,missing_token,FINMIND_TOKEN is not set,35,12,,,,sent,,FinMind request sent with token in query params and/or Authorization header
2026-08-02 14:26:06,api_call,PER source,1597,TaiwanStockPER,False,,,missing_token,FINMIND_TOKEN is not set,36,24,,,,sent,,FinMind request sent with token in query params and/or Authorization header
2026-08-02 14:26:07,api_call,PER/PBR 90D,1727,TaiwanStockPER,False,,,missing_token,FINMIND_TOKEN is not set,37,25,,,,sent,,FinMind request sent with token in query params and/or Authorization header
2026-08-02 14:26:08,api_call,dividend source,1727,TaiwanStockDividend,False,,,missing_token,FINMIND_TOKEN is not set,38,13,,,,sent,,FinMind request sent with token in query params and/or Authorization header
2026-08-02 14:26:09,api_call,PER source,1727,TaiwanStockPER,False,,,missing_token,FINMIND_TOKEN is not set,39,26,,,,sent,,FinMind request sent with token in query params and/or Authorization header
2026-08-02 14:26:10,api_call,PER/PBR 90D,1760,TaiwanStockPER,False,,,missing_token,FINMIND_TOKEN is not set,40,27,,,,sent,,FinMind request sent with token in query params and/or Authorization header
2026-08-02 14:26:11,api_call,dividend source,1760,TaiwanStockDividend,False,,,missing_token,FINMIND_TOKEN is not set,41,14,,,,sent,,FinMind request sent with token in query params and/or Authorization header
2026-08-02 14:26:12,api_call,PER source,1760,TaiwanStockPER,False,,,missing_token,FINMIND_TOKEN is not set,42,28,,,,sent,,FinMind request sent with token in query params and/or Authorization header
2026-08-02 14:26:13,api_call,PER/PBR 90D,1802,TaiwanStockPER,False,,,missing_token,FINMIND_TOKEN is not set,43,29,,,,sent,,FinMind request sent with token in query params and/or Authorization header
2026-08-02 14:26:14,api_call,dividend source,1802,TaiwanStockDividend,False,,,missing_token,FINMIND_TOKEN is not set,44,15,,,,sent,,FinMind request sent with token in query params and/or Authorization header
2026-08-02 14:26:15,api_call,PER source,1802,TaiwanStockPER,False,,,missing_token,FINMIND_TOKEN is not set,45,30,,,,sent,,FinMind request sent with token in query params and/or Authorization header
2026-08-02 14:26:16,api_call,PER/PBR 90D,2049,TaiwanStockPER,False,,,missing_token,FINMIND_TOKEN is not set,46,31,,,,sent,,FinMind request sent with token in query params and/or Authorization header
2026-08-02 14:26:17,api_call,dividend source,2049,TaiwanStockDividend,False,,,missing_token,FINMIND_TOKEN is not set,47,16,,,,sent,,FinMind request sent with token in query params and/or Authorization header
2026-08-02 14:26:18,api_call,PER source,2049,TaiwanStockPER,False,,,missing_token,FINMIND_TOKEN is not set,48,32,,,,sent,,FinMind request sent with token in query params and/or Authorization header
2026-08-02 14:26:19,api_call,PER/PBR 90D,2059,TaiwanStockPER,False,,,missing_token,FINMIND_TOKEN is not set,49,33,,,,sent,,FinMind request sent with token in query params and/or Authorization header
2026-08-02 14:26:20,api_call,dividend source,2059,TaiwanStockDividend,False,,,missing_token,FINMIND_TOKEN is not set,50,17,,,,sent,,FinMind request sent with token in query params and/or Authorization header
2026-08-02 14:26:21,api_call,PER source,2059,TaiwanStockPER,False,,,missing_token,FINMIND_TOKEN is not set,51,34,,,,sent,,FinMind request sent with token in query params and/or Authorization header
2026-08-02 14:26:22,api_call,PER/PBR 90D,2233,TaiwanStockPER,False,,,missing_token,FINMIND_TOKEN is not set,52,35,,,,sent,,FinMind request sent with token in query params and/or Authorization header
2026-08-02 14:26:23,api_call,dividend source,2233,TaiwanStockDividend,False,,,missing_token,FINMIND_TOKEN is not set,53,18,,,,sent,,FinMind request sent with token in query params and/or Authorization header
2026-08-02 14:26:24,api_call,PER source,2233,TaiwanStockPER,False,,,missing_token,FINMIND_TOKEN is not set,54,36,,,,sent,,FinMind request sent with token in query params and/or Authorization header
2026-08-02 14:26:25,api_call,PER/PBR 90D,2301,TaiwanStockPER,False,,,missing_token,FINMIND_TOKEN is not set,55,37,,,,sent,,FinMind request sent with token in query params and/or Authorization header
2026-08-02 14:26:26,api_call,dividend source,2301,TaiwanStockDividend,False,,,missing_token,FINMIND_TOKEN is not set,56,19,,,,sent,,FinMind request sent with token in query params and/or Authorization header
2026-08-02 14:26:26,api_call,PER source,2301,TaiwanStockPER,False,,,missing_token,FINMIND_TOKEN is not set,57,38,,,,sent,,FinMind request sent with token in query params and/or Authorization header
2026-08-02 14:26:27,api_call,PER/PBR 90D,2303,TaiwanStockPER,False,,,missing_token,FINMIND_TOKEN is not set,58,39,,,,sent,,FinMind request sent with token in query params and/or Authorization header
2026-08-02 14:26:28,api_call,dividend source,2303,TaiwanStockDividend,False,,,missing_token,FINMIND_TOKEN is not set,59,20,,,,sent,,FinMind request sent with token in query params and/or Authorization header
2026-08-02 14:26:29,api_call,PER source,2303,TaiwanStockPER,False,,,missing_token,FINMIND_TOKEN is not set,60,40,,,,sent,,FinMind request sent with token in query params and/or Authorization header
2026-08-02 14:26:30,api_call,PER/PBR 90D,2308,TaiwanStockPER,False,,,missing_token,FINMIND_TOKEN is not set,61,41,,,,sent,,FinMind request sent with token in query params and/or Authorization header
2026-08-02 14:26:31,api_call,dividend source,2308,TaiwanStockDividend,False,,,missing_token,FINMIND_TOKEN is not set,62,21,,,,sent,,FinMind request sent with token in query params and/or Authorization header
2026-08-02 14:26:32,api_call,PER source,2308,TaiwanStockPER,False,,,missing_token,FINMIND_TOKEN is not set,63,42,,,,sent,,FinMind request sent with token in query params and/or Authorization header
2026-08-02 14:26:33,api_call,PER/PBR 90D,2313,TaiwanStockPER,False,,,missing_token,FINMIND_TOKEN is not set,64,43,,,,sent,,FinMind request sent with token in query params and/or Authorization header
2026-08-02 14:26:34,api_call,dividend source,2313,TaiwanStockDividend,False,,,missing_token,FINMIND_TOKEN is not set,65,22,,,,sent,,FinMind request sent with token in query params and/or Authorization header
2026-08-02 14:26:35,api_call,PER source,2313,TaiwanStockPER,False,,,missing_token,FINMIND_TOKEN is not set,66,44,,,,sent,,FinMind request sent with token in query params and/or Authorization header
2026-08-02 14:26:36,api_call,PER/PBR 90D,2317,TaiwanStockPER,False,,,missing_token,FINMIND_TOKEN is not set,67,45,,,,sent,,FinMind request sent with token in query params and/or Authorization header
2026-08-02 14:26:37,api_call,dividend source,2317,TaiwanStockDividend,False,,,missing_token,FINMIND_TOKEN is not set,68,23,,,,sent,,FinMind request sent with token in query params and/or Authorization header
2026-08-02 14:26:37,api_call,PER source,2317,TaiwanStockPER,False,,,missing_token,FINMIND_TOKEN is not set,69,46,,,,sent,,FinMind request sent with token in query params and/or Authorization header
2026-08-02 14:26:38,api_call,PER/PBR 90D,2327,TaiwanStockPER,False,,,missing_token,FINMIND_TOKEN is not set,70,47,,,,sent,,FinMind request sent with token in query params and/or Authorization header
2026-08-02 14:26:39,api_call,dividend source,2327,TaiwanStockDividend,False,,,missing_token,FINMIND_TOKEN is not set,71,24,,,,sent,,FinMind request sent with token in query params and/or Authorization header
2026-08-02 14:26:40,api_call,PER source,2327,TaiwanStockPER,False,,,missing_token,FINMIND_TOKEN is not set,72,48,,,,sent,,FinMind request sent with token in query params and/or Authorization header
2026-08-02 14:26:41,api_call,PER/PBR 90D,2330,TaiwanStockPER,False,,,missing_token,FINMIND_TOKEN is not set,73,49,,,,sent,,FinMind request sent with token in query params and/or Authorization header
2026-08-02 14:26:42,api_call,dividend source,2330,TaiwanStockDividend,False,,,missing_token,FINMIND_TOKEN is not set,74,25,,,,sent,,FinMind request sent with token in query params and/or Authorization header
2026-08-02 14:26:43,api_call,PER source,2330,TaiwanStockPER,False,,,missing_token,FINMIND_TOKEN is not set,75,50,,,,sent,,FinMind request sent with token in query params and/or Authorization header
2026-08-02 14:26:44,api_call,PER/PBR 90D,2344,TaiwanStockPER,False,,,missing_token,FINMIND_TOKEN is not set,76,51,,,,sent,,FinMind request sent with token in query params and/or Authorization header
2026-08-02 14:26:45,api_call,dividend source,2344,TaiwanStockDividend,False,,,missing_token,FINMIND_TOKEN is not set,77,26,,,,sent,,FinMind request sent with token in query params and/or Authorization header
2026-08-02 14:26:46,api_call,PER source,2344,TaiwanStockPER,False,,,missing_token,FINMIND_TOKEN is not set,78,52,,,,sent,,FinMind request sent with token in query params and/or Authorization header
2026-08-02 14:26:47,api_call,PER/PBR 90D,2345,TaiwanStockPER,False,,,missing_token,FINMIND_TOKEN is not set,79,53,,,,sent,,FinMind request sent with token in query params and/or Authorization header
2026-08-02 14:26:48,api_call,dividend source,2345,TaiwanStockDividend,False,,,missing_token,FINMIND_TOKEN is not set,80,27,,,,sent,,FinMind request sent with token in query params and/or Authorization header
2026-08-02 14:26:48,api_call,PER source,2345,TaiwanStockPER,False,,,missing_token,FINMIND_TOKEN is not set,81,54,,,,sent,,FinMind request sent with token in query params and/or Authorization header
2026-08-02 14:26:49,api_call,PER/PBR 90D,2353,TaiwanStockPER,False,,,missing_token,FINMIND_TOKEN is not set,82,55,,,,sent,,FinMind request sent with token in query params and/or Authorization header
2026-08-02 14:26:50,api_call,dividend source,2353,TaiwanStockDividend,False,,,missing_token,FINMIND_TOKEN is not set,83,28,,,,sent,,FinMind request sent with token in query params and/or Authorization header
2026-08-02 14:26:51,api_call,PER source,2353,TaiwanStockPER,False,,,missing_token,FINMIND_TOKEN is not set,84,56,,,,sent,,FinMind request sent with token in query params and/or Authorization header
2026-08-02 14:26:52,api_call,PER/PBR 90D,2357,TaiwanStockPER,False,,,missing_token,FINMIND_TOKEN is not set,85,57,,,,sent,,FinMind request sent with token in query params and/or Authorization header
2026-08-02 14:26:53,api_call,dividend source,2357,TaiwanStockDividend,False,,,missing_token,FINMIND_TOKEN is not set,86,29,,,,sent,,FinMind request sent with token in query params and/or Authorization header
2026-08-02 14:26:54,api_call,PER source,2357,TaiwanStockPER,False,,,missing_token,FINMIND_TOKEN is not set,87,58,,,,sent,,FinMind request sent with token in query params and/or Authorization header
2026-08-02 14:26:55,api_call,PER/PBR 90D,2360,TaiwanStockPER,False,,,missing_token,FINMIND_TOKEN is not set,88,59,,,,sent,,FinMind request sent with token in query params and/or Authorization header
2026-08-02 14:26:56,api_call,dividend source,2360,TaiwanStockDividend,False,,,missing_token,FINMIND_TOKEN is not set,89,30,,,,sent,,FinMind request sent with token in query params and/or Authorization header
2026-08-02 14:26:57,api_call,PER source,2360,TaiwanStockPER,False,,,missing_token,FINMIND_TOKEN is not set,90,60,,,,sent,,FinMind request sent with token in query params and/or Authorization header
2026-08-02 14:26:58,api_call,PER/PBR 90D,2368,TaiwanStockPER,False,,,missing_token,FINMIND_TOKEN is not set,91,61,,,,sent,,FinMind request sent with token in query params and/or Authorization header
2026-08-02 14:26:59,api_call,dividend source,2368,TaiwanStockDividend,False,,,missing_token,FINMIND_TOKEN is not set,92,31,,,,sent,,FinMind request sent with token in query params and/or Authorization header
2026-08-02 14:27:00,api_call,PER source,2368,TaiwanStockPER,False,,,missing_token,FINMIND_TOKEN is not set,93,62,,,,sent,,FinMind request sent with token in query params and/or Authorization header
2026-08-02 14:27:01,api_call,PER/PBR 90D,2375,TaiwanStockPER,False,,,missing_token,FINMIND_TOKEN is not set,94,63,,,,sent,,FinMind request sent with token in query params and/or Authorization header
2026-08-02 14:27:02,api_call,dividend source,2375,TaiwanStockDividend,False,,,missing_token,FINMIND_TOKEN is not set,95,32,,,,sent,,FinMind request sent with token in query params and/or Authorization header
2026-08-02 14:27:03,api_call,PER source,2375,TaiwanStockPER,False,,,missing_token,FINMIND_TOKEN is not set,96,64,,,,sent,,FinMind request sent with token in query params and/or Authorization header
2026-08-02 14:27:03,api_call,PER/PBR 90D,2377,TaiwanStockPER,False,,,missing_token,FINMIND_TOKEN is not set,97,65,,,,sent,,FinMind request sent with token in query params and/or Authorization header
2026-08-02 14:27:04,api_call,dividend source,2377,TaiwanStockDividend,False,,,missing_token,FINMIND_TOKEN is not set,98,33,,,,sent,,FinMind request sent with token in query params and/or Authorization header
2026-08-02 14:27:05,api_call,PER source,2377,TaiwanStockPER,False,,,missing_token,FINMIND_TOKEN is not set,99,66,,,,sent,,FinMind request sent with token in query params and/or Authorization header
2026-08-02 14:27:06,api_call,PER/PBR 90D,2382,TaiwanStockPER,False,,,missing_token,FINMIND_TOKEN is not set,100,67,,,,sent,,FinMind request sent with token in query params and/or Authorization header
2026-08-02 14:27:07,api_call,dividend source,2382,TaiwanStockDividend,False,,,missing_token,FINMIND_TOKEN is not set,101,34,,,,sent,,FinMind request sent with token in query params and/or Authorization header
2026-08-02 14:27:08,api_call,PER source,2382,TaiwanStockPER,False,,,missing_token,FINMIND_TOKEN is not set,102,68,,,,sent,,FinMind request sent with token in query params and/or Authorization header
2026-08-02 14:27:09,api_call,PER/PBR 90D,2383,TaiwanStockPER,False,,,missing_token,FINMIND_TOKEN is not set,103,69,,,,sent,,FinMind request sent with token in query params and/or Authorization header
2026-08-02 14:27:10,api_call,dividend source,2383,TaiwanStockDividend,False,,,missing_token,FINMIND_TOKEN is not set,104,35,,,,sent,,FinMind request sent with token in query params and/or Authorization header
2026-08-02 14:27:11,api_call,PER source,2383,TaiwanStockPER,False,,,missing_token,FINMIND_TOKEN is not set,105,70,,,,sent,,FinMind request sent with token in query params and/or Authorization header
2026-08-02 14:27:12,api_call,PER/PBR 90D,2402,TaiwanStockPER,False,,,missing_token,FINMIND_TOKEN is not set,106,71,,,,sent,,FinMind request sent with token in query params and/or Authorization header
2026-08-02 14:27:13,api_call,dividend source,2402,TaiwanStockDividend,False,,,missing_token,FINMIND_TOKEN is not set,107,36,,,,sent,,FinMind request sent with token in query params and/or Authorization header
2026-08-02 14:27:14,api_call,PER source,2402,TaiwanStockPER,False,,,missing_token,FINMIND_TOKEN is not set,108,72,,,,sent,,FinMind request sent with token in query params and/or Authorization header
2026-08-02 14:27:15,api_call,PER/PBR 90D,2404,TaiwanStockPER,False,,,missing_token,FINMIND_TOKEN is not set,109,73,,,,sent,,FinMind request sent with token in query params and/or Authorization header
2026-08-02 14:27:16,api_call,dividend source,2404,TaiwanStockDividend,False,,,missing_token,FINMIND_TOKEN is not set,110,37,,,,sent,,FinMind request sent with token in query params and/or Authorization header
2026-08-02 14:27:17,api_call,PER source,2404,TaiwanStockPER,False,,,missing_token,FINMIND_TOKEN is not set,111,74,,,,sent,,FinMind request sent with token in query params and/or Authorization header
2026-08-02 14:27:18,api_call,PER/PBR 90D,2408,TaiwanStockPER,False,,,missing_token,FINMIND_TOKEN is not set,112,75,,,,sent,,FinMind request sent with token in query params and/or Authorization header
2026-08-02 14:27:19,api_call,dividend source,2408,TaiwanStockDividend,False,,,missing_token,FINMIND_TOKEN is not set,113,38,,,,sent,,FinMind request sent with token in query params and/or Authorization header
2026-08-02 14:27:20,api_call,PER source,2408,TaiwanStockPER,False,,,missing_token,FINMIND_TOKEN is not set,114,76,,,,sent,,FinMind request sent with token in query params and/or Authorization header
2026-08-02 14:27:21,api_call,PER/PBR 90D,2449,TaiwanStockPER,False,,,missing_token,FINMIND_TOKEN is not set,115,77,,,,sent,,FinMind request sent with token in query params and/or Authorization header
2026-08-02 14:27:22,api_call,dividend source,2449,TaiwanStockDividend,False,,,missing_token,FINMIND_TOKEN is not set,116,39,,,,sent,,FinMind request sent with token in query params and/or Authorization header
2026-08-02 14:27:23,api_call,PER source,2449,TaiwanStockPER,False,,,missing_token,FINMIND_TOKEN is not set,117,78,,,,sent,,FinMind request sent with token in query params and/or Authorization header
2026-08-02 14:27:24,api_call,PER/PBR 90D,2454,TaiwanStockPER,False,,,missing_token,FINMIND_TOKEN is not set,118,79,,,,sent,,FinMind request sent with token in query params and/or Authorization header
2026-08-02 14:27:25,api_call,dividend source,2454,TaiwanStockDividend,False,,,missing_token,FINMIND_TOKEN is not set,119,40,,,,sent,,FinMind request sent with token in query params and/or Authorization header
2026-08-02 14:27:26,api_call,PER source,2454,TaiwanStockPER,False,,,missing_token,FINMIND_TOKEN is not set,120,80,,,,sent,,FinMind request sent with token in query params and/or Authorization header
2026-08-02 14:27:27,api_call,PER/PBR 90D,2455,TaiwanStockPER,False,,,missing_token,FINMIND_TOKEN is not set,121,81,,,,sent,,FinMind request sent with token in query params and/or Authorization header
2026-08-02 14:27:28,api_call,dividend source,2455,TaiwanStockDividend,False,,,missing_token,FINMIND_TOKEN is not set,122,41,,,,sent,,FinMind request sent with token in query params and/or Authorization header
2026-08-02 14:27:29,api_call,PER source,2455,TaiwanStockPER,False,,,missing_token,FINMIND_TOKEN is not set,123,82,,,,sent,,FinMind request sent with token in query params and/or Authorization header
2026-08-02 14:27:30,api_call,PER/PBR 90D,2467,TaiwanStockPER,False,,,missing_token,FINMIND_TOKEN is not set,124,83,,,,sent,,FinMind request sent with token in query params and/or Authorization header
2026-08-02 14:27:31,api_call,dividend source,2467,TaiwanStockDividend,False,,,missing_token,FINMIND_TOKEN is not set,125,42,,,,sent,,FinMind request sent with token in query params and/or Authorization header
2026-08-02 14:27:32,api_call,PER source,2467,TaiwanStockPER,False,,,missing_token,FINMIND_TOKEN is not set,126,84,,,,sent,,FinMind request sent with token in query params and/or Authorization header
2026-08-02 14:27:33,api_call,PER/PBR 90D,2472,TaiwanStockPER,False,,,missing_token,FINMIND_TOKEN is not set,127,85,,,,sent,,FinMind request sent with token in query params and/or Authorization header
2026-08-02 14:27:34,api_call,dividend source,2472,TaiwanStockDividend,False,,,missing_token,FINMIND_TOKEN is not set,128,43,,,,sent,,FinMind request sent with token in query params and/or Authorization header
2026-08-02 14:27:35,api_call,PER source,2472,TaiwanStockPER,False,,,missing_token,FINMIND_TOKEN is not set,129,86,,,,sent,,FinMind request sent with token in query params and/or Authorization header
2026-08-02 14:27:36,api_call,PER/PBR 90D,2478,TaiwanStockPER,False,,,missing_token,FINMIND_TOKEN is not set,130,87,,,,sent,,FinMind request sent with token in query params and/or Authorization header
2026-08-02 14:27:37,api_call,dividend source,2478,TaiwanStockDividend,False,,,missing_token,FINMIND_TOKEN is not set,131,44,,,,sent,,FinMind request sent with token in query params and/or Authorization header
2026-08-02 14:27:38,api_call,PER source,2478,TaiwanStockPER,False,,,missing_token,FINMIND_TOKEN is not set,132,88,,,,sent,,FinMind request sent with token in query params and/or Authorization header
2026-08-02 14:27:39,api_call,PER/PBR 90D,2481,TaiwanStockPER,False,,,missing_token,FINMIND_TOKEN is not set,133,89,,,,sent,,FinMind request sent with token in query params and/or Authorization header
2026-08-02 14:27:40,api_call,dividend source,2481,TaiwanStockDividend,False,,,missing_token,FINMIND_TOKEN is not set,134,45,,,,sent,,FinMind request sent with token in query params and/or Authorization header
2026-08-02 14:27:41,api_call,PER source,2481,TaiwanStockPER,False,,,missing_token,FINMIND_TOKEN is not set,135,90,,,,sent,,FinMind request sent with token in query params and/or Authorization header
2026-08-02 14:27:42,api_call,PER/PBR 90D,2484,TaiwanStockPER,False,,,missing_token,FINMIND_TOKEN is not set,136,91,,,,sent,,FinMind request sent with token in query params and/or Authorization header
2026-08-02 14:27:43,api_call,dividend source,2484,TaiwanStockDividend,False,,,missing_token,FINMIND_TOKEN is not set,137,46,,,,sent,,FinMind request sent with token in query params and/or Authorization header
2026-08-02 14:27:44,api_call,PER/PBR 90D,2486,TaiwanStockPER,False,,,missing_token,FINMIND_TOKEN is not set,138,92,,,,sent,,FinMind request sent with token in query params and/or Authorization header
2026-08-02 14:27:45,api_call,dividend source,2486,TaiwanStockDividend,False,,,missing_token,FINMIND_TOKEN is not set,139,47,,,,sent,,FinMind request sent with token in query params and/or Authorization header
2026-08-02 14:27:46,api_call,PER/PBR 90D,2492,TaiwanStockPER,False,,,missing_token,FINMIND_TOKEN is not set,140,93,,,,sent,,FinMind request sent with token in query params and/or Authorization header
2026-08-02 14:27:47,api_call,dividend source,2492,TaiwanStockDividend,False,,,missing_token,FINMIND_TOKEN is not set,141,48,,,,sent,,FinMind request sent with token in query params and/or Authorization header
2026-08-02 14:27:48,api_call,PER/PBR 90D,2881,TaiwanStockPER,False,,,missing_token,FINMIND_TOKEN is not set,142,94,,,,sent,,FinMind request sent with token in query params and/or Authorization header
2026-08-02 14:27:49,api_call,dividend source,2881,TaiwanStockDividend,False,,,missing_token,FINMIND_TOKEN is not set,143,49,,,,sent,,FinMind request sent with token in query params and/or Authorization header
2026-08-02 14:27:50,api_call,PER/PBR 90D,2885,TaiwanStockPER,False,,,missing_token,FINMIND_TOKEN is not set,144,95,,,,sent,,FinMind request sent with token in query params and/or Authorization header
2026-08-02 14:27:51,api_call,dividend source,2885,TaiwanStockDividend,False,,,missing_token,FINMIND_TOKEN is not set,145,50,,,,sent,,FinMind request sent with token in query params and/or Authorization header
2026-08-02 14:27:52,api_call,PER/PBR 90D,2891,TaiwanStockPER,False,,,missing_token,FINMIND_TOKEN is not set,146,96,,,,sent,,FinMind request sent with token in query params and/or Authorization header
2026-08-02 14:27:53,api_call,dividend source,2891,TaiwanStockDividend,False,,,missing_token,FINMIND_TOKEN is not set,147,51,,,,sent,,FinMind request sent with token in query params and/or Authorization header
2026-08-02 14:27:54,api_call,PER/PBR 90D,2912,TaiwanStockPER,False,,,missing_token,FINMIND_TOKEN is not set,148,97,,,,sent,,FinMind request sent with token in query params and/or Authorization header
2026-08-02 14:27:55,api_call,dividend source,2912,TaiwanStockDividend,False,,,missing_token,FINMIND_TOKEN is not set,149,52,,,,sent,,FinMind request sent with token in query params and/or Authorization header
2026-08-02 14:27:55,api_call,PER/PBR 90D,3008,TaiwanStockPER,False,,,missing_token,FINMIND_TOKEN is not set,150,98,,,,sent,,FinMind request sent with token in query params and/or Authorization header
2026-08-02 14:27:56,api_call,dividend source,3008,TaiwanStockDividend,False,,,missing_token,FINMIND_TOKEN is not set,151,53,,,,sent,,FinMind request sent with token in query params and/or Authorization header
2026-08-02 14:27:57,api_call,PER/PBR 90D,3013,TaiwanStockPER,False,,,missing_token,FINMIND_TOKEN is not set,152,99,,,,sent,,FinMind request sent with token in query params and/or Authorization header
2026-08-02 14:27:58,api_call,dividend source,3013,TaiwanStockDividend,False,,,missing_token,FINMIND_TOKEN is not set,153,54,,,,sent,,FinMind request sent with token in query params and/or Authorization header
2026-08-02 14:27:59,api_call,PER/PBR 90D,3017,TaiwanStockPER,False,,,missing_token,FINMIND_TOKEN is not set,154,100,,,,sent,,FinMind request sent with token in query params and/or Authorization header
2026-08-02 14:28:00,api_call,dividend source,3017,TaiwanStockDividend,False,,,missing_token,FINMIND_TOKEN is not set,155,55,,,,sent,,FinMind request sent with token in query params and/or Authorization header
2026-08-02 14:28:01,api_call,PER/PBR 90D,3023,TaiwanStockPER,False,,,missing_token,FINMIND_TOKEN is not set,156,101,,,,sent,,FinMind request sent with token in query params and/or Authorization header
2026-08-02 14:28:02,api_call,dividend source,3023,TaiwanStockDividend,False,,,missing_token,FINMIND_TOKEN is not set,157,56,,,,sent,,FinMind request sent with token in query params and/or Authorization header
2026-08-02 14:28:03,api_call,PER/PBR 90D,3026,TaiwanStockPER,False,,,missing_token,FINMIND_TOKEN is not set,158,102,,,,sent,,FinMind request sent with token in query params and/or Authorization header
2026-08-02 14:28:04,api_call,dividend source,3026,TaiwanStockDividend,False,,,missing_token,FINMIND_TOKEN is not set,159,57,,,,sent,,FinMind request sent with token in query params and/or Authorization header
2026-08-02 14:28:05,api_call,PER/PBR 90D,3035,TaiwanStockPER,False,,,missing_token,FINMIND_TOKEN is not set,160,103,,,,sent,,FinMind request sent with token in query params and/or Authorization header
2026-08-02 14:28:06,api_call,dividend source,3035,TaiwanStockDividend,False,,,missing_token,FINMIND_TOKEN is not set,161,58,,,,sent,,FinMind request sent with token in query params and/or Authorization header
2026-08-02 14:28:07,api_call,PER/PBR 90D,3037,TaiwanStockPER,False,,,missing_token,FINMIND_TOKEN is not set,162,104,,,,sent,,FinMind request sent with token in query params and/or Authorization header
2026-08-02 14:28:08,api_call,dividend source,3037,TaiwanStockDividend,False,,,missing_token,FINMIND_TOKEN is not set,163,59,,,,sent,,FinMind request sent with token in query params and/or Authorization header
2026-08-02 14:28:09,api_call,PER/PBR 90D,3042,TaiwanStockPER,False,,,missing_token,FINMIND_TOKEN is not set,164,105,,,,sent,,FinMind request sent with token in query params and/or Authorization header
2026-08-02 14:28:10,api_call,dividend source,3042,TaiwanStockDividend,False,,,missing_token,FINMIND_TOKEN is not set,165,60,,,,sent,,FinMind request sent with token in query params and/or Authorization header
2026-08-02 14:28:11,api_call,PER/PBR 90D,3044,TaiwanStockPER,False,,,missing_token,FINMIND_TOKEN is not set,166,106,,,,sent,,FinMind request sent with token in query params and/or Authorization header
2026-08-02 14:28:12,api_call,dividend source,3044,TaiwanStockDividend,False,,,missing_token,FINMIND_TOKEN is not set,167,61,,,,sent,,FinMind request sent with token in query params and/or Authorization header
2026-08-02 14:28:13,api_call,PER/PBR 90D,3081,TaiwanStockPER,False,,,missing_token,FINMIND_TOKEN is not set,168,107,,,,sent,,FinMind request sent with token in query params and/or Authorization header
2026-08-02 14:28:14,api_call,dividend source,3081,TaiwanStockDividend,False,,,missing_token,FINMIND_TOKEN is not set,169,62,,,,sent,,FinMind request sent with token in query params and/or Authorization header
2026-08-02 14:28:15,api_call,PER/PBR 90D,3090,TaiwanStockPER,False,,,missing_token,FINMIND_TOKEN is not set,170,108,,,,sent,,FinMind request sent with token in query params and/or Authorization header
2026-08-02 14:28:15,api_call,dividend source,3090,TaiwanStockDividend,False,,,missing_token,FINMIND_TOKEN is not set,171,63,,,,sent,,FinMind request sent with token in query params and/or Authorization header
2026-08-02 14:28:16,api_call,PER/PBR 90D,3105,TaiwanStockPER,False,,,missing_token,FINMIND_TOKEN is not set,172,109,,,,sent,,FinMind request sent with token in query params and/or Authorization header
2026-08-02 14:28:17,api_call,dividend source,3105,TaiwanStockDividend,False,,,missing_token,FINMIND_TOKEN is not set,173,64,,,,sent,,FinMind request sent with token in query params and/or Authorization header
2026-08-02 14:28:18,api_call,PER/PBR 90D,3131,TaiwanStockPER,False,,,missing_token,FINMIND_TOKEN is not set,174,110,,,,sent,,FinMind request sent with token in query params and/or Authorization header
2026-08-02 14:28:19,api_call,dividend source,3131,TaiwanStockDividend,False,,,missing_token,FINMIND_TOKEN is not set,175,65,,,,sent,,FinMind request sent with token in query params and/or Authorization header
2026-08-02 14:28:20,api_call,PER/PBR 90D,3163,TaiwanStockPER,False,,,missing_token,FINMIND_TOKEN is not set,176,111,,,,sent,,FinMind request sent with token in query params and/or Authorization header
2026-08-02 14:28:21,api_call,dividend source,3163,TaiwanStockDividend,False,,,missing_token,FINMIND_TOKEN is not set,177,66,,,,sent,,FinMind request sent with token in query params and/or Authorization header
2026-08-02 14:28:22,api_call,PER/PBR 90D,3167,TaiwanStockPER,False,,,missing_token,FINMIND_TOKEN is not set,178,112,,,,sent,,FinMind request sent with token in query params and/or Authorization header
2026-08-02 14:28:23,api_call,dividend source,3167,TaiwanStockDividend,False,,,missing_token,FINMIND_TOKEN is not set,179,67,,,,sent,,FinMind request sent with token in query params and/or Authorization header
2026-08-02 14:28:24,api_call,PER/PBR 90D,3189,TaiwanStockPER,False,,,missing_token,FINMIND_TOKEN is not set,180,113,,,,sent,,FinMind request sent with token in query params and/or Authorization header
2026-08-02 14:28:25,api_call,dividend source,3189,TaiwanStockDividend,False,,,missing_token,FINMIND_TOKEN is not set,181,68,,,,sent,,FinMind request sent with token in query params and/or Authorization header
2026-08-02 14:28:26,api_call,PER/PBR 90D,3221,TaiwanStockPER,False,,,missing_token,FINMIND_TOKEN is not set,182,114,,,,sent,,FinMind request sent with token in query params and/or Authorization header
2026-08-02 14:28:27,api_call,dividend source,3221,TaiwanStockDividend,False,,,missing_token,FINMIND_TOKEN is not set,183,69,,,,sent,,FinMind request sent with token in query params and/or Authorization header
2026-08-02 14:28:28,api_call,PER/PBR 90D,3231,TaiwanStockPER,False,,,missing_token,FINMIND_TOKEN is not set,184,115,,,,sent,,FinMind request sent with token in query params and/or Authorization header
2026-08-02 14:28:29,api_call,dividend source,3231,TaiwanStockDividend,False,,,missing_token,FINMIND_TOKEN is not set,185,70,,,,sent,,FinMind request sent with token in query params and/or Authorization header
2026-08-02 14:28:30,api_call,PER/PBR 90D,3234,TaiwanStockPER,False,,,missing_token,FINMIND_TOKEN is not set,186,116,,,,sent,,FinMind request sent with token in query params and/or Authorization header
2026-08-02 14:28:31,api_call,dividend source,3234,TaiwanStockDividend,False,,,missing_token,FINMIND_TOKEN is not set,187,71,,,,sent,,FinMind request sent with token in query params and/or Authorization header
2026-08-02 14:28:32,api_call,PER/PBR 90D,3236,TaiwanStockPER,False,,,missing_token,FINMIND_TOKEN is not set,188,117,,,,sent,,FinMind request sent with token in query params and/or Authorization header
2026-08-02 14:28:33,api_call,dividend source,3236,TaiwanStockDividend,False,,,missing_token,FINMIND_TOKEN is not set,189,72,,,,sent,,FinMind request sent with token in query params and/or Authorization header
2026-08-02 14:28:34,api_call,PER/PBR 90D,3264,TaiwanStockPER,False,,,missing_token,FINMIND_TOKEN is not set,190,118,,,,sent,,FinMind request sent with token in query params and/or Authorization header
2026-08-02 14:28:35,api_call,dividend source,3264,TaiwanStockDividend,False,,,missing_token,FINMIND_TOKEN is not set,191,73,,,,sent,,FinMind request sent with token in query params and/or Authorization header
2026-08-02 14:28:36,api_call,PER/PBR 90D,3265,TaiwanStockPER,False,,,missing_token,FINMIND_TOKEN is not set,192,119,,,,sent,,FinMind request sent with token in query params and/or Authorization header
2026-08-02 14:28:37,api_call,dividend source,3265,TaiwanStockDividend,False,,,missing_token,FINMIND_TOKEN is not set,193,74,,,,sent,,FinMind request sent with token in query params and/or Authorization header
2026-08-02 14:28:38,api_call,PER/PBR 90D,3289,TaiwanStockPER,False,,,missing_token,FINMIND_TOKEN is not set,194,120,,,,sent,,FinMind request sent with token in query params and/or Authorization header
2026-08-02 14:28:39,api_call,dividend source,3289,TaiwanStockDividend,False,,,missing_token,FINMIND_TOKEN is not set,195,75,,,,sent,,FinMind request sent with token in query params and/or Authorization header
2026-08-02 14:28:40,api_call,PER/PBR 90D,3324,TaiwanStockPER,False,,,missing_token,FINMIND_TOKEN is not set,196,121,,,,sent,,FinMind request sent with token in query params and/or Authorization header
2026-08-02 14:28:41,api_call,dividend source,3324,TaiwanStockDividend,False,,,missing_token,FINMIND_TOKEN is not set,197,76,,,,sent,,FinMind request sent with token in query params and/or Authorization header
2026-08-02 14:28:42,api_call,PER/PBR 90D,3357,TaiwanStockPER,False,,,missing_token,FINMIND_TOKEN is not set,198,122,,,,sent,,FinMind request sent with token in query params and/or Authorization header
2026-08-02 14:28:43,api_call,dividend source,3357,TaiwanStockDividend,False,,,missing_token,FINMIND_TOKEN is not set,199,77,,,,sent,,FinMind request sent with token in query params and/or Authorization header
2026-08-02 14:28:44,api_call,PER/PBR 90D,3363,TaiwanStockPER,False,,,missing_token,FINMIND_TOKEN is not set,200,123,,,,sent,,FinMind request sent with token in query params and/or Authorization header
2026-08-02 14:28:45,api_call,dividend source,3363,TaiwanStockDividend,False,,,missing_token,FINMIND_TOKEN is not set,201,78,,,,sent,,FinMind request sent with token in query params and/or Authorization header
2026-08-02 14:28:46,api_call,PER/PBR 90D,3374,TaiwanStockPER,False,,,missing_token,FINMIND_TOKEN is not set,202,124,,,,sent,,FinMind request sent with token in query params and/or Authorization header
2026-08-02 14:28:47,api_call,dividend source,3374,TaiwanStockDividend,False,,,missing_token,FINMIND_TOKEN is not set,203,79,,,,sent,,FinMind request sent with token in query params and/or Authorization header
2026-08-02 14:28:48,api_call,PER/PBR 90D,3376,TaiwanStockPER,False,,,missing_token,FINMIND_TOKEN is not set,204,125,,,,sent,,FinMind request sent with token in query params and/or Authorization header
2026-08-02 14:28:49,api_call,dividend source,3376,TaiwanStockDividend,False,,,missing_token,FINMIND_TOKEN is not set,205,80,,,,sent,,FinMind request sent with token in query params and/or Authorization header
2026-08-02 14:28:50,api_call,PER/PBR 90D,3443,TaiwanStockPER,False,,,missing_token,FINMIND_TOKEN is not set,206,126,,,,sent,,FinMind request sent with token in query params and/or Authorization header
2026-08-02 14:28:51,api_call,dividend source,3443,TaiwanStockDividend,False,,,missing_token,FINMIND_TOKEN is not set,207,81,,,,sent,,FinMind request sent with token in query params and/or Authorization header
2026-08-02 14:28:52,api_call,PER/PBR 90D,3450,TaiwanStockPER,False,,,missing_token,FINMIND_TOKEN is not set,208,127,,,,sent,,FinMind request sent with token in query params and/or Authorization header
2026-08-02 14:28:53,api_call,dividend source,3450,TaiwanStockDividend,False,,,missing_token,FINMIND_TOKEN is not set,209,82,,,,sent,,FinMind request sent with token in query params and/or Authorization header
2026-08-02 14:28:54,api_call,PER/PBR 90D,3481,TaiwanStockPER,False,,,missing_token,FINMIND_TOKEN is not set,210,128,,,,sent,,FinMind request sent with token in query params and/or Authorization header
2026-08-02 14:28:55,api_call,dividend source,3481,TaiwanStockDividend,False,,,missing_token,FINMIND_TOKEN is not set,211,83,,,,sent,,FinMind request sent with token in query params and/or Authorization header
2026-08-02 14:28:56,api_call,PER/PBR 90D,3491,TaiwanStockPER,False,,,missing_token,FINMIND_TOKEN is not set,212,129,,,,sent,,FinMind request sent with token in query params and/or Authorization header
2026-08-02 14:28:57,api_call,dividend source,3491,TaiwanStockDividend,False,,,missing_token,FINMIND_TOKEN is not set,213,84,,,,sent,,FinMind request sent with token in query params and/or Authorization header
2026-08-02 14:28:58,api_call,PER/PBR 90D,3529,TaiwanStockPER,False,,,missing_token,FINMIND_TOKEN is not set,214,130,,,,sent,,FinMind request sent with token in query params and/or Authorization header
2026-08-02 14:28:59,api_call,dividend source,3529,TaiwanStockDividend,False,,,missing_token,FINMIND_TOKEN is not set,215,85,,,,sent,,FinMind request sent with token in query params and/or Authorization header
2026-08-02 14:28:59,api_call,PER/PBR 90D,3533,TaiwanStockPER,False,,,missing_token,FINMIND_TOKEN is not set,216,131,,,,sent,,FinMind request sent with token in query params and/or Authorization header
2026-08-02 14:29:00,api_call,dividend source,3533,TaiwanStockDividend,False,,,missing_token,FINMIND_TOKEN is not set,217,86,,,,sent,,FinMind request sent with token in query params and/or Authorization header
2026-08-02 14:29:01,api_call,PER/PBR 90D,3563,TaiwanStockPER,False,,,missing_token,FINMIND_TOKEN is not set,218,132,,,,sent,,FinMind request sent with token in query params and/or Authorization header
2026-08-02 14:29:02,api_call,dividend source,3563,TaiwanStockDividend,False,,,missing_token,FINMIND_TOKEN is not set,219,87,,,,sent,,FinMind request sent with token in query params and/or Authorization header
2026-08-02 14:29:03,api_call,PER/PBR 90D,3583,TaiwanStockPER,False,,,missing_token,FINMIND_TOKEN is not set,220,133,,,,sent,,FinMind request sent with token in query params and/or Authorization header
2026-08-02 14:29:04,api_call,dividend source,3583,TaiwanStockDividend,False,,,missing_token,FINMIND_TOKEN is not set,221,88,,,,sent,,FinMind request sent with token in query params and/or Authorization header
2026-08-02 14:29:05,api_call,PER/PBR 90D,3587,TaiwanStockPER,False,,,missing_token,FINMIND_TOKEN is not set,222,134,,,,sent,,FinMind request sent with token in query params and/or Authorization header
2026-08-02 14:29:06,api_call,dividend source,3587,TaiwanStockDividend,False,,,missing_token,FINMIND_TOKEN is not set,223,89,,,,sent,,FinMind request sent with token in query params and/or Authorization header
2026-08-02 14:29:07,api_call,PER/PBR 90D,3605,TaiwanStockPER,False,,,missing_token,FINMIND_TOKEN is not set,224,135,,,,sent,,FinMind request sent with token in query params and/or Authorization header
2026-08-02 14:29:08,api_call,dividend source,3605,TaiwanStockDividend,False,,,missing_token,FINMIND_TOKEN is not set,225,90,,,,sent,,FinMind request sent with token in query params and/or Authorization header
2026-08-02 14:29:09,api_call,PER/PBR 90D,3645,TaiwanStockPER,False,,,missing_token,FINMIND_TOKEN is not set,226,136,,,,sent,,FinMind request sent with token in query params and/or Authorization header
2026-08-02 14:29:10,api_call,dividend source,3645,TaiwanStockDividend,False,,,missing_token,FINMIND_TOKEN is not set,227,91,,,,sent,,FinMind request sent with token in query params and/or Authorization header
2026-08-02 14:29:11,api_call,PER/PBR 90D,3653,TaiwanStockPER,False,,,missing_token,FINMIND_TOKEN is not set,228,137,,,,sent,,FinMind request sent with token in query params and/or Authorization header
2026-08-02 14:29:12,api_call,dividend source,3653,TaiwanStockDividend,False,,,missing_token,FINMIND_TOKEN is not set,229,92,,,,sent,,FinMind request sent with token in query params and/or Authorization header
2026-08-02 14:29:13,api_call,PER/PBR 90D,3661,TaiwanStockPER,False,,,missing_token,FINMIND_TOKEN is not set,230,138,,,,sent,,FinMind request sent with token in query params and/or Authorization header
2026-08-02 14:29:14,api_call,dividend source,3661,TaiwanStockDividend,False,,,missing_token,FINMIND_TOKEN is not set,231,93,,,,sent,,FinMind request sent with token in query params and/or Authorization header
2026-08-02 14:29:15,api_call,PER/PBR 90D,3665,TaiwanStockPER,False,,,missing_token,FINMIND_TOKEN is not set,232,139,,,,sent,,FinMind request sent with token in query params and/or Authorization header
2026-08-02 14:29:16,api_call,dividend source,3665,TaiwanStockDividend,False,,,missing_token,FINMIND_TOKEN is not set,233,94,,,,sent,,FinMind request sent with token in query params and/or Authorization header
2026-08-02 14:29:17,api_call,PER/PBR 90D,3680,TaiwanStockPER,False,,,missing_token,FINMIND_TOKEN is not set,234,140,,,,sent,,FinMind request sent with token in query params and/or Authorization header
2026-08-02 14:29:18,api_call,dividend source,3680,TaiwanStockDividend,False,,,missing_token,FINMIND_TOKEN is not set,235,95,,,,sent,,FinMind request sent with token in query params and/or Authorization header
2026-08-02 14:29:19,api_call,PER/PBR 90D,3701,TaiwanStockPER,False,,,missing_token,FINMIND_TOKEN is not set,236,141,,,,sent,,FinMind request sent with token in query params and/or Authorization header
2026-08-02 14:29:20,api_call,dividend source,3701,TaiwanStockDividend,False,,,missing_token,FINMIND_TOKEN is not set,237,96,,,,sent,,FinMind request sent with token in query params and/or Authorization header
2026-08-02 14:29:21,api_call,PER/PBR 90D,3711,TaiwanStockPER,False,,,missing_token,FINMIND_TOKEN is not set,238,142,,,,sent,,FinMind request sent with token in query params and/or Authorization header
2026-08-02 14:29:22,api_call,dividend source,3711,TaiwanStockDividend,False,,,missing_token,FINMIND_TOKEN is not set,239,97,,,,sent,,FinMind request sent with token in query params and/or Authorization header
2026-08-02 14:29:23,api_call,PER/PBR 90D,3715,TaiwanStockPER,False,,,missing_token,FINMIND_TOKEN is not set,240,143,,,,sent,,FinMind request sent with token in query params and/or Authorization header
2026-08-02 14:29:24,api_call,dividend source,3715,TaiwanStockDividend,False,,,missing_token,FINMIND_TOKEN is not set,241,98,,,,sent,,FinMind request sent with token in query params and/or Authorization header
2026-08-02 14:29:25,api_call,PER/PBR 90D,4722,TaiwanStockPER,False,,,missing_token,FINMIND_TOKEN is not set,242,144,,,,sent,,FinMind request sent with token in query params and/or Authorization header
2026-08-02 14:29:26,api_call,dividend source,4722,TaiwanStockDividend,False,,,missing_token,FINMIND_TOKEN is not set,243,99,,,,sent,,FinMind request sent with token in query params and/or Authorization header
2026-08-02 14:29:27,api_call,PER/PBR 90D,4749,TaiwanStockPER,False,,,missing_token,FINMIND_TOKEN is not set,244,145,,,,sent,,FinMind request sent with token in query params and/or Authorization header
2026-08-02 14:29:28,api_call,dividend source,4749,TaiwanStockDividend,False,,,missing_token,FINMIND_TOKEN is not set,245,100,,,,sent,,FinMind request sent with token in query params and/or Authorization header
2026-08-02 14:29:29,api_call,PER/PBR 90D,4772,TaiwanStockPER,False,,,missing_token,FINMIND_TOKEN is not set,246,146,,,,sent,,FinMind request sent with token in query params and/or Authorization header
2026-08-02 14:29:30,api_call,dividend source,4772,TaiwanStockDividend,False,,,missing_token,FINMIND_TOKEN is not set,247,101,,,,sent,,FinMind request sent with token in query params and/or Authorization header
2026-08-02 14:29:30,api_call,PER/PBR 90D,4958,TaiwanStockPER,False,,,missing_token,FINMIND_TOKEN is not set,248,147,,,,sent,,FinMind request sent with token in query params and/or Authorization header
2026-08-02 14:29:31,api_call,dividend source,4958,TaiwanStockDividend,False,,,missing_token,FINMIND_TOKEN is not set,249,102,,,,sent,,FinMind request sent with token in query params and/or Authorization header
2026-08-02 14:29:32,api_call,PER/PBR 90D,4971,TaiwanStockPER,False,,,missing_token,FINMIND_TOKEN is not set,250,148,,,,sent,,FinMind request sent with token in query params and/or Authorization header
2026-08-02 14:29:33,api_call,dividend source,4971,TaiwanStockDividend,False,,,missing_token,FINMIND_TOKEN is not set,251,103,,,,sent,,FinMind request sent with token in query params and/or Authorization header
2026-08-02 14:29:34,api_call,PER/PBR 90D,4977,TaiwanStockPER,False,,,missing_token,FINMIND_TOKEN is not set,252,149,,,,sent,,FinMind request sent with token in query params and/or Authorization header
2026-08-02 14:29:35,api_call,dividend source,4977,TaiwanStockDividend,False,,,missing_token,FINMIND_TOKEN is not set,253,104,,,,sent,,FinMind request sent with token in query params and/or Authorization header
2026-08-02 14:29:36,api_call,PER/PBR 90D,4979,TaiwanStockPER,False,,,missing_token,FINMIND_TOKEN is not set,254,150,,,,sent,,FinMind request sent with token in query params and/or Authorization header
2026-08-02 14:29:37,api_call,dividend source,4979,TaiwanStockDividend,False,,,missing_token,FINMIND_TOKEN is not set,255,105,,,,sent,,FinMind request sent with token in query params and/or Authorization header
2026-08-02 14:29:38,api_call,PER/PBR 90D,4991,TaiwanStockPER,False,,,missing_token,FINMIND_TOKEN is not set,256,151,,,,sent,,FinMind request sent with token in query params and/or Authorization header
2026-08-02 14:29:39,api_call,dividend source,4991,TaiwanStockDividend,False,,,missing_token,FINMIND_TOKEN is not set,257,106,,,,sent,,FinMind request sent with token in query params and/or Authorization header
2026-08-02 14:29:39,api_call,PER/PBR 90D,5246,TaiwanStockPER,False,,,missing_token,FINMIND_TOKEN is not set,258,152,,,,sent,,FinMind request sent with token in query params and/or Authorization header
2026-08-02 14:29:40,api_call,dividend source,5246,TaiwanStockDividend,False,,,missing_token,FINMIND_TOKEN is not set,259,107,,,,sent,,FinMind request sent with token in query params and/or Authorization header
2026-08-02 14:29:41,api_call,PER/PBR 90D,5274,TaiwanStockPER,False,,,missing_token,FINMIND_TOKEN is not set,260,153,,,,sent,,FinMind request sent with token in query params and/or Authorization header
2026-08-02 14:29:42,api_call,dividend source,5274,TaiwanStockDividend,False,,,missing_token,FINMIND_TOKEN is not set,261,108,,,,sent,,FinMind request sent with token in query params and/or Authorization header
2026-08-02 14:29:43,api_call,PER/PBR 90D,5285,TaiwanStockPER,False,,,missing_token,FINMIND_TOKEN is not set,262,154,,,,sent,,FinMind request sent with token in query params and/or Authorization header
2026-08-02 14:29:44,api_call,dividend source,5285,TaiwanStockDividend,False,,,missing_token,FINMIND_TOKEN is not set,263,109,,,,sent,,FinMind request sent with token in query params and/or Authorization header
2026-08-02 14:29:45,api_call,PER/PBR 90D,5289,TaiwanStockPER,False,,,missing_token,FINMIND_TOKEN is not set,264,155,,,,sent,,FinMind request sent with token in query params and/or Authorization header
2026-08-02 14:29:46,api_call,dividend source,5289,TaiwanStockDividend,False,,,missing_token,FINMIND_TOKEN is not set,265,110,,,,sent,,FinMind request sent with token in query params and/or Authorization header
2026-08-02 14:29:47,api_call,PER/PBR 90D,5347,TaiwanStockPER,False,,,missing_token,FINMIND_TOKEN is not set,266,156,,,,sent,,FinMind request sent with token in query params and/or Authorization header
2026-08-02 14:29:48,api_call,dividend source,5347,TaiwanStockDividend,False,,,missing_token,FINMIND_TOKEN is not set,267,111,,,,sent,,FinMind request sent with token in query params and/or Authorization header
2026-08-02 14:29:48,api_call,PER/PBR 90D,5443,TaiwanStockPER,False,,,missing_token,FINMIND_TOKEN is not set,268,157,,,,sent,,FinMind request sent with token in query params and/or Authorization header
2026-08-02 14:29:49,api_call,dividend source,5443,TaiwanStockDividend,False,,,missing_token,FINMIND_TOKEN is not set,269,112,,,,sent,,FinMind request sent with token in query params and/or Authorization header
2026-08-02 14:29:50,api_call,PER/PBR 90D,5536,TaiwanStockPER,False,,,missing_token,FINMIND_TOKEN is not set,270,158,,,,sent,,FinMind request sent with token in query params and/or Authorization header
2026-08-02 14:29:51,api_call,dividend source,5536,TaiwanStockDividend,False,,,missing_token,FINMIND_TOKEN is not set,271,113,,,,sent,,FinMind request sent with token in query params and/or Authorization header
2026-08-02 14:29:52,api_call,PER/PBR 90D,5871,TaiwanStockPER,False,,,missing_token,FINMIND_TOKEN is not set,272,159,,,,sent,,FinMind request sent with token in query params and/or Authorization header
2026-08-02 14:29:53,api_call,dividend source,5871,TaiwanStockDividend,False,,,missing_token,FINMIND_TOKEN is not set,273,114,,,,sent,,FinMind request sent with token in query params and/or Authorization header
2026-08-02 14:29:54,api_call,PER/PBR 90D,6005,TaiwanStockPER,False,,,missing_token,FINMIND_TOKEN is not set,274,160,,,,sent,,FinMind request sent with token in query params and/or Authorization header
2026-08-02 14:29:55,api_call,dividend source,6005,TaiwanStockDividend,False,,,missing_token,FINMIND_TOKEN is not set,275,115,,,,sent,,FinMind request sent with token in query params and/or Authorization header
2026-08-02 14:29:56,api_call,PER/PBR 90D,6139,TaiwanStockPER,False,,,missing_token,FINMIND_TOKEN is not set,276,161,,,,sent,,FinMind request sent with token in query params and/or Authorization header
2026-08-02 14:29:57,api_call,dividend source,6139,TaiwanStockDividend,False,,,missing_token,FINMIND_TOKEN is not set,277,116,,,,sent,,FinMind request sent with token in query params and/or Authorization header
2026-08-02 14:29:58,api_call,PER/PBR 90D,6174,TaiwanStockPER,False,,,missing_token,FINMIND_TOKEN is not set,278,162,,,,sent,,FinMind request sent with token in query params and/or Authorization header
2026-08-02 14:29:59,api_call,dividend source,6174,TaiwanStockDividend,False,,,missing_token,FINMIND_TOKEN is not set,279,117,,,,sent,,FinMind request sent with token in query params and/or Authorization header
2026-08-02 14:30:00,api_call,PER/PBR 90D,6187,TaiwanStockPER,False,,,missing_token,FINMIND_TOKEN is not set,280,163,,,,sent,,FinMind request sent with token in query params and/or Authorization header
2026-08-02 14:30:01,api_call,dividend source,6187,TaiwanStockDividend,False,,,missing_token,FINMIND_TOKEN is not set,281,118,,,,sent,,FinMind request sent with token in query params and/or Authorization header
2026-08-02 14:30:02,api_call,PER/PBR 90D,6196,TaiwanStockPER,False,,,missing_token,FINMIND_TOKEN is not set,282,164,,,,sent,,FinMind request sent with token in query params and/or Authorization header
2026-08-02 14:30:03,api_call,dividend source,6196,TaiwanStockDividend,False,,,missing_token,FINMIND_TOKEN is not set,283,119,,,,sent,,FinMind request sent with token in query params and/or Authorization header
2026-08-02 14:30:04,api_call,PER/PBR 90D,6197,TaiwanStockPER,False,,,missing_token,FINMIND_TOKEN is not set,284,165,,,,sent,,FinMind request sent with token in query params and/or Authorization header
2026-08-02 14:30:05,api_call,dividend source,6197,TaiwanStockDividend,False,,,missing_token,FINMIND_TOKEN is not set,285,120,,,,sent,,FinMind request sent with token in query params and/or Authorization header
2026-08-02 14:30:06,api_call,PER/PBR 90D,6213,TaiwanStockPER,False,,,missing_token,FINMIND_TOKEN is not set,286,166,,,,sent,,FinMind request sent with token in query params and/or Authorization header
2026-08-02 14:30:07,api_call,dividend source,6213,TaiwanStockDividend,False,,,missing_token,FINMIND_TOKEN is not set,287,121,,,,sent,,FinMind request sent with token in query params and/or Authorization header
2026-08-02 14:30:08,api_call,PER/PBR 90D,6217,TaiwanStockPER,False,,,missing_token,FINMIND_TOKEN is not set,288,167,,,,sent,,FinMind request sent with token in query params and/or Authorization header
2026-08-02 14:30:09,api_call,dividend source,6217,TaiwanStockDividend,False,,,missing_token,FINMIND_TOKEN is not set,289,122,,,,sent,,FinMind request sent with token in query params and/or Authorization header
2026-08-02 14:30:10,api_call,PER/PBR 90D,6223,TaiwanStockPER,False,,,missing_token,FINMIND_TOKEN is not set,290,168,,,,sent,,FinMind request sent with token in query params and/or Authorization header
2026-08-02 14:30:11,api_call,dividend source,6223,TaiwanStockDividend,False,,,missing_token,FINMIND_TOKEN is not set,291,123,,,,sent,,FinMind request sent with token in query params and/or Authorization header
2026-08-02 14:30:12,api_call,PER/PBR 90D,6243,TaiwanStockPER,False,,,missing_token,FINMIND_TOKEN is not set,292,169,,,,sent,,FinMind request sent with token in query params and/or Authorization header
2026-08-02 14:30:13,api_call,dividend source,6243,TaiwanStockDividend,False,,,missing_token,FINMIND_TOKEN is not set,293,124,,,,sent,,FinMind request sent with token in query params and/or Authorization header
2026-08-02 14:30:14,api_call,PER/PBR 90D,6257,TaiwanStockPER,False,,,missing_token,FINMIND_TOKEN is not set,294,170,,,,sent,,FinMind request sent with token in query params and/or Authorization header
2026-08-02 14:30:15,api_call,dividend source,6257,TaiwanStockDividend,False,,,missing_token,FINMIND_TOKEN is not set,295,125,,,,sent,,FinMind request sent with token in query params and/or Authorization header
2026-08-02 14:30:16,api_call,PER/PBR 90D,6274,TaiwanStockPER,False,,,missing_token,FINMIND_TOKEN is not set,296,171,,,,sent,,FinMind request sent with token in query params and/or Authorization header
2026-08-02 14:30:17,api_call,dividend source,6274,TaiwanStockDividend,False,,,missing_token,FINMIND_TOKEN is not set,297,126,,,,sent,,FinMind request sent with token in query params and/or Authorization header
2026-08-02 14:30:18,api_call,PER/PBR 90D,6278,TaiwanStockPER,False,,,missing_token,FINMIND_TOKEN is not set,298,172,,,,sent,,FinMind request sent with token in query params and/or Authorization header
2026-08-02 14:30:19,api_call,dividend source,6278,TaiwanStockDividend,False,,,missing_token,FINMIND_TOKEN is not set,299,127,,,,sent,,FinMind request sent with token in query params and/or Authorization header
2026-08-02 14:30:20,api_call,PER/PBR 90D,6282,TaiwanStockPER,False,,,missing_token,FINMIND_TOKEN is not set,300,173,,,,sent,,FinMind request sent with token in query params and/or Authorization header
2026-08-02 14:30:21,api_call,dividend source,6282,TaiwanStockDividend,False,,,missing_token,FINMIND_TOKEN is not set,301,128,,,,sent,,FinMind request sent with token in query params and/or Authorization header
2026-08-02 14:30:22,api_call,PER/PBR 90D,6285,TaiwanStockPER,False,,,missing_token,FINMIND_TOKEN is not set,302,174,,,,sent,,FinMind request sent with token in query params and/or Authorization header
2026-08-02 14:30:23,api_call,dividend source,6285,TaiwanStockDividend,False,,,missing_token,FINMIND_TOKEN is not set,303,129,,,,sent,,FinMind request sent with token in query params and/or Authorization header
2026-08-02 14:30:24,api_call,PER/PBR 90D,6291,TaiwanStockPER,False,,,missing_token,FINMIND_TOKEN is not set,304,175,,,,sent,,FinMind request sent with token in query params and/or Authorization header
2026-08-02 14:30:25,api_call,dividend source,6291,TaiwanStockDividend,False,,,missing_token,FINMIND_TOKEN is not set,305,130,,,,sent,,FinMind request sent with token in query params and/or Authorization header
2026-08-02 14:30:26,api_call,PER/PBR 90D,6412,TaiwanStockPER,False,,,missing_token,FINMIND_TOKEN is not set,306,176,,,,sent,,FinMind request sent with token in query params and/or Authorization header
2026-08-02 14:30:27,api_call,dividend source,6412,TaiwanStockDividend,False,,,missing_token,FINMIND_TOKEN is not set,307,131,,,,sent,,FinMind request sent with token in query params and/or Authorization header
2026-08-02 14:30:28,api_call,PER/PBR 90D,6414,TaiwanStockPER,False,,,missing_token,FINMIND_TOKEN is not set,308,177,,,,sent,,FinMind request sent with token in query params and/or Authorization header
2026-08-02 14:30:29,api_call,dividend source,6414,TaiwanStockDividend,False,,,missing_token,FINMIND_TOKEN is not set,309,132,,,,sent,,FinMind request sent with token in query params and/or Authorization header
2026-08-02 14:30:30,api_call,PER/PBR 90D,6442,TaiwanStockPER,False,,,missing_token,FINMIND_TOKEN is not set,310,178,,,,sent,,FinMind request sent with token in query params and/or Authorization header
2026-08-02 14:30:31,api_call,dividend source,6442,TaiwanStockDividend,False,,,missing_token,FINMIND_TOKEN is not set,311,133,,,,sent,,FinMind request sent with token in query params and/or Authorization header
2026-08-02 14:30:32,api_call,PER/PBR 90D,6451,TaiwanStockPER,False,,,missing_token,FINMIND_TOKEN is not set,312,179,,,,sent,,FinMind request sent with token in query params and/or Authorization header
2026-08-02 14:30:33,api_call,dividend source,6451,TaiwanStockDividend,False,,,missing_token,FINMIND_TOKEN is not set,313,134,,,,sent,,FinMind request sent with token in query params and/or Authorization header
2026-08-02 14:30:34,api_call,PER/PBR 90D,6510,TaiwanStockPER,False,,,missing_token,FINMIND_TOKEN is not set,314,180,,,,sent,,FinMind request sent with token in query params and/or Authorization header
2026-08-02 14:30:34,api_call,dividend source,6510,TaiwanStockDividend,False,,,missing_token,FINMIND_TOKEN is not set,315,135,,,,sent,,FinMind request sent with token in query params and/or Authorization header
2026-08-02 14:30:35,api_call,PER/PBR 90D,6515,TaiwanStockPER,False,,,missing_token,FINMIND_TOKEN is not set,316,181,,,,sent,,FinMind request sent with token in query params and/or Authorization header
2026-08-02 14:30:36,api_call,dividend source,6515,TaiwanStockDividend,False,,,missing_token,FINMIND_TOKEN is not set,317,136,,,,sent,,FinMind request sent with token in query params and/or Authorization header
2026-08-02 14:30:37,api_call,PER/PBR 90D,6526,TaiwanStockPER,False,,,missing_token,FINMIND_TOKEN is not set,318,182,,,,sent,,FinMind request sent with token in query params and/or Authorization header
2026-08-02 14:30:38,api_call,dividend source,6526,TaiwanStockDividend,False,,,missing_token,FINMIND_TOKEN is not set,319,137,,,,sent,,FinMind request sent with token in query params and/or Authorization header
2026-08-02 14:30:39,api_call,PER/PBR 90D,6531,TaiwanStockPER,False,,,missing_token,FINMIND_TOKEN is not set,320,183,,,,sent,,FinMind request sent with token in query params and/or Authorization header
2026-08-02 14:30:40,api_call,dividend source,6531,TaiwanStockDividend,False,,,missing_token,FINMIND_TOKEN is not set,321,138,,,,sent,,FinMind request sent with token in query params and/or Authorization header
2026-08-02 14:30:41,api_call,PER/PBR 90D,6640,TaiwanStockPER,False,,,missing_token,FINMIND_TOKEN is not set,322,184,,,,sent,,FinMind request sent with token in query params and/or Authorization header
2026-08-02 14:30:42,api_call,dividend source,6640,TaiwanStockDividend,False,,,missing_token,FINMIND_TOKEN is not set,323,139,,,,sent,,FinMind request sent with token in query params and/or Authorization header
2026-08-02 14:30:43,api_call,PER/PBR 90D,6643,TaiwanStockPER,False,,,missing_token,FINMIND_TOKEN is not set,324,185,,,,sent,,FinMind request sent with token in query params and/or Authorization header
2026-08-02 14:30:44,api_call,dividend source,6643,TaiwanStockDividend,False,,,missing_token,FINMIND_TOKEN is not set,325,140,,,,sent,,FinMind request sent with token in query params and/or Authorization header
2026-08-02 14:30:45,api_call,PER/PBR 90D,6664,TaiwanStockPER,False,,,missing_token,FINMIND_TOKEN is not set,326,186,,,,sent,,FinMind request sent with token in query params and/or Authorization header
2026-08-02 14:30:46,api_call,dividend source,6664,TaiwanStockDividend,False,,,missing_token,FINMIND_TOKEN is not set,327,141,,,,sent,,FinMind request sent with token in query params and/or Authorization header
2026-08-02 14:30:47,api_call,PER/PBR 90D,6669,TaiwanStockPER,False,,,missing_token,FINMIND_TOKEN is not set,328,187,,,,sent,,FinMind request sent with token in query params and/or Authorization header
2026-08-02 14:30:48,api_call,dividend source,6669,TaiwanStockDividend,False,,,missing_token,FINMIND_TOKEN is not set,329,142,,,,sent,,FinMind request sent with token in query params and/or Authorization header
2026-08-02 14:30:49,api_call,PER/PBR 90D,6672,TaiwanStockPER,False,,,missing_token,FINMIND_TOKEN is not set,330,188,,,,sent,,FinMind request sent with token in query params and/or Authorization header
2026-08-02 14:30:50,api_call,dividend source,6672,TaiwanStockDividend,False,,,missing_token,FINMIND_TOKEN is not set,331,143,,,,sent,,FinMind request sent with token in query params and/or Authorization header
2026-08-02 14:30:51,api_call,PER/PBR 90D,6683,TaiwanStockPER,False,,,missing_token,FINMIND_TOKEN is not set,332,189,,,,sent,,FinMind request sent with token in query params and/or Authorization header
2026-08-02 14:30:52,api_call,dividend source,6683,TaiwanStockDividend,False,,,missing_token,FINMIND_TOKEN is not set,333,144,,,,sent,,FinMind request sent with token in query params and/or Authorization header
2026-08-02 14:30:53,api_call,PER/PBR 90D,6691,TaiwanStockPER,False,,,missing_token,FINMIND_TOKEN is not set,334,190,,,,sent,,FinMind request sent with token in query params and/or Authorization header
2026-08-02 14:30:54,api_call,dividend source,6691,TaiwanStockDividend,False,,,missing_token,FINMIND_TOKEN is not set,335,145,,,,sent,,FinMind request sent with token in query params and/or Authorization header
2026-08-02 14:30:55,api_call,PER/PBR 90D,6693,TaiwanStockPER,False,,,missing_token,FINMIND_TOKEN is not set,336,191,,,,sent,,FinMind request sent with token in query params and/or Authorization header
2026-08-02 14:30:56,api_call,dividend source,6693,TaiwanStockDividend,False,,,missing_token,FINMIND_TOKEN is not set,337,146,,,,sent,,FinMind request sent with token in query params and/or Authorization header
2026-08-02 14:30:57,api_call,PER/PBR 90D,6789,TaiwanStockPER,False,,,missing_token,FINMIND_TOKEN is not set,338,192,,,,sent,,FinMind request sent with token in query params and/or Authorization header
2026-08-02 14:30:58,api_call,dividend source,6789,TaiwanStockDividend,False,,,missing_token,FINMIND_TOKEN is not set,339,147,,,,sent,,FinMind request sent with token in query params and/or Authorization header
2026-08-02 14:30:59,api_call,PER/PBR 90D,6805,TaiwanStockPER,False,,,missing_token,FINMIND_TOKEN is not set,340,193,,,,sent,,FinMind request sent with token in query params and/or Authorization header
2026-08-02 14:31:00,api_call,dividend source,6805,TaiwanStockDividend,False,,,missing_token,FINMIND_TOKEN is not set,341,148,,,,sent,,FinMind request sent with token in query params and/or Authorization header
2026-08-02 14:31:01,api_call,PER/PBR 90D,6862,TaiwanStockPER,False,,,missing_token,FINMIND_TOKEN is not set,342,194,,,,sent,,FinMind request sent with token in query params and/or Authorization header
2026-08-02 14:31:02,api_call,dividend source,6862,TaiwanStockDividend,False,,,missing_token,FINMIND_TOKEN is not set,343,149,,,,sent,,FinMind request sent with token in query params and/or Authorization header
2026-08-02 14:31:03,api_call,PER/PBR 90D,6940,TaiwanStockPER,False,,,missing_token,FINMIND_TOKEN is not set,344,195,,,,sent,,FinMind request sent with token in query params and/or Authorization header
2026-08-02 14:31:04,api_call,dividend source,6940,TaiwanStockDividend,False,,,missing_token,FINMIND_TOKEN is not set,345,150,,,,sent,,FinMind request sent with token in query params and/or Authorization header
2026-08-02 14:31:05,api_call,PER/PBR 90D,7711,TaiwanStockPER,False,,,missing_token,FINMIND_TOKEN is not set,346,196,,,,sent,,FinMind request sent with token in query params and/or Authorization header
2026-08-02 14:31:06,api_call,dividend source,7711,TaiwanStockDividend,False,,,missing_token,FINMIND_TOKEN is not set,347,151,,,,sent,,FinMind request sent with token in query params and/or Authorization header
2026-08-02 14:31:07,api_call,PER/PBR 90D,7717,TaiwanStockPER,False,,,missing_token,FINMIND_TOKEN is not set,348,197,,,,sent,,FinMind request sent with token in query params and/or Authorization header
2026-08-02 14:31:08,api_call,dividend source,7717,TaiwanStockDividend,False,,,missing_token,FINMIND_TOKEN is not set,349,152,,,,sent,,FinMind request sent with token in query params and/or Authorization header
2026-08-02 14:31:09,api_call,PER/PBR 90D,7728,TaiwanStockPER,False,,,missing_token,FINMIND_TOKEN is not set,350,198,,,,sent,,FinMind request sent with token in query params and/or Authorization header
2026-08-02 14:31:10,api_call,dividend source,7728,TaiwanStockDividend,False,,,missing_token,FINMIND_TOKEN is not set,351,153,,,,sent,,FinMind request sent with token in query params and/or Authorization header
2026-08-02 14:31:11,api_call,PER/PBR 90D,7734,TaiwanStockPER,False,,,missing_token,FINMIND_TOKEN is not set,352,199,,,,sent,,FinMind request sent with token in query params and/or Authorization header
2026-08-02 14:31:12,api_call,dividend source,7734,TaiwanStockDividend,False,,,missing_token,FINMIND_TOKEN is not set,353,154,,,,sent,,FinMind request sent with token in query params and/or Authorization header
2026-08-02 14:31:13,api_call,PER/PBR 90D,7769,TaiwanStockPER,False,,,missing_token,FINMIND_TOKEN is not set,354,200,,,,sent,,FinMind request sent with token in query params and/or Authorization header
2026-08-02 14:31:14,api_call,dividend source,7769,TaiwanStockDividend,False,,,missing_token,FINMIND_TOKEN is not set,355,155,,,,sent,,FinMind request sent with token in query params and/or Authorization header
2026-08-02 14:31:15,api_call,PER/PBR 90D,7792,TaiwanStockPER,False,,,missing_token,FINMIND_TOKEN is not set,356,201,,,,sent,,FinMind request sent with token in query params and/or Authorization header
2026-08-02 14:31:16,api_call,dividend source,7792,TaiwanStockDividend,False,,,missing_token,FINMIND_TOKEN is not set,357,156,,,,sent,,FinMind request sent with token in query params and/or Authorization header
2026-08-02 14:31:17,api_call,PER/PBR 90D,7828,TaiwanStockPER,False,,,missing_token,FINMIND_TOKEN is not set,358,202,,,,sent,,FinMind request sent with token in query params and/or Authorization header
2026-08-02 14:31:18,api_call,dividend source,7828,TaiwanStockDividend,False,,,missing_token,FINMIND_TOKEN is not set,359,157,,,,sent,,FinMind request sent with token in query params and/or Authorization header
2026-08-02 14:31:19,api_call,PER/PBR 90D,7856,TaiwanStockPER,False,,,missing_token,FINMIND_TOKEN is not set,360,203,,,,sent,,FinMind request sent with token in query params and/or Authorization header
2026-08-02 14:31:20,api_call,dividend source,7856,TaiwanStockDividend,False,,,missing_token,FINMIND_TOKEN is not set,361,158,,,,sent,,FinMind request sent with token in query params and/or Authorization header
2026-08-02 14:31:21,api_call,PER/PBR 90D,8021,TaiwanStockPER,False,,,missing_token,FINMIND_TOKEN is not set,362,204,,,,sent,,FinMind request sent with token in query params and/or Authorization header
2026-08-02 14:31:22,api_call,dividend source,8021,TaiwanStockDividend,False,,,missing_token,FINMIND_TOKEN is not set,363,159,,,,sent,,FinMind request sent with token in query params and/or Authorization header
2026-08-02 14:31:23,api_call,PER/PBR 90D,8027,TaiwanStockPER,False,,,missing_token,FINMIND_TOKEN is not set,364,205,,,,sent,,FinMind request sent with token in query params and/or Authorization header
2026-08-02 14:31:24,api_call,dividend source,8027,TaiwanStockDividend,False,,,missing_token,FINMIND_TOKEN is not set,365,160,,,,sent,,FinMind request sent with token in query params and/or Authorization header
2026-08-02 14:31:25,api_call,PER/PBR 90D,8028,TaiwanStockPER,False,,,missing_token,FINMIND_TOKEN is not set,366,206,,,,sent,,FinMind request sent with token in query params and/or Authorization header
2026-08-02 14:31:26,api_call,dividend source,8028,TaiwanStockDividend,False,,,missing_token,FINMIND_TOKEN is not set,367,161,,,,sent,,FinMind request sent with token in query params and/or Authorization header
2026-08-02 14:31:27,api_call,PER/PBR 90D,8043,TaiwanStockPER,False,,,missing_token,FINMIND_TOKEN is not set,368,207,,,,sent,,FinMind request sent with token in query params and/or Authorization header
2026-08-02 14:31:28,api_call,dividend source,8043,TaiwanStockDividend,False,,,missing_token,FINMIND_TOKEN is not set,369,162,,,,sent,,FinMind request sent with token in query params and/or Authorization header
2026-08-02 14:31:28,api_call,PER/PBR 90D,8046,TaiwanStockPER,False,,,missing_token,FINMIND_TOKEN is not set,370,208,,,,sent,,FinMind request sent with token in query params and/or Authorization header
2026-08-02 14:31:29,api_call,dividend source,8046,TaiwanStockDividend,False,,,missing_token,FINMIND_TOKEN is not set,371,163,,,,sent,,FinMind request sent with token in query params and/or Authorization header
2026-08-02 14:31:30,api_call,PER/PBR 90D,8070,TaiwanStockPER,False,,,missing_token,FINMIND_TOKEN is not set,372,209,,,,sent,,FinMind request sent with token in query params and/or Authorization header
2026-08-02 14:31:31,api_call,dividend source,8070,TaiwanStockDividend,False,,,missing_token,FINMIND_TOKEN is not set,373,164,,,,sent,,FinMind request sent with token in query params and/or Authorization header
2026-08-02 14:31:32,api_call,PER/PBR 90D,8155,TaiwanStockPER,False,,,missing_token,FINMIND_TOKEN is not set,374,210,,,,sent,,FinMind request sent with token in query params and/or Authorization header
2026-08-02 14:31:33,api_call,dividend source,8155,TaiwanStockDividend,False,,,missing_token,FINMIND_TOKEN is not set,375,165,,,,sent,,FinMind request sent with token in query params and/or Authorization header
2026-08-02 14:31:34,api_call,PER/PBR 90D,8289,TaiwanStockPER,False,,,missing_token,FINMIND_TOKEN is not set,376,211,,,,sent,,FinMind request sent with token in query params and/or Authorization header
2026-08-02 14:31:35,api_call,dividend source,8289,TaiwanStockDividend,False,,,missing_token,FINMIND_TOKEN is not set,377,166,,,,sent,,FinMind request sent with token in query params and/or Authorization header
2026-08-02 14:31:36,api_call,PER/PBR 90D,8299,TaiwanStockPER,False,,,missing_token,FINMIND_TOKEN is not set,378,212,,,,sent,,FinMind request sent with token in query params and/or Authorization header
2026-08-02 14:31:37,api_call,dividend source,8299,TaiwanStockDividend,False,,,missing_token,FINMIND_TOKEN is not set,379,167,,,,sent,,FinMind request sent with token in query params and/or Authorization header
2026-08-02 14:31:38,api_call,PER/PBR 90D,8358,TaiwanStockPER,False,,,missing_token,FINMIND_TOKEN is not set,380,213,,,,sent,,FinMind request sent with token in query params and/or Authorization header
2026-08-02 14:31:39,api_call,dividend source,8358,TaiwanStockDividend,False,,,missing_token,FINMIND_TOKEN is not set,381,168,,,,sent,,FinMind request sent with token in query params and/or Authorization header
2026-08-02 14:31:40,api_call,PER/PBR 90D,8996,TaiwanStockPER,False,,,missing_token,FINMIND_TOKEN is not set,382,214,,,,sent,,FinMind request sent with token in query params and/or Authorization header
2026-08-02 14:31:41,api_call,dividend source,8996,TaiwanStockDividend,False,,,missing_token,FINMIND_TOKEN is not set,383,169,,,,sent,,FinMind request sent with token in query params and/or Authorization header
2026-08-02 14:31:42,generate_static_valuation_end,generate_static_valuation_csv,,,False,,,missing_token,FINMIND_TOKEN is not set,383,0,,,,completed,,"rows=169, output=AllStatic_Valuation.csv"
2026-08-12 15:16:00,api_call,get_stock_data,0056,TaiwanStockPrice,False,,,missing_token,FINMIND_TOKEN is not set,1,1,,,,sent,,FinMind request sent with token in query params and/or Authorization header
2026-08-12 15:16:02,api_call,get_stock_data,00878,TaiwanStockPrice,False,,,missing_token,FINMIND_TOKEN is not set,2,2,,,,sent,,FinMind request sent with token in query params and/or Authorization header
2026-08-12 15:16:03,api_call,get_stock_data,00892,TaiwanStockPrice,False,,,missing_token,FINMIND_TOKEN is not set,3,3,,,,sent,,FinMind request sent with token in query params and/or Authorization header
2026-08-12 15:16:04,api_call,get_stock_data,00919,TaiwanStockPrice,False,,,missing_token,FINMIND_TOKEN is not set,4,4,,,,sent,,FinMind request sent with token in query params and/or Authorization header
2026-08-12 15:16:05,api_call,get_stock_data,00941,TaiwanStockPrice,False,,,missing_token,FINMIND_TOKEN is not set,5,5,,,,sent,,FinMind request sent with token in query params and/or Authorization header
2026-08-12 15:16:06,api_call,get_stock_data,1101,TaiwanStockPrice,False,,,missing_token,FINMIND_TOKEN is not set,6,6,,,,sent,,FinMind request sent with token in query params and/or Authorization header
2026-08-12 15:16:07,api_call,get_stock_data,1216,TaiwanStockPrice,False,,,missing_token,FINMIND_TOKEN is not set,7,7,,,,sent,,FinMind request sent with token in query params and/or Authorization header
2026-08-12 15:16:08,api_call,get_stock_data,1319,TaiwanStockPrice,False,,,missing_token,FINMIND_TOKEN is not set,8,8,,,,sent,,FinMind request sent with token in query params and/or Authorization header
2026-08-12 15:16:09,api_call,get_stock_data,1326,TaiwanStockPrice,False,,,missing_token,FINMIND_TOKEN is not set,9,9,,,,sent,,FinMind request sent with token in query params and/or Authorization header
2026-08-12 15:16:10,api_call,get_stock_data,1476,TaiwanStockPrice,False,,,missing_token,FINMIND_TOKEN is not set,10,10,,,,sent,,FinMind request sent with token in query params and/or Authorization header
2026-08-12 15:16:11,api_call,get_stock_data,1503,TaiwanStockPrice,False,,,missing_token,FINMIND_TOKEN is not set,11,11,,,,sent,,FinMind request sent with token in query params and/or Authorization header
2026-08-12 15:16:12,api_call,get_stock_data,1513,TaiwanStockPrice,False,,,missing_token,FINMIND_TOKEN is not set,12,12,,,,sent,,FinMind request sent with token in query params and/or Authorization header
2026-08-12 15:16:13,api_call,get_stock_data,1514,TaiwanStockPrice,False,,,missing_token,FINMIND_TOKEN is not set,13,13,,,,sent,,FinMind request sent with token in query params and/or Authorization header
2026-08-12 15:16:14,api_call,get_stock_data,1519,TaiwanStockPrice,False,,,missing_token,FINMIND_TOKEN is not set,14,14,,,,sent,,FinMind request sent with token in query params and/or Authorization header
2026-08-12 15:16:15,api_call,get_stock_data,1532,TaiwanStockPrice,False,,,missing_token,FINMIND_TOKEN is not set,15,15,,,,sent,,FinMind request sent with token in query params and/or Authorization header
2026-08-12 15:16:16,api_call,get_stock_data,1560,TaiwanStockPrice,False,,,missing_token,FINMIND_TOKEN is not set,16,16,,,,sent,,FinMind request sent with token in query params and/or Authorization header
2026-08-12 15:16:17,api_call,get_stock_data,1597,TaiwanStockPrice,False,,,missing_token,FINMIND_TOKEN is not set,17,17,,,,sent,,FinMind request sent with token in query params and/or Authorization header
2026-08-12 15:16:18,api_call,get_stock_data,1727,TaiwanStockPrice,False,,,missing_token,FINMIND_TOKEN is not set,18,18,,,,sent,,FinMind request sent with token in query params and/or Authorization header
2026-08-12 15:16:19,api_call,get_stock_data,1760,TaiwanStockPrice,False,,,missing_token,FINMIND_TOKEN is not set,19,19,,,,sent,,FinMind request sent with token in query params and/or Authorization header
2026-08-12 15:16:21,api_call,get_stock_data,1802,TaiwanStockPrice,False,,,missing_token,FINMIND_TOKEN is not set,20,20,,,,sent,,FinMind request sent with token in query params and/or Authorization header
2026-08-12 15:16:22,api_call,get_stock_data,2049,TaiwanStockPrice,False,,,missing_token,FINMIND_TOKEN is not set,21,21,,,,sent,,FinMind request sent with token in query params and/or Authorization header
2026-08-12 15:16:23,api_call,get_stock_data,2059,TaiwanStockPrice,False,,,missing_token,FINMIND_TOKEN is not set,22,22,,,,sent,,FinMind request sent with token in query params and/or Authorization header
2026-08-12 15:16:24,api_call,get_stock_data,2233,TaiwanStockPrice,False,,,missing_token,FINMIND_TOKEN is not set,23,23,,,,sent,,FinMind request sent with token in query params and/or Authorization header
2026-08-12 15:16:25,api_call,get_stock_data,2301,TaiwanStockPrice,False,,,missing_token,FINMIND_TOKEN is not set,24,24,,,,sent,,FinMind request sent with token in query params and/or Authorization header
2026-08-12 15:16:26,api_call,get_stock_data,2303,TaiwanStockPrice,False,,,missing_token,FINMIND_TOKEN is not set,25,25,,,,sent,,FinMind request sent with token in query params and/or Authorization header
2026-08-12 15:16:27,api_call,get_stock_data,2308,TaiwanStockPrice,False,,,missing_token,FINMIND_TOKEN is not set,26,26,,,,sent,,FinMind request sent with token in query params and/or Authorization header
2026-08-12 15:16:28,api_call,get_stock_data,2313,TaiwanStockPrice,False,,,missing_token,FINMIND_TOKEN is not set,27,27,,,,sent,,FinMind request sent with token in query params and/or Authorization header
2026-08-12 15:16:29,api_call,get_stock_data,2317,TaiwanStockPrice,False,,,missing_token,FINMIND_TOKEN is not set,28,28,,,,sent,,FinMind request sent with token in query params and/or Authorization header
2026-08-12 15:16:30,api_call,get_stock_data,2327,TaiwanStockPrice,False,,,missing_token,FINMIND_TOKEN is not set,29,29,,,,sent,,FinMind request sent with token in query params and/or Authorization header
2026-08-12 15:16:31,api_call,get_stock_data,2330,TaiwanStockPrice,False,,,missing_token,FINMIND_TOKEN is not set,30,30,,,,sent,,FinMind request sent with token in query params and/or Authorization header
2026-08-12 15:16:32,api_call,get_stock_data,2344,TaiwanStockPrice,False,,,missing_token,FINMIND_TOKEN is not set,31,31,,,,sent,,FinMind request sent with token in query params and/or Authorization header
2026-08-12 15:16:33,api_call,get_stock_data,2345,TaiwanStockPrice,False,,,missing_token,FINMIND_TOKEN is not set,32,32,,,,sent,,FinMind request sent with token in query params and/or Authorization header
2026-08-12 15:16:34,api_call,get_stock_data,2353,TaiwanStockPrice,False,,,missing_token,FINMIND_TOKEN is not set,33,33,,,,sent,,FinMind request sent with token in query params and/or Authorization header
2026-08-12 15:16:35,api_call,get_stock_data,2357,TaiwanStockPrice,False,,,missing_token,FINMIND_TOKEN is not set,34,34,,,,sent,,FinMind request sent with token in query params and/or Authorization header
2026-08-12 15:16:36,api_call,get_stock_data,2360,TaiwanStockPrice,False,,,missing_token,FINMIND_TOKEN is not set,35,35,,,,sent,,FinMind request sent with token in query params and/or Authorization header
2026-08-12 15:16:37,api_call,get_stock_data,2368,TaiwanStockPrice,False,,,missing_token,FINMIND_TOKEN is not set,36,36,,,,sent,,FinMind request sent with token in query params and/or Authorization header
2026-08-12 15:16:38,api_call,get_stock_data,2375,TaiwanStockPrice,False,,,missing_token,FINMIND_TOKEN is not set,37,37,,,,sent,,FinMind request sent with token in query params and/or Authorization header
2026-08-12 15:16:39,api_call,get_stock_data,2377,TaiwanStockPrice,False,,,missing_token,FINMIND_TOKEN is not set,38,38,,,,sent,,FinMind request sent with token in query params and/or Authorization header
2026-08-12 15:16:40,api_call,get_stock_data,2382,TaiwanStockPrice,False,,,missing_token,FINMIND_TOKEN is not set,39,39,,,,sent,,FinMind request sent with token in query params and/or Authorization header
2026-08-12 15:16:41,api_call,get_stock_data,2383,TaiwanStockPrice,False,,,missing_token,FINMIND_TOKEN is not set,40,40,,,,sent,,FinMind request sent with token in query params and/or Authorization header
2026-08-12 15:16:42,api_call,get_stock_data,2402,TaiwanStockPrice,False,,,missing_token,FINMIND_TOKEN is not set,41,41,,,,sent,,FinMind request sent with token in query params and/or Authorization header
2026-08-12 15:16:43,api_call,get_stock_data,2404,TaiwanStockPrice,False,,,missing_token,FINMIND_TOKEN is not set,42,42,,,,sent,,FinMind request sent with token in query params and/or Authorization header
2026-08-12 15:16:44,api_call,get_stock_data,2408,TaiwanStockPrice,False,,,missing_token,FINMIND_TOKEN is not set,43,43,,,,sent,,FinMind request sent with token in query params and/or Authorization header
2026-08-12 15:16:45,api_call,get_stock_data,2449,TaiwanStockPrice,False,,,missing_token,FINMIND_TOKEN is not set,44,44,,,,sent,,FinMind request sent with token in query params and/or Authorization header
2026-08-12 15:16:46,api_call,get_stock_data,2454,TaiwanStockPrice,False,,,missing_token,FINMIND_TOKEN is not set,45,45,,,,sent,,FinMind request sent with token in query params and/or Authorization header
2026-08-12 15:16:47,api_call,get_stock_data,2455,TaiwanStockPrice,False,,,missing_token,FINMIND_TOKEN is not set,46,46,,,,sent,,FinMind request sent with token in query params and/or Authorization header
2026-08-12 15:16:49,api_call,get_stock_data,2467,TaiwanStockPrice,False,,,missing_token,FINMIND_TOKEN is not set,47,47,,,,sent,,FinMind request sent with token in query params and/or Authorization header
2026-08-12 15:16:50,api_call,get_stock_data,2472,TaiwanStockPrice,False,,,missing_token,FINMIND_TOKEN is not set,48,48,,,,sent,,FinMind request sent with token in query params and/or Authorization header
2026-08-12 15:16:51,api_call,get_stock_data,2478,TaiwanStockPrice,False,,,missing_token,FINMIND_TOKEN is not set,49,49,,,,sent,,FinMind request sent with token in query params and/or Authorization header
2026-08-12 15:16:52,api_call,get_stock_data,2481,TaiwanStockPrice,False,,,missing_token,FINMIND_TOKEN is not set,50,50,,,,sent,,FinMind request sent with token in query params and/or Authorization header
2026-08-12 15:16:53,api_call,get_stock_data,2484,TaiwanStockPrice,False,,,missing_token,FINMIND_TOKEN is not set,51,51,,,,sent,,FinMind request sent with token in query params and/or Authorization header
2026-08-12 15:16:54,api_call,get_stock_data,2486,TaiwanStockPrice,False,,,missing_token,FINMIND_TOKEN is not set,52,52,,,,sent,,FinMind request sent with token in query params and/or Authorization header
2026-08-12 15:16:55,api_call,get_stock_data,2492,TaiwanStockPrice,False,,,missing_token,FINMIND_TOKEN is not set,53,53,,,,sent,,FinMind request sent with token in query params and/or Authorization header
2026-08-12 15:16:56,api_call,get_stock_data,2881,TaiwanStockPrice,False,,,missing_token,FINMIND_TOKEN is not set,54,54,,,,sent,,FinMind request sent with token in query params and/or Authorization header
2026-08-12 15:16:57,api_call,get_stock_data,2885,TaiwanStockPrice,False,,,missing_token,FINMIND_TOKEN is not set,55,55,,,,sent,,FinMind request sent with token in query params and/or Authorization header
2026-08-12 15:16:58,api_call,get_stock_data,2891,TaiwanStockPrice,False,,,missing_token,FINMIND_TOKEN is not set,56,56,,,,sent,,FinMind request sent with token in query params and/or Authorization header
2026-08-12 15:16:59,api_call,get_stock_data,2912,TaiwanStockPrice,False,,,missing_token,FINMIND_TOKEN is not set,57,57,,,,sent,,FinMind request sent with token in query params and/or Authorization header
2026-08-12 15:17:00,api_call,get_stock_data,3008,TaiwanStockPrice,False,,,missing_token,FINMIND_TOKEN is not set,58,58,,,,sent,,FinMind request sent with token in query params and/or Authorization header
2026-08-12 15:17:01,api_call,get_stock_data,3013,TaiwanStockPrice,False,,,missing_token,FINMIND_TOKEN is not set,59,59,,,,sent,,FinMind request sent with token in query params and/or Authorization header
2026-08-12 15:17:02,api_call,get_stock_data,3017,TaiwanStockPrice,False,,,missing_token,FINMIND_TOKEN is not set,60,60,,,,sent,,FinMind request sent with token in query params and/or Authorization header
2026-08-12 15:17:03,api_call,get_stock_data,3023,TaiwanStockPrice,False,,,missing_token,FINMIND_TOKEN is not set,61,61,,,,sent,,FinMind request sent with token in query params and/or Authorization header
2026-08-12 15:17:04,api_call,get_stock_data,3026,TaiwanStockPrice,False,,,missing_token,FINMIND_TOKEN is not set,62,62,,,,sent,,FinMind request sent with token in query params and/or Authorization header
2026-08-12 15:17:05,api_call,get_stock_data,3035,TaiwanStockPrice,False,,,missing_token,FINMIND_TOKEN is not set,63,63,,,,sent,,FinMind request sent with token in query params and/or Authorization header
2026-08-12 15:17:06,api_call,get_stock_data,3037,TaiwanStockPrice,False,,,missing_token,FINMIND_TOKEN is not set,64,64,,,,sent,,FinMind request sent with token in query params and/or Authorization header
2026-08-12 15:17:07,api_call,get_stock_data,3042,TaiwanStockPrice,False,,,missing_token,FINMIND_TOKEN is not set,65,65,,,,sent,,FinMind request sent with token in query params and/or Authorization header
2026-08-12 15:17:08,api_call,get_stock_data,3044,TaiwanStockPrice,False,,,missing_token,FINMIND_TOKEN is not set,66,66,,,,sent,,FinMind request sent with token in query params and/or Authorization header
2026-08-12 15:17:09,api_call,get_stock_data,3081,TaiwanStockPrice,False,,,missing_token,FINMIND_TOKEN is not set,67,67,,,,sent,,FinMind request sent with token in query params and/or Authorization header
2026-08-12 15:17:10,api_call,get_stock_data,3090,TaiwanStockPrice,False,,,missing_token,FINMIND_TOKEN is not set,68,68,,,,sent,,FinMind request sent with token in query params and/or Authorization header
2026-08-12 15:17:11,api_call,get_stock_data,3105,TaiwanStockPrice,False,,,missing_token,FINMIND_TOKEN is not set,69,69,,,,sent,,FinMind request sent with token in query params and/or Authorization header
2026-08-12 15:17:12,api_call,get_stock_data,3131,TaiwanStockPrice,False,,,missing_token,FINMIND_TOKEN is not set,70,70,,,,sent,,FinMind request sent with token in query params and/or Authorization header
2026-08-12 15:17:13,api_call,get_stock_data,3163,TaiwanStockPrice,False,,,missing_token,FINMIND_TOKEN is not set,71,71,,,,sent,,FinMind request sent with token in query params and/or Authorization header
2026-08-12 15:17:14,api_call,get_stock_data,3167,TaiwanStockPrice,False,,,missing_token,FINMIND_TOKEN is not set,72,72,,,,sent,,FinMind request sent with token in query params and/or Authorization header
2026-08-12 15:17:15,api_call,get_stock_data,3189,TaiwanStockPrice,False,,,missing_token,FINMIND_TOKEN is not set,73,73,,,,sent,,FinMind request sent with token in query params and/or Authorization header
2026-08-12 15:17:16,api_call,get_stock_data,3211,TaiwanStockPrice,False,,,missing_token,FINMIND_TOKEN is not set,74,74,,,,sent,,FinMind request sent with token in query params and/or Authorization header
2026-08-12 15:17:17,api_call,get_stock_data,3221,TaiwanStockPrice,False,,,missing_token,FINMIND_TOKEN is not set,75,75,,,,sent,,FinMind request sent with token in query params and/or Authorization header
2026-08-12 15:17:18,api_call,get_stock_data,3231,TaiwanStockPrice,False,,,missing_token,FINMIND_TOKEN is not set,76,76,,,,sent,,FinMind request sent with token in query params and/or Authorization header
2026-08-12 15:17:19,api_call,get_stock_data,3234,TaiwanStockPrice,False,,,missing_token,FINMIND_TOKEN is not set,77,77,,,,sent,,FinMind request sent with token in query params and/or Authorization header
2026-08-12 15:17:20,api_call,get_stock_data,3236,TaiwanStockPrice,False,,,missing_token,FINMIND_TOKEN is not set,78,78,,,,sent,,FinMind request sent with token in query params and/or Authorization header
2026-08-12 15:17:22,api_call,get_stock_data,3264,TaiwanStockPrice,False,,,missing_token,FINMIND_TOKEN is not set,79,79,,,,sent,,FinMind request sent with token in query params and/or Authorization header
2026-08-12 15:17:23,api_call,get_stock_data,3265,TaiwanStockPrice,False,,,missing_token,FINMIND_TOKEN is not set,80,80,,,,sent,,FinMind request sent with token in query params and/or Authorization header
2026-08-12 15:17:24,api_call,get_stock_data,3289,TaiwanStockPrice,False,,,missing_token,FINMIND_TOKEN is not set,81,81,,,,sent,,FinMind request sent with token in query params and/or Authorization header
2026-08-12 15:17:25,api_call,get_stock_data,3324,TaiwanStockPrice,False,,,missing_token,FINMIND_TOKEN is not set,82,82,,,,sent,,FinMind request sent with token in query params and/or Authorization header
2026-08-12 15:17:26,api_call,get_stock_data,3357,TaiwanStockPrice,False,,,missing_token,FINMIND_TOKEN is not set,83,83,,,,sent,,FinMind request sent with token in query params and/or Authorization header
2026-08-12 15:17:27,api_call,get_stock_data,3363,TaiwanStockPrice,False,,,missing_token,FINMIND_TOKEN is not set,84,84,,,,sent,,FinMind request sent with token in query params and/or Authorization header
2026-08-12 15:17:28,api_call,get_stock_data,3374,TaiwanStockPrice,False,,,missing_token,FINMIND_TOKEN is not set,85,85,,,,sent,,FinMind request sent with token in query params and/or Authorization header
2026-08-12 15:17:29,api_call,get_stock_data,3376,TaiwanStockPrice,False,,,missing_token,FINMIND_TOKEN is not set,86,86,,,,sent,,FinMind request sent with token in query params and/or Authorization header
2026-08-12 15:17:30,api_call,get_stock_data,3443,TaiwanStockPrice,False,,,missing_token,FINMIND_TOKEN is not set,87,87,,,,sent,,FinMind request sent with token in query params and/or Authorization header
2026-08-12 15:17:31,api_call,get_stock_data,3450,TaiwanStockPrice,False,,,missing_token,FINMIND_TOKEN is not set,88,88,,,,sent,,FinMind request sent with token in query params and/or Authorization header
2026-08-12 15:17:32,api_call,get_stock_data,3481,TaiwanStockPrice,False,,,missing_token,FINMIND_TOKEN is not set,89,89,,,,sent,,FinMind request sent with token in query params and/or Authorization header
2026-08-12 15:17:33,api_call,get_stock_data,3491,TaiwanStockPrice,False,,,missing_token,FINMIND_TOKEN is not set,90,90,,,,sent,,FinMind request sent with token in query params and/or Authorization header
2026-08-12 15:17:34,api_call,get_stock_data,3529,TaiwanStockPrice,False,,,missing_token,FINMIND_TOKEN is not set,91,91,,,,sent,,FinMind request sent with token in query params and/or Authorization header
2026-08-12 15:17:35,api_call,get_stock_data,3533,TaiwanStockPrice,False,,,missing_token,FINMIND_TOKEN is not set,92,92,,,,sent,,FinMind request sent with token in query params and/or Authorization header
2026-08-12 15:17:36,api_call,get_stock_data,3563,TaiwanStockPrice,False,,,missing_token,FINMIND_TOKEN is not set,93,93,,,,sent,,FinMind request sent with token in query params and/or Authorization header
2026-08-12 15:17:37,api_call,get_stock_data,3583,TaiwanStockPrice,False,,,missing_token,FINMIND_TOKEN is not set,94,94,,,,sent,,FinMind request sent with token in query params and/or Authorization header
2026-08-12 15:17:38,api_call,get_stock_data,3587,TaiwanStockPrice,False,,,missing_token,FINMIND_TOKEN is not set,95,95,,,,sent,,FinMind request sent with token in query params and/or Authorization header
2026-08-12 15:17:39,api_call,get_stock_data,3605,TaiwanStockPrice,False,,,missing_token,FINMIND_TOKEN is not set,96,96,,,,sent,,FinMind request sent with token in query params and/or Authorization header
2026-08-12 15:17:40,api_call,get_stock_data,3645,TaiwanStockPrice,False,,,missing_token,FINMIND_TOKEN is not set,97,97,,,,sent,,FinMind request sent with token in query params and/or Authorization header
2026-08-12 15:17:41,api_call,get_stock_data,3653,TaiwanStockPrice,False,,,missing_token,FINMIND_TOKEN is not set,98,98,,,,sent,,FinMind request sent with token in query params and/or Authorization header
2026-08-12 15:17:42,api_call,get_stock_data,3661,TaiwanStockPrice,False,,,missing_token,FINMIND_TOKEN is not set,99,99,,,,sent,,FinMind request sent with token in query params and/or Authorization header
2026-08-12 15:17:43,api_call,get_stock_data,3665,TaiwanStockPrice,False,,,missing_token,FINMIND_TOKEN is not set,100,100,,,,sent,,FinMind request sent with token in query params and/or Authorization header
2026-08-12 15:17:44,api_call,get_stock_data,3680,TaiwanStockPrice,False,,,missing_token,FINMIND_TOKEN is not set,101,101,,,,sent,,FinMind request sent with token in query params and/or Authorization header
2026-08-12 15:17:45,api_call,get_stock_data,3701,TaiwanStockPrice,False,,,missing_token,FINMIND_TOKEN is not set,102,102,,,,sent,,FinMind request sent with token in query params and/or Authorization header
2026-08-12 15:17:46,api_call,get_stock_data,3711,TaiwanStockPrice,False,,,missing_token,FINMIND_TOKEN is not set,103,103,,,,sent,,FinMind request sent with token in query params and/or Authorization header
2026-08-12 15:17:47,api_call,get_stock_data,3715,TaiwanStockPrice,False,,,missing_token,FINMIND_TOKEN is not set,104,104,,,,sent,,FinMind request sent with token in query params and/or Authorization header
2026-08-12 15:17:48,api_call,get_stock_data,4749,TaiwanStockPrice,False,,,missing_token,FINMIND_TOKEN is not set,105,105,,,,sent,,FinMind request sent with token in query params and/or Authorization header
2026-08-12 15:17:49,api_call,get_stock_data,4772,TaiwanStockPrice,False,,,missing_token,FINMIND_TOKEN is not set,106,106,,,,sent,,FinMind request sent with token in query params and/or Authorization header
2026-08-12 15:17:50,api_call,get_stock_data,4931,TaiwanStockPrice,False,,,missing_token,FINMIND_TOKEN is not set,107,107,,,,sent,,FinMind request sent with token in query params and/or Authorization header
2026-08-12 15:17:51,api_call,get_stock_data,4958,TaiwanStockPrice,False,,,missing_token,FINMIND_TOKEN is not set,108,108,,,,sent,,FinMind request sent with token in query params and/or Authorization header
2026-08-12 15:17:52,api_call,get_stock_data,4971,TaiwanStockPrice,False,,,missing_token,FINMIND_TOKEN is not set,109,109,,,,sent,,FinMind request sent with token in query params and/or Authorization header
2026-08-12 15:17:53,api_call,get_stock_data,4977,TaiwanStockPrice,False,,,missing_token,FINMIND_TOKEN is not set,110,110,,,,sent,,FinMind request sent with token in query params and/or Authorization header
2026-08-12 15:17:54,api_call,get_stock_data,4979,TaiwanStockPrice,False,,,missing_token,FINMIND_TOKEN is not set,111,111,,,,sent,,FinMind request sent with token in query params and/or Authorization header
2026-08-12 15:17:55,api_call,get_stock_data,4991,TaiwanStockPrice,False,,,missing_token,FINMIND_TOKEN is not set,112,112,,,,sent,,FinMind request sent with token in query params and/or Authorization header
2026-08-12 15:17:56,api_call,get_stock_data,5246,TaiwanStockPrice,False,,,missing_token,FINMIND_TOKEN is not set,113,113,,,,sent,,FinMind request sent with token in query params and/or Authorization header
2026-08-12 15:17:57,api_call,get_stock_data,5274,TaiwanStockPrice,False,,,missing_token,FINMIND_TOKEN is not set,114,114,,,,sent,,FinMind request sent with token in query params and/or Authorization header
2026-08-12 15:17:58,api_call,get_stock_data,5285,TaiwanStockPrice,False,,,missing_token,FINMIND_TOKEN is not set,115,115,,,,sent,,FinMind request sent with token in query params and/or Authorization header
2026-08-12 15:17:59,api_call,get_stock_data,5289,TaiwanStockPrice,False,,,missing_token,FINMIND_TOKEN is not set,116,116,,,,sent,,FinMind request sent with token in query params and/or Authorization header
2026-08-12 15:18:00,api_call,get_stock_data,5347,TaiwanStockPrice,False,,,missing_token,FINMIND_TOKEN is not set,117,117,,,,sent,,FinMind request sent with token in query params and/or Authorization header
2026-08-12 15:18:01,api_call,get_stock_data,5443,TaiwanStockPrice,False,,,missing_token,FINMIND_TOKEN is not set,118,118,,,,sent,,FinMind request sent with token in query params and/or Authorization header
2026-08-12 15:18:02,api_call,get_stock_data,5536,TaiwanStockPrice,False,,,missing_token,FINMIND_TOKEN is not set,119,119,,,,sent,,FinMind request sent with token in query params and/or Authorization header
2026-08-12 15:18:03,api_call,get_stock_data,5871,TaiwanStockPrice,False,,,missing_token,FINMIND_TOKEN is not set,120,120,,,,sent,,FinMind request sent with token in query params and/or Authorization header
2026-08-12 15:18:04,api_call,get_stock_data,6005,TaiwanStockPrice,False,,,missing_token,FINMIND_TOKEN is not set,121,121,,,,sent,,FinMind request sent with token in query params and/or Authorization header
2026-08-12 15:18:05,api_call,get_stock_data,6139,TaiwanStockPrice,False,,,missing_token,FINMIND_TOKEN is not set,122,122,,,,sent,,FinMind request sent with token in query params and/or Authorization header
2026-08-12 15:18:06,api_call,get_stock_data,6174,TaiwanStockPrice,False,,,missing_token,FINMIND_TOKEN is not set,123,123,,,,sent,,FinMind request sent with token in query params and/or Authorization header
2026-08-12 15:18:07,api_call,get_stock_data,6187,TaiwanStockPrice,False,,,missing_token,FINMIND_TOKEN is not set,124,124,,,,sent,,FinMind request sent with token in query params and/or Authorization header
2026-08-12 15:18:09,api_call,get_stock_data,6196,TaiwanStockPrice,False,,,missing_token,FINMIND_TOKEN is not set,125,125,,,,sent,,FinMind request sent with token in query params and/or Authorization header
2026-08-12 15:18:10,api_call,get_stock_data,6197,TaiwanStockPrice,False,,,missing_token,FINMIND_TOKEN is not set,126,126,,,,sent,,FinMind request sent with token in query params and/or Authorization header
2026-08-12 15:18:11,api_call,get_stock_data,6213,TaiwanStockPrice,False,,,missing_token,FINMIND_TOKEN is not set,127,127,,,,sent,,FinMind request sent with token in query params and/or Authorization header
2026-08-12 15:18:12,api_call,get_stock_data,6217,TaiwanStockPrice,False,,,missing_token,FINMIND_TOKEN is not set,128,128,,,,sent,,FinMind request sent with token in query params and/or Authorization header
2026-08-12 15:18:13,api_call,get_stock_data,6223,TaiwanStockPrice,False,,,missing_token,FINMIND_TOKEN is not set,129,129,,,,sent,,FinMind request sent with token in query params and/or Authorization header
2026-08-12 15:18:14,api_call,get_stock_data,6239,TaiwanStockPrice,False,,,missing_token,FINMIND_TOKEN is not set,130,130,,,,sent,,FinMind request sent with token in query params and/or Authorization header
2026-08-12 15:18:15,api_call,get_stock_data,6243,TaiwanStockPrice,False,,,missing_token,FINMIND_TOKEN is not set,131,131,,,,sent,,FinMind request sent with token in query params and/or Authorization header
2026-08-12 15:18:16,api_call,get_stock_data,6257,TaiwanStockPrice,False,,,missing_token,FINMIND_TOKEN is not set,132,132,,,,sent,,FinMind request sent with token in query params and/or Authorization header
2026-08-12 15:18:17,api_call,get_stock_data,6274,TaiwanStockPrice,False,,,missing_token,FINMIND_TOKEN is not set,133,133,,,,sent,,FinMind request sent with token in query params and/or Authorization header
2026-08-12 15:18:18,api_call,get_stock_data,6278,TaiwanStockPrice,False,,,missing_token,FINMIND_TOKEN is not set,134,134,,,,sent,,FinMind request sent with token in query params and/or Authorization header
2026-08-12 15:18:19,api_call,get_stock_data,6282,TaiwanStockPrice,False,,,missing_token,FINMIND_TOKEN is not set,135,135,,,,sent,,FinMind request sent with token in query params and/or Authorization header
2026-08-12 15:18:20,api_call,get_stock_data,6285,TaiwanStockPrice,False,,,missing_token,FINMIND_TOKEN is not set,136,136,,,,sent,,FinMind request sent with token in query params and/or Authorization header
2026-08-12 15:18:21,api_call,get_stock_data,6291,TaiwanStockPrice,False,,,missing_token,FINMIND_TOKEN is not set,137,137,,,,sent,,FinMind request sent with token in query params and/or Authorization header
2026-08-12 15:18:22,api_call,get_stock_data,6412,TaiwanStockPrice,False,,,missing_token,FINMIND_TOKEN is not set,138,138,,,,sent,,FinMind request sent with token in query params and/or Authorization header
2026-08-12 15:18:23,api_call,get_stock_data,6414,TaiwanStockPrice,False,,,missing_token,FINMIND_TOKEN is not set,139,139,,,,sent,,FinMind request sent with token in query params and/or Authorization header
2026-08-12 15:18:24,api_call,get_stock_data,6442,TaiwanStockPrice,False,,,missing_token,FINMIND_TOKEN is not set,140,140,,,,sent,,FinMind request sent with token in query params and/or Authorization header
2026-08-12 15:18:25,api_call,get_stock_data,6451,TaiwanStockPrice,False,,,missing_token,FINMIND_TOKEN is not set,141,141,,,,sent,,FinMind request sent with token in query params and/or Authorization header
2026-08-12 15:18:26,api_call,get_stock_data,6510,TaiwanStockPrice,False,,,missing_token,FINMIND_TOKEN is not set,142,142,,,,sent,,FinMind request sent with token in query params and/or Authorization header
2026-08-12 15:18:27,api_call,get_stock_data,6515,TaiwanStockPrice,False,,,missing_token,FINMIND_TOKEN is not set,143,143,,,,sent,,FinMind request sent with token in query params and/or Authorization header
2026-08-12 15:18:28,api_call,get_stock_data,6526,TaiwanStockPrice,False,,,missing_token,FINMIND_TOKEN is not set,144,144,,,,sent,,FinMind request sent with token in query params and/or Authorization header
2026-08-12 15:18:29,api_call,get_stock_data,6531,TaiwanStockPrice,False,,,missing_token,FINMIND_TOKEN is not set,145,145,,,,sent,,FinMind request sent with token in query params and/or Authorization header
2026-08-12 15:18:30,api_call,get_stock_data,6640,TaiwanStockPrice,False,,,missing_token,FINMIND_TOKEN is not set,146,146,,,,sent,,FinMind request sent with token in query params and/or Authorization header
2026-08-12 15:18:31,api_call,get_stock_data,6643,TaiwanStockPrice,False,,,missing_token,FINMIND_TOKEN is not set,147,147,,,,sent,,FinMind request sent with token in query params and/or Authorization header
2026-08-12 15:18:32,api_call,get_stock_data,6664,TaiwanStockPrice,False,,,missing_token,FINMIND_TOKEN is not set,148,148,,,,sent,,FinMind request sent with token in query params and/or Authorization header
2026-08-12 15:18:33,api_call,get_stock_data,6669,TaiwanStockPrice,False,,,missing_token,FINMIND_TOKEN is not set,149,149,,,,sent,,FinMind request sent with token in query params and/or Authorization header
2026-08-12 15:18:34,api_call,get_stock_data,6672,TaiwanStockPrice,False,,,missing_token,FINMIND_TOKEN is not set,150,150,,,,sent,,FinMind request sent with token in query params and/or Authorization header
2026-08-12 15:18:35,api_call,get_stock_data,6683,TaiwanStockPrice,False,,,missing_token,FINMIND_TOKEN is not set,151,151,,,,sent,,FinMind request sent with token in query params and/or Authorization header
2026-08-12 15:18:36,api_call,get_stock_data,6691,TaiwanStockPrice,False,,,missing_token,FINMIND_TOKEN is not set,152,152,,,,sent,,FinMind request sent with token in query params and/or Authorization header
2026-08-12 15:18:37,api_call,get_stock_data,6693,TaiwanStockPrice,False,,,missing_token,FINMIND_TOKEN is not set,153,153,,,,sent,,FinMind request sent with token in query params and/or Authorization header
2026-08-12 15:18:38,api_call,get_stock_data,6789,TaiwanStockPrice,False,,,missing_token,FINMIND_TOKEN is not set,154,154,,,,sent,,FinMind request sent with token in query params and/or Authorization header
2026-08-12 15:18:39,api_call,get_stock_data,6805,TaiwanStockPrice,False,,,missing_token,FINMIND_TOKEN is not set,155,155,,,,sent,,FinMind request sent with token in query params and/or Authorization header
2026-08-12 15:18:40,api_call,get_stock_data,6862,TaiwanStockPrice,False,,,missing_token,FINMIND_TOKEN is not set,156,156,,,,sent,,FinMind request sent with token in query params and/or Authorization header
2026-08-12 15:18:41,api_call,get_stock_data,6940,TaiwanStockPrice,False,,,missing_token,FINMIND_TOKEN is not set,157,157,,,,sent,,FinMind request sent with token in query params and/or Authorization header
2026-08-12 15:18:42,api_call,get_stock_data,7711,TaiwanStockPrice,False,,,missing_token,FINMIND_TOKEN is not set,158,158,,,,sent,,FinMind request sent with token in query params and/or Authorization header
2026-08-12 15:18:43,api_call,get_stock_data,7717,TaiwanStockPrice,False,,,missing_token,FINMIND_TOKEN is not set,159,159,,,,sent,,FinMind request sent with token in query params and/or Authorization header
2026-08-12 15:18:44,api_call,get_stock_data,7728,TaiwanStockPrice,False,,,missing_token,FINMIND_TOKEN is not set,160,160,,,,sent,,FinMind request sent with token in query params and/or Authorization header
2026-08-12 15:18:45,api_call,get_stock_data,7734,TaiwanStockPrice,False,,,missing_token,FINMIND_TOKEN is not set,161,161,,,,sent,,FinMind request sent with token in query params and/or Authorization header
2026-08-12 15:18:46,api_call,get_stock_data,7769,TaiwanStockPrice,False,,,missing_token,FINMIND_TOKEN is not set,162,162,,,,sent,,FinMind request sent with token in query params and/or Authorization header
2026-08-12 15:18:47,api_call,get_stock_data,7792,TaiwanStockPrice,False,,,missing_token,FINMIND_TOKEN is not set,163,163,,,,sent,,FinMind request sent with token in query params and/or Authorization header
2026-08-12 15:18:48,api_call,get_stock_data,7828,TaiwanStockPrice,False,,,missing_token,FINMIND_TOKEN is not set,164,164,,,,sent,,FinMind request sent with token in query params and/or Authorization header
2026-08-12 15:18:49,api_call,get_stock_data,7856,TaiwanStockPrice,False,,,missing_token,FINMIND_TOKEN is not set,165,165,,,,sent,,FinMind request sent with token in query params and/or Authorization header
2026-08-12 15:18:50,api_call,get_stock_data,7899,TaiwanStockPrice,False,,,missing_token,FINMIND_TOKEN is not set,166,166,,,,sent,,FinMind request sent with token in query params and/or Authorization header
2026-08-12 15:18:51,api_call,get_stock_data,8021,TaiwanStockPrice,False,,,missing_token,FINMIND_TOKEN is not set,167,167,,,,sent,,FinMind request sent with token in query params and/or Authorization header
2026-08-12 15:18:52,api_call,get_stock_data,8027,TaiwanStockPrice,False,,,missing_token,FINMIND_TOKEN is not set,168,168,,,,sent,,FinMind request sent with token in query params and/or Authorization header
2026-08-12 15:18:53,api_call,get_stock_data,8028,TaiwanStockPrice,False,,,missing_token,FINMIND_TOKEN is not set,169,169,,,,sent,,FinMind request sent with token in query params and/or Authorization header
2026-08-12 15:18:54,api_call,get_stock_data,8043,TaiwanStockPrice,False,,,missing_token,FINMIND_TOKEN is not set,170,170,,,,sent,,FinMind request sent with token in query params and/or Authorization header
2026-08-12 15:18:55,api_call,get_stock_data,8046,TaiwanStockPrice,False,,,missing_token,FINMIND_TOKEN is not set,171,171,,,,sent,,FinMind request sent with token in query params and/or Authorization header
2026-08-12 15:18:56,api_call,get_stock_data,8070,TaiwanStockPrice,False,,,missing_token,FINMIND_TOKEN is not set,172,172,,,,sent,,FinMind request sent with token in query params and/or Authorization header
2026-08-12 15:18:57,api_call,get_stock_data,8155,TaiwanStockPrice,False,,,missing_token,FINMIND_TOKEN is not set,173,173,,,,sent,,FinMind request sent with token in query params and/or Authorization header
2026-08-12 15:18:58,api_call,get_stock_data,8289,TaiwanStockPrice,False,,,missing_token,FINMIND_TOKEN is not set,174,174,,,,sent,,FinMind request sent with token in query params and/or Authorization header
2026-08-12 15:18:59,api_call,get_stock_data,8299,TaiwanStockPrice,False,,,missing_token,FINMIND_TOKEN is not set,175,175,,,,sent,,FinMind request sent with token in query params and/or Authorization header
2026-08-12 15:19:00,api_call,get_stock_data,8358,TaiwanStockPrice,False,,,missing_token,FINMIND_TOKEN is not set,176,176,,,,sent,,FinMind request sent with token in query params and/or Authorization header
2026-08-12 15:19:01,api_call,get_stock_data,8996,TaiwanStockPrice,False,,,missing_token,FINMIND_TOKEN is not set,177,177,,,,sent,,FinMind request sent with token in query params and/or Authorization header
2026-08-12 15:19:03,api_call,get_stock_data,009816,TaiwanStockPrice,False,,,missing_token,FINMIND_TOKEN is not set,178,178,,,,sent,,FinMind request sent with token in query params and/or Authorization header
2026-08-12 15:19:03,api_call,get_stock_data,009820,TaiwanStockPrice,False,,,missing_token,FINMIND_TOKEN is not set,179,179,,,,sent,,FinMind request sent with token in query params and/or Authorization header
2026-08-12 15:19:04,api_call,get_stock_data,009823,TaiwanStockPrice,False,,,missing_token,FINMIND_TOKEN is not set,180,180,,,,sent,,FinMind request sent with token in query params and/or Authorization header
2026-08-12 15:19:05,api_call,get_stock_data,009824,TaiwanStockPrice,False,,,missing_token,FINMIND_TOKEN is not set,181,181,,,,sent,,FinMind request sent with token in query params and/or Authorization header
2026-08-12 15:19:06,api_call,get_stock_data,00631L,TaiwanStockPrice,False,,,missing_token,FINMIND_TOKEN is not set,182,182,,,,sent,,FinMind request sent with token in query params and/or Authorization header
2026-08-12 15:19:07,api_call,get_stock_data,00679B,TaiwanStockPrice,False,,,missing_token,FINMIND_TOKEN is not set,183,183,,,,sent,,FinMind request sent with token in query params and/or Authorization header
2026-08-12 15:19:08,api_call,get_stock_data,00685L,TaiwanStockPrice,False,,,missing_token,FINMIND_TOKEN is not set,184,184,,,,sent,,FinMind request sent with token in query params and/or Authorization header
2026-08-12 15:19:09,api_call,get_stock_data,00687B,TaiwanStockPrice,False,,,missing_token,FINMIND_TOKEN is not set,185,185,,,,sent,,FinMind request sent with token in query params and/or Authorization header
2026-08-12 15:19:10,api_call,get_stock_data,00937B,TaiwanStockPrice,False,,,missing_token,FINMIND_TOKEN is not set,186,186,,,,sent,,FinMind request sent with token in query params and/or Authorization header
2026-08-12 15:19:11,api_call,get_stock_data,00942B,TaiwanStockPrice,False,,,missing_token,FINMIND_TOKEN is not set,187,187,,,,sent,,FinMind request sent with token in query params and/or Authorization header
2026-08-12 15:19:12,api_call,get_stock_data,00953B,TaiwanStockPrice,False,,,missing_token,FINMIND_TOKEN is not set,188,188,,,,sent,,FinMind request sent with token in query params and/or Authorization header
2026-08-12 15:19:14,api_call,get_stock_data,00981A,TaiwanStockPrice,False,,,missing_token,FINMIND_TOKEN is not set,189,189,,,,sent,,FinMind request sent with token in query params and/or Authorization header
2026-08-12 15:19:15,api_call,get_stock_data,00987A,TaiwanStockPrice,False,,,missing_token,FINMIND_TOKEN is not set,190,190,,,,sent,,FinMind request sent with token in query params and/or Authorization header
2026-08-12 15:19:15,api_call,get_stock_data,00991A,TaiwanStockPrice,False,,,missing_token,FINMIND_TOKEN is not set,191,191,,,,sent,,FinMind request sent with token in query params and/or Authorization header
2026-08-12 15:19:16,api_call,CB daily overview,,TaiwanStockConvertibleBondDailyOverview,False,,,missing_token,FINMIND_TOKEN is not set,192,1,,,,sent,,FinMind request sent with token in query params and/or Authorization header
2026-08-12 15:19:17,api_call,CB daily overview,,TaiwanStockConvertibleBondDailyOverview,False,,,missing_token,FINMIND_TOKEN is not set,193,2,,,,sent,,FinMind request sent with token in query params and/or Authorization header
2026-08-12 15:19:18,api_call,CB daily overview,,TaiwanStockConvertibleBondDailyOverview,False,,,missing_token,FINMIND_TOKEN is not set,194,3,,,,sent,,FinMind request sent with token in query params and/or Authorization header
2026-08-12 15:19:19,api_call,CB daily overview,,TaiwanStockConvertibleBondDailyOverview,False,,,missing_token,FINMIND_TOKEN is not set,195,4,,,,sent,,FinMind request sent with token in query params and/or Authorization header
2026-08-12 15:19:20,api_call,CB daily overview,,TaiwanStockConvertibleBondDailyOverview,False,,,missing_token,FINMIND_TOKEN is not set,196,5,,,,sent,,FinMind request sent with token in query params and/or Authorization header
2026-08-12 15:19:21,api_call,CB daily overview,,TaiwanStockConvertibleBondDailyOverview,False,,,missing_token,FINMIND_TOKEN is not set,197,6,,,,sent,,FinMind request sent with token in query params and/or Authorization header
2026-08-12 15:19:22,api_call,CB daily overview,,TaiwanStockConvertibleBondDailyOverview,False,,,missing_token,FINMIND_TOKEN is not set,198,7,,,,sent,,FinMind request sent with token in query params and/or Authorization header
2026-08-12 15:19:23,api_call,CB daily overview,,TaiwanStockConvertibleBondDailyOverview,False,,,missing_token,FINMIND_TOKEN is not set,199,8,,,,sent,,FinMind request sent with token in query params and/or Authorization header
2026-08-12 15:19:24,api_call,CB daily overview,,TaiwanStockConvertibleBondDailyOverview,False,,,missing_token,FINMIND_TOKEN is not set,200,9,,,,sent,,FinMind request sent with token in query params and/or Authorization header
2026-08-12 15:19:25,api_call,CB daily overview,,TaiwanStockConvertibleBondDailyOverview,False,,,missing_token,FINMIND_TOKEN is not set,201,10,,,,sent,,FinMind request sent with token in query params and/or Authorization header
2026-08-12 15:19:26,api_call,market_total_chips,total,TaiwanStockTotalMarginPurchaseShortSale,False,,,missing_token,FINMIND_TOKEN is not set,202,1,,,,sent,,FinMind request sent with token in query params and/or Authorization header
2026-08-12 15:19:27,api_call,market_total_chips,total,TaiwanStockTotalInstitutionalInvestors,False,,,missing_token,FINMIND_TOKEN is not set,203,1,,,,sent,,FinMind request sent with token in query params and/or Authorization header
2026-08-12 15:19:29,api_call,get_index_ohlc_data,TAIEX,TaiwanStockPrice,False,,,missing_token,FINMIND_TOKEN is not set,204,192,,,,sent,,FinMind request sent with token in query params and/or Authorization header
2026-08-12 15:19:31,api_call,get_index_ohlc_data,TPEx,TaiwanStockTotalReturnIndex,False,,,missing_token,FINMIND_TOKEN is not set,205,1,,,,sent,,FinMind request sent with token in query params and/or Authorization header
2026-08-13 13:59:25,api_call,profit source,5536,TaiwanStockFinancialStatements,False,,,not_checked,login not checked in this process yet,1,1,,,,sent,,FinMind request sent with token in query params and/or Authorization header
2026-08-13 14:01:40,generate_static_start,generate_static_csv,,,False,,,missing_token,FINMIND_TOKEN is not set,0,0,,,,missing_token,,"incremental=1, output=AllStatic.csv, token=, existing_rows=321"
2026-08-13 14:01:41,token_check,generate_static_csv,,,False,,,missing_token,FINMIND_TOKEN is not set,0,0,,,,missing_token,,FINMIND_TOKEN is not set
2026-08-13 14:01:42,api_call,EPS source,5536,TaiwanStockFinancialStatements,False,,,missing_token,FINMIND_TOKEN is not set,1,1,,,,sent,,FinMind request sent with token in query params and/or Authorization header
2026-08-13 14:01:43,api_call,profit source,5536,TaiwanStockFinancialStatements,False,,,missing_token,FINMIND_TOKEN is not set,2,2,,,,sent,,FinMind request sent with token in query params and/or Authorization header
2026-08-13 14:01:44,api_call,balance sheet source,5536,TaiwanStockBalanceSheet,False,,,missing_token,FINMIND_TOKEN is not set,3,1,,,,sent,,FinMind request sent with token in query params and/or Authorization header
2026-08-13 14:01:45,api_call,revenue source,5536,TaiwanStockMonthRevenue,False,,,missing_token,FINMIND_TOKEN is not set,4,1,,,,sent,,FinMind request sent with token in query params and/or Authorization header
2026-08-13 14:01:46,api_call,profit source,5536,TaiwanStockFinancialStatements,False,,,missing_token,FINMIND_TOKEN is not set,5,3,,,,sent,,FinMind request sent with token in query params and/or Authorization header
2026-08-13 14:01:47,api_call,PER/PBR 90D,5536,TaiwanStockPER,False,,,missing_token,FINMIND_TOKEN is not set,6,1,,,,sent,,FinMind request sent with token in query params and/or Authorization header
2026-08-13 14:01:48,api_call,disposition period,5536,TaiwanStockDispositionSecuritiesPeriod,False,,,missing_token,FINMIND_TOKEN is not set,7,1,,,,sent,,FinMind request sent with token in query params and/or Authorization header
2026-08-13 14:01:49,generate_static_end,generate_static_csv,,,False,,,missing_token,FINMIND_TOKEN is not set,7,0,,,,completed,,"incremental=1, updated=1, reused=0, output=AllStatic.csv"
2026-08-13 16:28:45,api_call,get_stock_data,0056,TaiwanStockPrice,False,,,missing_token,FINMIND_TOKEN is not set,1,1,,,,sent,,FinMind request sent with token in query params and/or Authorization header
2026-08-13 16:28:46,api_call,get_stock_data,00878,TaiwanStockPrice,False,,,missing_token,FINMIND_TOKEN is not set,2,2,,,,sent,,FinMind request sent with token in query params and/or Authorization header
2026-08-13 16:28:47,api_call,get_stock_data,00892,TaiwanStockPrice,False,,,missing_token,FINMIND_TOKEN is not set,3,3,,,,sent,,FinMind request sent with token in query params and/or Authorization header
2026-08-13 16:28:48,api_call,get_stock_data,00919,TaiwanStockPrice,False,,,missing_token,FINMIND_TOKEN is not set,4,4,,,,sent,,FinMind request sent with token in query params and/or Authorization header
2026-08-13 16:28:49,api_call,get_stock_data,00941,TaiwanStockPrice,False,,,missing_token,FINMIND_TOKEN is not set,5,5,,,,sent,,FinMind request sent with token in query params and/or Authorization header
2026-08-13 16:28:50,api_call,get_stock_data,1101,TaiwanStockPrice,False,,,missing_token,FINMIND_TOKEN is not set,6,6,,,,sent,,FinMind request sent with token in query params and/or Authorization header
2026-08-13 16:28:51,api_call,get_stock_data,1102,TaiwanStockPrice,False,,,missing_token,FINMIND_TOKEN is not set,7,7,,,,sent,,FinMind request sent with token in query params and/or Authorization header
2026-08-13 16:28:52,api_call,get_stock_data,1210,TaiwanStockPrice,False,,,missing_token,FINMIND_TOKEN is not set,8,8,,,,sent,,FinMind request sent with token in query params and/or Authorization header
2026-08-13 16:28:53,api_call,get_stock_data,1216,TaiwanStockPrice,False,,,missing_token,FINMIND_TOKEN is not set,9,9,,,,sent,,FinMind request sent with token in query params and/or Authorization header
2026-08-13 16:28:54,api_call,get_stock_data,1229,TaiwanStockPrice,False,,,missing_token,FINMIND_TOKEN is not set,10,10,,,,sent,,FinMind request sent with token in query params and/or Authorization header
2026-08-13 16:28:56,api_call,get_stock_data,1301,TaiwanStockPrice,False,,,missing_token,FINMIND_TOKEN is not set,11,11,,,,sent,,FinMind request sent with token in query params and/or Authorization header
2026-08-13 16:28:57,api_call,get_stock_data,1303,TaiwanStockPrice,False,,,missing_token,FINMIND_TOKEN is not set,12,12,,,,sent,,FinMind request sent with token in query params and/or Authorization header
2026-08-13 16:28:58,api_call,get_stock_data,1319,TaiwanStockPrice,False,,,missing_token,FINMIND_TOKEN is not set,13,13,,,,sent,,FinMind request sent with token in query params and/or Authorization header
2026-08-13 16:28:59,api_call,get_stock_data,1326,TaiwanStockPrice,False,,,missing_token,FINMIND_TOKEN is not set,14,14,,,,sent,,FinMind request sent with token in query params and/or Authorization header
2026-08-13 16:29:00,api_call,get_stock_data,1402,TaiwanStockPrice,False,,,missing_token,FINMIND_TOKEN is not set,15,15,,,,sent,,FinMind request sent with token in query params and/or Authorization header
2026-08-13 16:29:01,api_call,get_stock_data,1476,TaiwanStockPrice,False,,,missing_token,FINMIND_TOKEN is not set,16,16,,,,sent,,FinMind request sent with token in query params and/or Authorization header
2026-08-13 16:29:02,api_call,get_stock_data,1477,TaiwanStockPrice,False,,,missing_token,FINMIND_TOKEN is not set,17,17,,,,sent,,FinMind request sent with token in query params and/or Authorization header
2026-08-13 16:29:03,api_call,get_stock_data,1503,TaiwanStockPrice,False,,,missing_token,FINMIND_TOKEN is not set,18,18,,,,sent,,FinMind request sent with token in query params and/or Authorization header
2026-08-13 16:29:04,api_call,get_stock_data,1504,TaiwanStockPrice,False,,,missing_token,FINMIND_TOKEN is not set,19,19,,,,sent,,FinMind request sent with token in query params and/or Authorization header
2026-08-13 16:29:05,api_call,get_stock_data,1513,TaiwanStockPrice,False,,,missing_token,FINMIND_TOKEN is not set,20,20,,,,sent,,FinMind request sent with token in query params and/or Authorization header
2026-08-13 16:29:06,api_call,get_stock_data,1514,TaiwanStockPrice,False,,,missing_token,FINMIND_TOKEN is not set,21,21,,,,sent,,FinMind request sent with token in query params and/or Authorization header
2026-08-13 16:29:07,api_call,get_stock_data,1519,TaiwanStockPrice,False,,,missing_token,FINMIND_TOKEN is not set,22,22,,,,sent,,FinMind request sent with token in query params and/or Authorization header
2026-08-13 16:29:08,api_call,get_stock_data,1532,TaiwanStockPrice,False,,,missing_token,FINMIND_TOKEN is not set,23,23,,,,sent,,FinMind request sent with token in query params and/or Authorization header
2026-08-13 16:29:09,api_call,get_stock_data,1560,TaiwanStockPrice,False,,,missing_token,FINMIND_TOKEN is not set,24,24,,,,sent,,FinMind request sent with token in query params and/or Authorization header
2026-08-13 16:29:10,api_call,get_stock_data,1590,TaiwanStockPrice,False,,,missing_token,FINMIND_TOKEN is not set,25,25,,,,sent,,FinMind request sent with token in query params and/or Authorization header
2026-08-13 16:29:11,api_call,get_stock_data,1597,TaiwanStockPrice,False,,,missing_token,FINMIND_TOKEN is not set,26,26,,,,sent,,FinMind request sent with token in query params and/or Authorization header
2026-08-13 16:29:12,api_call,get_stock_data,1605,TaiwanStockPrice,False,,,missing_token,FINMIND_TOKEN is not set,27,27,,,,sent,,FinMind request sent with token in query params and/or Authorization header
2026-08-13 16:29:13,api_call,get_stock_data,1717,TaiwanStockPrice,False,,,missing_token,FINMIND_TOKEN is not set,28,28,,,,sent,,FinMind request sent with token in query params and/or Authorization header
2026-08-13 16:29:14,api_call,get_stock_data,1722,TaiwanStockPrice,False,,,missing_token,FINMIND_TOKEN is not set,29,29,,,,sent,,FinMind request sent with token in query params and/or Authorization header
2026-08-13 16:29:15,api_call,get_stock_data,1727,TaiwanStockPrice,False,,,missing_token,FINMIND_TOKEN is not set,30,30,,,,sent,,FinMind request sent with token in query params and/or Authorization header
2026-08-13 16:29:16,api_call,get_stock_data,1760,TaiwanStockPrice,False,,,missing_token,FINMIND_TOKEN is not set,31,31,,,,sent,,FinMind request sent with token in query params and/or Authorization header
2026-08-13 16:29:17,api_call,get_stock_data,1773,TaiwanStockPrice,False,,,missing_token,FINMIND_TOKEN is not set,32,32,,,,sent,,FinMind request sent with token in query params and/or Authorization header
2026-08-13 16:29:18,api_call,get_stock_data,1795,TaiwanStockPrice,False,,,missing_token,FINMIND_TOKEN is not set,33,33,,,,sent,,FinMind request sent with token in query params and/or Authorization header
2026-08-13 16:29:19,api_call,get_stock_data,1802,TaiwanStockPrice,False,,,missing_token,FINMIND_TOKEN is not set,34,34,,,,sent,,FinMind request sent with token in query params and/or Authorization header
2026-08-13 16:29:20,api_call,get_stock_data,1907,TaiwanStockPrice,False,,,missing_token,FINMIND_TOKEN is not set,35,35,,,,sent,,FinMind request sent with token in query params and/or Authorization header
2026-08-13 16:29:21,api_call,get_stock_data,2002,TaiwanStockPrice,False,,,missing_token,FINMIND_TOKEN is not set,36,36,,,,sent,,FinMind request sent with token in query params and/or Authorization header
2026-08-13 16:29:22,api_call,get_stock_data,2006,TaiwanStockPrice,False,,,missing_token,FINMIND_TOKEN is not set,37,37,,,,sent,,FinMind request sent with token in query params and/or Authorization header
2026-08-13 16:29:23,api_call,get_stock_data,2027,TaiwanStockPrice,False,,,missing_token,FINMIND_TOKEN is not set,38,38,,,,sent,,FinMind request sent with token in query params and/or Authorization header
2026-08-13 16:29:24,api_call,get_stock_data,2049,TaiwanStockPrice,False,,,missing_token,FINMIND_TOKEN is not set,39,39,,,,sent,,FinMind request sent with token in query params and/or Authorization header
2026-08-13 16:29:25,api_call,get_stock_data,2059,TaiwanStockPrice,False,,,missing_token,FINMIND_TOKEN is not set,40,40,,,,sent,,FinMind request sent with token in query params and/or Authorization header
2026-08-13 16:29:26,api_call,get_stock_data,2105,TaiwanStockPrice,False,,,missing_token,FINMIND_TOKEN is not set,41,41,,,,sent,,FinMind request sent with token in query params and/or Authorization header
2026-08-13 16:29:27,api_call,get_stock_data,2206,TaiwanStockPrice,False,,,missing_token,FINMIND_TOKEN is not set,42,42,,,,sent,,FinMind request sent with token in query params and/or Authorization header
2026-08-13 16:29:28,api_call,get_stock_data,2207,TaiwanStockPrice,False,,,missing_token,FINMIND_TOKEN is not set,43,43,,,,sent,,FinMind request sent with token in query params and/or Authorization header
2026-08-13 16:29:29,api_call,get_stock_data,2233,TaiwanStockPrice,False,,,missing_token,FINMIND_TOKEN is not set,44,44,,,,sent,,FinMind request sent with token in query params and/or Authorization header
2026-08-13 16:29:30,api_call,get_stock_data,2258,TaiwanStockPrice,False,,,missing_token,FINMIND_TOKEN is not set,45,45,,,,sent,,FinMind request sent with token in query params and/or Authorization header
2026-08-13 16:29:31,api_call,get_stock_data,2301,TaiwanStockPrice,False,,,missing_token,FINMIND_TOKEN is not set,46,46,,,,sent,,FinMind request sent with token in query params and/or Authorization header
2026-08-13 16:29:32,api_call,get_stock_data,2303,TaiwanStockPrice,False,,,missing_token,FINMIND_TOKEN is not set,47,47,,,,sent,,FinMind request sent with token in query params and/or Authorization header
2026-08-13 16:29:33,api_call,get_stock_data,2308,TaiwanStockPrice,False,,,missing_token,FINMIND_TOKEN is not set,48,48,,,,sent,,FinMind request sent with token in query params and/or Authorization header
2026-08-13 16:29:34,api_call,get_stock_data,2312,TaiwanStockPrice,False,,,missing_token,FINMIND_TOKEN is not set,49,49,,,,sent,,FinMind request sent with token in query params and/or Authorization header
2026-08-13 16:29:36,api_call,get_stock_data,2313,TaiwanStockPrice,False,,,missing_token,FINMIND_TOKEN is not set,50,50,,,,sent,,FinMind request sent with token in query params and/or Authorization header
2026-08-13 16:29:37,api_call,get_stock_data,2317,TaiwanStockPrice,False,,,missing_token,FINMIND_TOKEN is not set,51,51,,,,sent,,FinMind request sent with token in query params and/or Authorization header
2026-08-13 16:29:38,api_call,get_stock_data,2324,TaiwanStockPrice,False,,,missing_token,FINMIND_TOKEN is not set,52,52,,,,sent,,FinMind request sent with token in query params and/or Authorization header
2026-08-13 16:29:39,api_call,get_stock_data,2327,TaiwanStockPrice,False,,,missing_token,FINMIND_TOKEN is not set,53,53,,,,sent,,FinMind request sent with token in query params and/or Authorization header
2026-08-13 16:29:40,api_call,get_stock_data,2330,TaiwanStockPrice,False,,,missing_token,FINMIND_TOKEN is not set,54,54,,,,sent,,FinMind request sent with token in query params and/or Authorization header
2026-08-13 16:29:41,api_call,get_stock_data,2337,TaiwanStockPrice,False,,,missing_token,FINMIND_TOKEN is not set,55,55,,,,sent,,FinMind request sent with token in query params and/or Authorization header
2026-08-13 16:29:42,api_call,get_stock_data,2344,TaiwanStockPrice,False,,,missing_token,FINMIND_TOKEN is not set,56,56,,,,sent,,FinMind request sent with token in query params and/or Authorization header
2026-08-13 16:29:43,api_call,get_stock_data,2345,TaiwanStockPrice,False,,,missing_token,FINMIND_TOKEN is not set,57,57,,,,sent,,FinMind request sent with token in query params and/or Authorization header
2026-08-13 16:29:44,api_call,get_stock_data,2347,TaiwanStockPrice,False,,,missing_token,FINMIND_TOKEN is not set,58,58,,,,sent,,FinMind request sent with token in query params and/or Authorization header
2026-08-13 16:29:45,api_call,get_stock_data,2352,TaiwanStockPrice,False,,,missing_token,FINMIND_TOKEN is not set,59,59,,,,sent,,FinMind request sent with token in query params and/or Authorization header
2026-08-13 16:29:46,api_call,get_stock_data,2353,TaiwanStockPrice,False,,,missing_token,FINMIND_TOKEN is not set,60,60,,,,sent,,FinMind request sent with token in query params and/or Authorization header
2026-08-13 16:29:47,api_call,get_stock_data,2354,TaiwanStockPrice,False,,,missing_token,FINMIND_TOKEN is not set,61,61,,,,sent,,FinMind request sent with token in query params and/or Authorization header
2026-08-13 16:29:48,api_call,get_stock_data,2356,TaiwanStockPrice,False,,,missing_token,FINMIND_TOKEN is not set,62,62,,,,sent,,FinMind request sent with token in query params and/or Authorization header
2026-08-13 16:29:49,api_call,get_stock_data,2357,TaiwanStockPrice,False,,,missing_token,FINMIND_TOKEN is not set,63,63,,,,sent,,FinMind request sent with token in query params and/or Authorization header
2026-08-13 16:29:50,api_call,get_stock_data,2360,TaiwanStockPrice,False,,,missing_token,FINMIND_TOKEN is not set,64,64,,,,sent,,FinMind request sent with token in query params and/or Authorization header
2026-08-13 16:29:51,api_call,get_stock_data,2368,TaiwanStockPrice,False,,,missing_token,FINMIND_TOKEN is not set,65,65,,,,sent,,FinMind request sent with token in query params and/or Authorization header
2026-08-13 16:29:52,api_call,get_stock_data,2371,TaiwanStockPrice,False,,,missing_token,FINMIND_TOKEN is not set,66,66,,,,sent,,FinMind request sent with token in query params and/or Authorization header
2026-08-13 16:29:53,api_call,get_stock_data,2376,TaiwanStockPrice,False,,,missing_token,FINMIND_TOKEN is not set,67,67,,,,sent,,FinMind request sent with token in query params and/or Authorization header
2026-08-13 16:29:54,api_call,get_stock_data,2377,TaiwanStockPrice,False,,,missing_token,FINMIND_TOKEN is not set,68,68,,,,sent,,FinMind request sent with token in query params and/or Authorization header
2026-08-13 16:29:55,api_call,get_stock_data,2379,TaiwanStockPrice,False,,,missing_token,FINMIND_TOKEN is not set,69,69,,,,sent,,FinMind request sent with token in query params and/or Authorization header
2026-08-13 16:29:56,api_call,get_stock_data,2382,TaiwanStockPrice,False,,,missing_token,FINMIND_TOKEN is not set,70,70,,,,sent,,FinMind request sent with token in query params and/or Authorization header
2026-08-13 16:29:57,api_call,get_stock_data,2383,TaiwanStockPrice,False,,,missing_token,FINMIND_TOKEN is not set,71,71,,,,sent,,FinMind request sent with token in query params and/or Authorization header
2026-08-13 16:29:58,api_call,get_stock_data,2385,TaiwanStockPrice,False,,,missing_token,FINMIND_TOKEN is not set,72,72,,,,sent,,FinMind request sent with token in query params and/or Authorization header
2026-08-13 16:29:59,api_call,get_stock_data,2395,TaiwanStockPrice,False,,,missing_token,FINMIND_TOKEN is not set,73,73,,,,sent,,FinMind request sent with token in query params and/or Authorization header
2026-08-13 16:30:01,api_call,get_stock_data,2402,TaiwanStockPrice,False,,,missing_token,FINMIND_TOKEN is not set,74,74,,,,sent,,FinMind request sent with token in query params and/or Authorization header
2026-08-13 16:30:02,api_call,get_stock_data,2404,TaiwanStockPrice,False,,,missing_token,FINMIND_TOKEN is not set,75,75,,,,sent,,FinMind request sent with token in query params and/or Authorization header
2026-08-13 16:30:03,api_call,get_stock_data,2408,TaiwanStockPrice,False,,,missing_token,FINMIND_TOKEN is not set,76,76,,,,sent,,FinMind request sent with token in query params and/or Authorization header
2026-08-13 16:30:04,api_call,get_stock_data,2409,TaiwanStockPrice,False,,,missing_token,FINMIND_TOKEN is not set,77,77,,,,sent,,FinMind request sent with token in query params and/or Authorization header
2026-08-13 16:30:05,api_call,get_stock_data,2412,TaiwanStockPrice,False,,,missing_token,FINMIND_TOKEN is not set,78,78,,,,sent,,FinMind request sent with token in query params and/or Authorization header
2026-08-13 16:30:06,api_call,get_stock_data,2441,TaiwanStockPrice,False,,,missing_token,FINMIND_TOKEN is not set,79,79,,,,sent,,FinMind request sent with token in query params and/or Authorization header
2026-08-13 16:30:07,api_call,get_stock_data,2449,TaiwanStockPrice,False,,,missing_token,FINMIND_TOKEN is not set,80,80,,,,sent,,FinMind request sent with token in query params and/or Authorization header
2026-08-13 16:30:08,api_call,get_stock_data,2451,TaiwanStockPrice,False,,,missing_token,FINMIND_TOKEN is not set,81,81,,,,sent,,FinMind request sent with token in query params and/or Authorization header
2026-08-13 16:30:09,api_call,get_stock_data,2454,TaiwanStockPrice,False,,,missing_token,FINMIND_TOKEN is not set,82,82,,,,sent,,FinMind request sent with token in query params and/or Authorization header
2026-08-13 16:30:10,api_call,get_stock_data,2455,TaiwanStockPrice,False,,,missing_token,FINMIND_TOKEN is not set,83,83,,,,sent,,FinMind request sent with token in query params and/or Authorization header
2026-08-13 16:30:11,api_call,get_stock_data,2458,TaiwanStockPrice,False,,,missing_token,FINMIND_TOKEN is not set,84,84,,,,sent,,FinMind request sent with token in query params and/or Authorization header
2026-08-13 16:30:12,api_call,get_stock_data,2464,TaiwanStockPrice,False,,,missing_token,FINMIND_TOKEN is not set,85,85,,,,sent,,FinMind request sent with token in query params and/or Authorization header
2026-08-13 16:30:13,api_call,get_stock_data,2467,TaiwanStockPrice,False,,,missing_token,FINMIND_TOKEN is not set,86,86,,,,sent,,FinMind request sent with token in query params and/or Authorization header
2026-08-13 16:30:14,api_call,get_stock_data,2474,TaiwanStockPrice,False,,,missing_token,FINMIND_TOKEN is not set,87,87,,,,sent,,FinMind request sent with token in query params and/or Authorization header
2026-08-13 16:30:15,api_call,get_stock_data,2481,TaiwanStockPrice,False,,,missing_token,FINMIND_TOKEN is not set,88,88,,,,sent,,FinMind request sent with token in query params and/or Authorization header
2026-08-13 16:30:16,api_call,get_stock_data,2486,TaiwanStockPrice,False,,,missing_token,FINMIND_TOKEN is not set,89,89,,,,sent,,FinMind request sent with token in query params and/or Authorization header
2026-08-13 16:30:18,api_call,get_stock_data,2492,TaiwanStockPrice,False,,,missing_token,FINMIND_TOKEN is not set,90,90,,,,sent,,FinMind request sent with token in query params and/or Authorization header
2026-08-13 16:30:19,api_call,get_stock_data,2539,TaiwanStockPrice,False,,,missing_token,FINMIND_TOKEN is not set,91,91,,,,sent,,FinMind request sent with token in query params and/or Authorization header
2026-08-13 16:30:20,api_call,get_stock_data,2540,TaiwanStockPrice,False,,,missing_token,FINMIND_TOKEN is not set,92,92,,,,sent,,FinMind request sent with token in query params and/or Authorization header
2026-08-13 16:30:21,api_call,get_stock_data,2542,TaiwanStockPrice,False,,,missing_token,FINMIND_TOKEN is not set,93,93,,,,sent,,FinMind request sent with token in query params and/or Authorization header
2026-08-13 16:30:22,api_call,get_stock_data,2597,TaiwanStockPrice,False,,,missing_token,FINMIND_TOKEN is not set,94,94,,,,sent,,FinMind request sent with token in query params and/or Authorization header
2026-08-13 16:30:23,api_call,get_stock_data,2603,TaiwanStockPrice,False,,,missing_token,FINMIND_TOKEN is not set,95,95,,,,sent,,FinMind request sent with token in query params and/or Authorization header
2026-08-13 16:30:24,api_call,get_stock_data,2606,TaiwanStockPrice,False,,,missing_token,FINMIND_TOKEN is not set,96,96,,,,sent,,FinMind request sent with token in query params and/or Authorization header
2026-08-13 16:30:25,api_call,get_stock_data,2609,TaiwanStockPrice,False,,,missing_token,FINMIND_TOKEN is not set,97,97,,,,sent,,FinMind request sent with token in query params and/or Authorization header
2026-08-13 16:30:26,api_call,get_stock_data,2610,TaiwanStockPrice,False,,,missing_token,FINMIND_TOKEN is not set,98,98,,,,sent,,FinMind request sent with token in query params and/or Authorization header
2026-08-13 16:30:27,api_call,get_stock_data,2615,TaiwanStockPrice,False,,,missing_token,FINMIND_TOKEN is not set,99,99,,,,sent,,FinMind request sent with token in query params and/or Authorization header
2026-08-13 16:30:28,api_call,get_stock_data,2618,TaiwanStockPrice,False,,,missing_token,FINMIND_TOKEN is not set,100,100,,,,sent,,FinMind request sent with token in query params and/or Authorization header
2026-08-13 16:30:29,api_call,get_stock_data,2633,TaiwanStockPrice,False,,,missing_token,FINMIND_TOKEN is not set,101,101,,,,sent,,FinMind request sent with token in query params and/or Authorization header
2026-08-13 16:30:30,api_call,get_stock_data,2634,TaiwanStockPrice,False,,,missing_token,FINMIND_TOKEN is not set,102,102,,,,sent,,FinMind request sent with token in query params and/or Authorization header
2026-08-13 16:30:31,api_call,get_stock_data,2637,TaiwanStockPrice,False,,,missing_token,FINMIND_TOKEN is not set,103,103,,,,sent,,FinMind request sent with token in query params and/or Authorization header
2026-08-13 16:30:32,api_call,get_stock_data,2645,TaiwanStockPrice,False,,,missing_token,FINMIND_TOKEN is not set,104,104,,,,sent,,FinMind request sent with token in query params and/or Authorization header
2026-08-13 16:30:33,api_call,get_stock_data,2646,TaiwanStockPrice,False,,,missing_token,FINMIND_TOKEN is not set,105,105,,,,sent,,FinMind request sent with token in query params and/or Authorization header
2026-08-13 16:30:34,api_call,get_stock_data,2801,TaiwanStockPrice,False,,,missing_token,FINMIND_TOKEN is not set,106,106,,,,sent,,FinMind request sent with token in query params and/or Authorization header
2026-08-13 16:30:35,api_call,get_stock_data,2812,TaiwanStockPrice,False,,,missing_token,FINMIND_TOKEN is not set,107,107,,,,sent,,FinMind request sent with token in query params and/or Authorization header
2026-08-13 16:30:38,api_call,get_stock_data,2834,TaiwanStockPrice,False,,,missing_token,FINMIND_TOKEN is not set,108,108,,,,sent,,FinMind request sent with token in query params and/or Authorization header
2026-08-13 16:30:39,api_call,get_stock_data,2838,TaiwanStockPrice,False,,,missing_token,FINMIND_TOKEN is not set,109,109,,,,sent,,FinMind request sent with token in query params and/or Authorization header
2026-08-13 16:30:40,api_call,get_stock_data,2845,TaiwanStockPrice,False,,,missing_token,FINMIND_TOKEN is not set,110,110,,,,sent,,FinMind request sent with token in query params and/or Authorization header
2026-08-13 16:30:41,api_call,get_stock_data,2850,TaiwanStockPrice,False,,,missing_token,FINMIND_TOKEN is not set,111,111,,,,sent,,FinMind request sent with token in query params and/or Authorization header
2026-08-13 16:30:42,api_call,get_stock_data,2855,TaiwanStockPrice,False,,,missing_token,FINMIND_TOKEN is not set,112,112,,,,sent,,FinMind request sent with token in query params and/or Authorization header
2026-08-13 16:30:43,api_call,get_stock_data,2867,TaiwanStockPrice,False,,,missing_token,FINMIND_TOKEN is not set,113,113,,,,sent,,FinMind request sent with token in query params and/or Authorization header
2026-08-13 16:30:44,api_call,get_stock_data,2880,TaiwanStockPrice,False,,,missing_token,FINMIND_TOKEN is not set,114,114,,,,sent,,FinMind request sent with token in query params and/or Authorization header
2026-08-13 16:30:45,api_call,get_stock_data,2881,TaiwanStockPrice,False,,,missing_token,FINMIND_TOKEN is not set,115,115,,,,sent,,FinMind request sent with token in query params and/or Authorization header
2026-08-13 16:30:46,api_call,get_stock_data,2882,TaiwanStockPrice,False,,,missing_token,FINMIND_TOKEN is not set,116,116,,,,sent,,FinMind request sent with token in query params and/or Authorization header
2026-08-13 16:30:47,api_call,get_stock_data,2883,TaiwanStockPrice,False,,,missing_token,FINMIND_TOKEN is not set,117,117,,,,sent,,FinMind request sent with token in query params and/or Authorization header
2026-08-13 16:30:48,api_call,get_stock_data,2884,TaiwanStockPrice,False,,,missing_token,FINMIND_TOKEN is not set,118,118,,,,sent,,FinMind request sent with token in query params and/or Authorization header
2026-08-13 16:30:49,api_call,get_stock_data,2885,TaiwanStockPrice,False,,,missing_token,FINMIND_TOKEN is not set,119,119,,,,sent,,FinMind request sent with token in query params and/or Authorization header
2026-08-13 16:30:51,api_call,get_stock_data,2886,TaiwanStockPrice,False,,,missing_token,FINMIND_TOKEN is not set,120,120,,,,sent,,FinMind request sent with token in query params and/or Authorization header
2026-08-13 16:30:52,api_call,get_stock_data,2887,TaiwanStockPrice,False,,,missing_token,FINMIND_TOKEN is not set,121,121,,,,sent,,FinMind request sent with token in query params and/or Authorization header
2026-08-13 16:30:53,api_call,get_stock_data,2889,TaiwanStockPrice,False,,,missing_token,FINMIND_TOKEN is not set,122,122,,,,sent,,FinMind request sent with token in query params and/or Authorization header
2026-08-13 16:30:54,api_call,get_stock_data,2890,TaiwanStockPrice,False,,,missing_token,FINMIND_TOKEN is not set,123,123,,,,sent,,FinMind request sent with token in query params and/or Authorization header
2026-08-13 16:30:55,api_call,get_stock_data,2891,TaiwanStockPrice,False,,,missing_token,FINMIND_TOKEN is not set,124,124,,,,sent,,FinMind request sent with token in query params and/or Authorization header
2026-08-13 16:30:56,api_call,get_stock_data,2892,TaiwanStockPrice,False,,,missing_token,FINMIND_TOKEN is not set,125,125,,,,sent,,FinMind request sent with token in query params and/or Authorization header
2026-08-13 16:30:58,api_call,get_stock_data,2912,TaiwanStockPrice,False,,,missing_token,FINMIND_TOKEN is not set,126,126,,,,sent,,FinMind request sent with token in query params and/or Authorization header
2026-08-13 16:30:59,api_call,get_stock_data,2915,TaiwanStockPrice,False,,,missing_token,FINMIND_TOKEN is not set,127,127,,,,sent,,FinMind request sent with token in query params and/or Authorization header
2026-08-13 16:31:00,api_call,get_stock_data,2923,TaiwanStockPrice,False,,,missing_token,FINMIND_TOKEN is not set,128,128,,,,sent,,FinMind request sent with token in query params and/or Authorization header
2026-08-13 16:31:01,api_call,get_stock_data,3005,TaiwanStockPrice,False,,,missing_token,FINMIND_TOKEN is not set,129,129,,,,sent,,FinMind request sent with token in query params and/or Authorization header
2026-08-13 16:31:02,api_call,get_stock_data,3006,TaiwanStockPrice,False,,,missing_token,FINMIND_TOKEN is not set,130,130,,,,sent,,FinMind request sent with token in query params and/or Authorization header
2026-08-13 16:31:03,api_call,get_stock_data,3008,TaiwanStockPrice,False,,,missing_token,FINMIND_TOKEN is not set,131,131,,,,sent,,FinMind request sent with token in query params and/or Authorization header
2026-08-13 16:31:04,api_call,get_stock_data,3013,TaiwanStockPrice,False,,,missing_token,FINMIND_TOKEN is not set,132,132,,,,sent,,FinMind request sent with token in query params and/or Authorization header
2026-08-13 16:31:05,api_call,get_stock_data,3017,TaiwanStockPrice,False,,,missing_token,FINMIND_TOKEN is not set,133,133,,,,sent,,FinMind request sent with token in query params and/or Authorization header
2026-08-13 16:31:06,api_call,get_stock_data,3023,TaiwanStockPrice,False,,,missing_token,FINMIND_TOKEN is not set,134,134,,,,sent,,FinMind request sent with token in query params and/or Authorization header
2026-08-13 16:31:08,api_call,get_stock_data,3026,TaiwanStockPrice,False,,,missing_token,FINMIND_TOKEN is not set,135,135,,,,sent,,FinMind request sent with token in query params and/or Authorization header
2026-08-13 16:31:09,api_call,get_stock_data,3030,TaiwanStockPrice,False,,,missing_token,FINMIND_TOKEN is not set,136,136,,,,sent,,FinMind request sent with token in query params and/or Authorization header
2026-08-13 16:31:10,api_call,get_stock_data,3034,TaiwanStockPrice,False,,,missing_token,FINMIND_TOKEN is not set,137,137,,,,sent,,FinMind request sent with token in query params and/or Authorization header
2026-08-13 16:31:11,api_call,get_stock_data,3035,TaiwanStockPrice,False,,,missing_token,FINMIND_TOKEN is not set,138,138,,,,sent,,FinMind request sent with token in query params and/or Authorization header
2026-08-13 16:31:12,api_call,get_stock_data,3036,TaiwanStockPrice,False,,,missing_token,FINMIND_TOKEN is not set,139,139,,,,sent,,FinMind request sent with token in query params and/or Authorization header
2026-08-13 16:31:13,api_call,get_stock_data,3037,TaiwanStockPrice,False,,,missing_token,FINMIND_TOKEN is not set,140,140,,,,sent,,FinMind request sent with token in query params and/or Authorization header
2026-08-13 16:31:14,api_call,get_stock_data,3042,TaiwanStockPrice,False,,,missing_token,FINMIND_TOKEN is not set,141,141,,,,sent,,FinMind request sent with token in query params and/or Authorization header
2026-08-13 16:31:15,api_call,get_stock_data,3044,TaiwanStockPrice,False,,,missing_token,FINMIND_TOKEN is not set,142,142,,,,sent,,FinMind request sent with token in query params and/or Authorization header
2026-08-13 16:31:16,api_call,get_stock_data,3045,TaiwanStockPrice,False,,,missing_token,FINMIND_TOKEN is not set,143,143,,,,sent,,FinMind request sent with token in query params and/or Authorization header
2026-08-13 16:31:17,api_call,get_stock_data,3081,TaiwanStockPrice,False,,,missing_token,FINMIND_TOKEN is not set,144,144,,,,sent,,FinMind request sent with token in query params and/or Authorization header
2026-08-13 16:31:18,api_call,get_stock_data,3105,TaiwanStockPrice,False,,,missing_token,FINMIND_TOKEN is not set,145,145,,,,sent,,FinMind request sent with token in query params and/or Authorization header
2026-08-13 16:31:19,api_call,get_stock_data,3131,TaiwanStockPrice,False,,,missing_token,FINMIND_TOKEN is not set,146,146,,,,sent,,FinMind request sent with token in query params and/or Authorization header
2026-08-13 16:31:20,api_call,get_stock_data,3163,TaiwanStockPrice,False,,,missing_token,FINMIND_TOKEN is not set,147,147,,,,sent,,FinMind request sent with token in query params and/or Authorization header
2026-08-13 16:31:21,api_call,get_stock_data,3167,TaiwanStockPrice,False,,,missing_token,FINMIND_TOKEN is not set,148,148,,,,sent,,FinMind request sent with token in query params and/or Authorization header
2026-08-13 16:31:22,api_call,get_stock_data,3189,TaiwanStockPrice,False,,,missing_token,FINMIND_TOKEN is not set,149,149,,,,sent,,FinMind request sent with token in query params and/or Authorization header
2026-08-13 16:31:23,api_call,get_stock_data,3211,TaiwanStockPrice,False,,,missing_token,FINMIND_TOKEN is not set,150,150,,,,sent,,FinMind request sent with token in query params and/or Authorization header
2026-08-13 16:31:24,api_call,get_stock_data,3231,TaiwanStockPrice,False,,,missing_token,FINMIND_TOKEN is not set,151,151,,,,sent,,FinMind request sent with token in query params and/or Authorization header
2026-08-13 16:31:25,api_call,get_stock_data,3234,TaiwanStockPrice,False,,,missing_token,FINMIND_TOKEN is not set,152,152,,,,sent,,FinMind request sent with token in query params and/or Authorization header
2026-08-13 16:31:26,api_call,get_stock_data,3264,TaiwanStockPrice,False,,,missing_token,FINMIND_TOKEN is not set,153,153,,,,sent,,FinMind request sent with token in query params and/or Authorization header
2026-08-13 16:31:27,api_call,get_stock_data,3265,TaiwanStockPrice,False,,,missing_token,FINMIND_TOKEN is not set,154,154,,,,sent,,FinMind request sent with token in query params and/or Authorization header
2026-08-13 16:31:28,api_call,get_stock_data,3289,TaiwanStockPrice,False,,,missing_token,FINMIND_TOKEN is not set,155,155,,,,sent,,FinMind request sent with token in query params and/or Authorization header
2026-08-13 16:31:29,api_call,get_stock_data,3293,TaiwanStockPrice,False,,,missing_token,FINMIND_TOKEN is not set,156,156,,,,sent,,FinMind request sent with token in query params and/or Authorization header
2026-08-13 16:31:30,api_call,get_stock_data,3324,TaiwanStockPrice,False,,,missing_token,FINMIND_TOKEN is not set,157,157,,,,sent,,FinMind request sent with token in query params and/or Authorization header
2026-08-13 16:31:31,api_call,get_stock_data,3363,TaiwanStockPrice,False,,,missing_token,FINMIND_TOKEN is not set,158,158,,,,sent,,FinMind request sent with token in query params and/or Authorization header
2026-08-13 16:31:32,api_call,get_stock_data,3374,TaiwanStockPrice,False,,,missing_token,FINMIND_TOKEN is not set,159,159,,,,sent,,FinMind request sent with token in query params and/or Authorization header
2026-08-13 16:31:33,api_call,get_stock_data,3376,TaiwanStockPrice,False,,,missing_token,FINMIND_TOKEN is not set,160,160,,,,sent,,FinMind request sent with token in query params and/or Authorization header
2026-08-13 16:31:34,api_call,get_stock_data,3406,TaiwanStockPrice,False,,,missing_token,FINMIND_TOKEN is not set,161,161,,,,sent,,FinMind request sent with token in query params and/or Authorization header
2026-08-13 16:31:36,api_call,get_stock_data,3443,TaiwanStockPrice,False,,,missing_token,FINMIND_TOKEN is not set,162,162,,,,sent,,FinMind request sent with token in query params and/or Authorization header
2026-08-13 16:31:37,api_call,get_stock_data,3450,TaiwanStockPrice,False,,,missing_token,FINMIND_TOKEN is not set,163,163,,,,sent,,FinMind request sent with token in query params and/or Authorization header
2026-08-13 16:31:38,api_call,get_stock_data,3481,TaiwanStockPrice,False,,,missing_token,FINMIND_TOKEN is not set,164,164,,,,sent,,FinMind request sent with token in query params and/or Authorization header
2026-08-13 16:31:39,api_call,get_stock_data,3491,TaiwanStockPrice,False,,,missing_token,FINMIND_TOKEN is not set,165,165,,,,sent,,FinMind request sent with token in query params and/or Authorization header
2026-08-13 16:31:40,api_call,get_stock_data,3529,TaiwanStockPrice,False,,,missing_token,FINMIND_TOKEN is not set,166,166,,,,sent,,FinMind request sent with token in query params and/or Authorization header
2026-08-13 16:31:41,api_call,get_stock_data,3532,TaiwanStockPrice,False,,,missing_token,FINMIND_TOKEN is not set,167,167,,,,sent,,FinMind request sent with token in query params and/or Authorization header
2026-08-13 16:31:42,api_call,get_stock_data,3533,TaiwanStockPrice,False,,,missing_token,FINMIND_TOKEN is not set,168,168,,,,sent,,FinMind request sent with token in query params and/or Authorization header
2026-08-13 16:31:43,api_call,get_stock_data,3563,TaiwanStockPrice,False,,,missing_token,FINMIND_TOKEN is not set,169,169,,,,sent,,FinMind request sent with token in query params and/or Authorization header
2026-08-13 16:31:44,api_call,get_stock_data,3576,TaiwanStockPrice,False,,,missing_token,FINMIND_TOKEN is not set,170,170,,,,sent,,FinMind request sent with token in query params and/or Authorization header
2026-08-13 16:31:45,api_call,get_stock_data,3583,TaiwanStockPrice,False,,,missing_token,FINMIND_TOKEN is not set,171,171,,,,sent,,FinMind request sent with token in query params and/or Authorization header
2026-08-13 16:31:46,api_call,get_stock_data,3587,TaiwanStockPrice,False,,,missing_token,FINMIND_TOKEN is not set,172,172,,,,sent,,FinMind request sent with token in query params and/or Authorization header
2026-08-13 16:31:47,api_call,get_stock_data,3605,TaiwanStockPrice,False,,,missing_token,FINMIND_TOKEN is not set,173,173,,,,sent,,FinMind request sent with token in query params and/or Authorization header
2026-08-13 16:31:48,api_call,get_stock_data,3645,TaiwanStockPrice,False,,,missing_token,FINMIND_TOKEN is not set,174,174,,,,sent,,FinMind request sent with token in query params and/or Authorization header
2026-08-13 16:31:49,api_call,get_stock_data,3653,TaiwanStockPrice,False,,,missing_token,FINMIND_TOKEN is not set,175,175,,,,sent,,FinMind request sent with token in query params and/or Authorization header
2026-08-13 16:31:50,api_call,get_stock_data,3661,TaiwanStockPrice,False,,,missing_token,FINMIND_TOKEN is not set,176,176,,,,sent,,FinMind request sent with token in query params and/or Authorization header
2026-08-13 16:31:51,api_call,get_stock_data,3665,TaiwanStockPrice,False,,,missing_token,FINMIND_TOKEN is not set,177,177,,,,sent,,FinMind request sent with token in query params and/or Authorization header
2026-08-13 16:31:52,api_call,get_stock_data,3680,TaiwanStockPrice,False,,,missing_token,FINMIND_TOKEN is not set,178,178,,,,sent,,FinMind request sent with token in query params and/or Authorization header
2026-08-13 16:31:53,api_call,get_stock_data,3701,TaiwanStockPrice,False,,,missing_token,FINMIND_TOKEN is not set,179,179,,,,sent,,FinMind request sent with token in query params and/or Authorization header
2026-08-13 16:31:54,api_call,get_stock_data,3702,TaiwanStockPrice,False,,,missing_token,FINMIND_TOKEN is not set,180,180,,,,sent,,FinMind request sent with token in query params and/or Authorization header
2026-08-13 16:31:55,api_call,get_stock_data,3706,TaiwanStockPrice,False,,,missing_token,FINMIND_TOKEN is not set,181,181,,,,sent,,FinMind request sent with token in query params and/or Authorization header
2026-08-13 16:31:56,api_call,get_stock_data,3711,TaiwanStockPrice,False,,,missing_token,FINMIND_TOKEN is not set,182,182,,,,sent,,FinMind request sent with token in query params and/or Authorization header
2026-08-13 16:31:57,api_call,get_stock_data,3715,TaiwanStockPrice,False,,,missing_token,FINMIND_TOKEN is not set,183,183,,,,sent,,FinMind request sent with token in query params and/or Authorization header
2026-08-13 16:31:58,api_call,get_stock_data,4749,TaiwanStockPrice,False,,,missing_token,FINMIND_TOKEN is not set,184,184,,,,sent,,FinMind request sent with token in query params and/or Authorization header
2026-08-13 16:31:59,api_call,get_stock_data,4763,TaiwanStockPrice,False,,,missing_token,FINMIND_TOKEN is not set,185,185,,,,sent,,FinMind request sent with token in query params and/or Authorization header
2026-08-13 16:32:00,api_call,get_stock_data,4772,TaiwanStockPrice,False,,,missing_token,FINMIND_TOKEN is not set,186,186,,,,sent,,FinMind request sent with token in query params and/or Authorization header
2026-08-13 16:32:01,api_call,get_stock_data,4904,TaiwanStockPrice,False,,,missing_token,FINMIND_TOKEN is not set,187,187,,,,sent,,FinMind request sent with token in query params and/or Authorization header
2026-08-13 16:32:02,api_call,get_stock_data,4919,TaiwanStockPrice,False,,,missing_token,FINMIND_TOKEN is not set,188,188,,,,sent,,FinMind request sent with token in query params and/or Authorization header
2026-08-13 16:32:03,api_call,get_stock_data,4931,TaiwanStockPrice,False,,,missing_token,FINMIND_TOKEN is not set,189,189,,,,sent,,FinMind request sent with token in query params and/or Authorization header
2026-08-13 16:32:04,api_call,get_stock_data,4938,TaiwanStockPrice,False,,,missing_token,FINMIND_TOKEN is not set,190,190,,,,sent,,FinMind request sent with token in query params and/or Authorization header
2026-08-13 16:32:05,api_call,get_stock_data,4958,TaiwanStockPrice,False,,,missing_token,FINMIND_TOKEN is not set,191,191,,,,sent,,FinMind request sent with token in query params and/or Authorization header
2026-08-13 16:32:06,api_call,get_stock_data,4971,TaiwanStockPrice,False,,,missing_token,FINMIND_TOKEN is not set,192,192,,,,sent,,FinMind request sent with token in query params and/or Authorization header
2026-08-13 16:32:07,api_call,get_stock_data,4977,TaiwanStockPrice,False,,,missing_token,FINMIND_TOKEN is not set,193,193,,,,sent,,FinMind request sent with token in query params and/or Authorization header
2026-08-13 16:32:08,api_call,get_stock_data,4979,TaiwanStockPrice,False,,,missing_token,FINMIND_TOKEN is not set,194,194,,,,sent,,FinMind request sent with token in query params and/or Authorization header
2026-08-13 16:32:09,api_call,get_stock_data,4991,TaiwanStockPrice,False,,,missing_token,FINMIND_TOKEN is not set,195,195,,,,sent,,FinMind request sent with token in query params and/or Authorization header
2026-08-13 16:32:10,api_call,get_stock_data,5246,TaiwanStockPrice,False,,,missing_token,FINMIND_TOKEN is not set,196,196,,,,sent,,FinMind request sent with token in query params and/or Authorization header
2026-08-13 16:32:11,api_call,get_stock_data,5269,TaiwanStockPrice,False,,,missing_token,FINMIND_TOKEN is not set,197,197,,,,sent,,FinMind request sent with token in query params and/or Authorization header
2026-08-13 16:32:12,api_call,get_stock_data,5274,TaiwanStockPrice,False,,,missing_token,FINMIND_TOKEN is not set,198,198,,,,sent,,FinMind request sent with token in query params and/or Authorization header
2026-08-13 16:32:13,api_call,get_stock_data,5289,TaiwanStockPrice,False,,,missing_token,FINMIND_TOKEN is not set,199,199,,,,sent,,FinMind request sent with token in query params and/or Authorization header
2026-08-13 16:32:14,api_call,get_stock_data,5347,TaiwanStockPrice,False,,,missing_token,FINMIND_TOKEN is not set,200,200,,,,sent,,FinMind request sent with token in query params and/or Authorization header
2026-08-13 16:32:15,api_call,get_stock_data,5434,TaiwanStockPrice,False,,,missing_token,FINMIND_TOKEN is not set,201,201,,,,sent,,FinMind request sent with token in query params and/or Authorization header
2026-08-13 16:32:16,api_call,get_stock_data,5443,TaiwanStockPrice,False,,,missing_token,FINMIND_TOKEN is not set,202,202,,,,sent,,FinMind request sent with token in query params and/or Authorization header
2026-08-13 16:32:17,api_call,get_stock_data,5522,TaiwanStockPrice,False,,,missing_token,FINMIND_TOKEN is not set,203,203,,,,sent,,FinMind request sent with token in query params and/or Authorization header
2026-08-13 16:32:18,api_call,get_stock_data,5536,TaiwanStockPrice,False,,,missing_token,FINMIND_TOKEN is not set,204,204,,,,sent,,FinMind request sent with token in query params and/or Authorization header
2026-08-13 16:32:19,api_call,get_stock_data,5871,TaiwanStockPrice,False,,,missing_token,FINMIND_TOKEN is not set,205,205,,,,sent,,FinMind request sent with token in query params and/or Authorization header
2026-08-13 16:32:20,api_call,get_stock_data,5876,TaiwanStockPrice,False,,,missing_token,FINMIND_TOKEN is not set,206,206,,,,sent,,FinMind request sent with token in query params and/or Authorization header
2026-08-13 16:32:21,api_call,get_stock_data,5880,TaiwanStockPrice,False,,,missing_token,FINMIND_TOKEN is not set,207,207,,,,sent,,FinMind request sent with token in query params and/or Authorization header
2026-08-13 16:32:22,api_call,get_stock_data,6005,TaiwanStockPrice,False,,,missing_token,FINMIND_TOKEN is not set,208,208,,,,sent,,FinMind request sent with token in query params and/or Authorization header
2026-08-13 16:32:23,api_call,get_stock_data,6139,TaiwanStockPrice,False,,,missing_token,FINMIND_TOKEN is not set,209,209,,,,sent,,FinMind request sent with token in query params and/or Authorization header
2026-08-13 16:32:24,api_call,get_stock_data,6182,TaiwanStockPrice,False,,,missing_token,FINMIND_TOKEN is not set,210,210,,,,sent,,FinMind request sent with token in query params and/or Authorization header
2026-08-13 16:32:25,api_call,get_stock_data,6187,TaiwanStockPrice,False,,,missing_token,FINMIND_TOKEN is not set,211,211,,,,sent,,FinMind request sent with token in query params and/or Authorization header
2026-08-13 16:32:26,api_call,get_stock_data,6196,TaiwanStockPrice,False,,,missing_token,FINMIND_TOKEN is not set,212,212,,,,sent,,FinMind request sent with token in query params and/or Authorization header
2026-08-13 16:32:27,api_call,get_stock_data,6197,TaiwanStockPrice,False,,,missing_token,FINMIND_TOKEN is not set,213,213,,,,sent,,FinMind request sent with token in query params and/or Authorization header
2026-08-13 16:32:28,api_call,get_stock_data,6213,TaiwanStockPrice,False,,,missing_token,FINMIND_TOKEN is not set,214,214,,,,sent,,FinMind request sent with token in query params and/or Authorization header
2026-08-13 16:32:29,api_call,get_stock_data,6217,TaiwanStockPrice,False,,,missing_token,FINMIND_TOKEN is not set,215,215,,,,sent,,FinMind request sent with token in query params and/or Authorization header
2026-08-13 16:32:30,api_call,get_stock_data,6223,TaiwanStockPrice,False,,,missing_token,FINMIND_TOKEN is not set,216,216,,,,sent,,FinMind request sent with token in query params and/or Authorization header
2026-08-13 16:32:31,api_call,get_stock_data,6239,TaiwanStockPrice,False,,,missing_token,FINMIND_TOKEN is not set,217,217,,,,sent,,FinMind request sent with token in query params and/or Authorization header
2026-08-13 16:32:32,api_call,get_stock_data,6243,TaiwanStockPrice,False,,,missing_token,FINMIND_TOKEN is not set,218,218,,,,sent,,FinMind request sent with token in query params and/or Authorization header
2026-08-13 16:32:33,api_call,get_stock_data,6257,TaiwanStockPrice,False,,,missing_token,FINMIND_TOKEN is not set,219,219,,,,sent,,FinMind request sent with token in query params and/or Authorization header
2026-08-13 16:32:34,api_call,get_stock_data,6274,TaiwanStockPrice,False,,,missing_token,FINMIND_TOKEN is not set,220,220,,,,sent,,FinMind request sent with token in query params and/or Authorization header
2026-08-13 16:32:35,api_call,get_stock_data,6278,TaiwanStockPrice,False,,,missing_token,FINMIND_TOKEN is not set,221,221,,,,sent,,FinMind request sent with token in query params and/or Authorization header
2026-08-13 16:32:36,api_call,get_stock_data,6282,TaiwanStockPrice,False,,,missing_token,FINMIND_TOKEN is not set,222,222,,,,sent,,FinMind request sent with token in query params and/or Authorization header
2026-08-13 16:32:37,api_call,get_stock_data,6285,TaiwanStockPrice,False,,,missing_token,FINMIND_TOKEN is not set,223,223,,,,sent,,FinMind request sent with token in query params and/or Authorization header
2026-08-13 16:32:38,api_call,get_stock_data,6291,TaiwanStockPrice,False,,,missing_token,FINMIND_TOKEN is not set,224,224,,,,sent,,FinMind request sent with token in query params and/or Authorization header
2026-08-13 16:32:39,api_call,get_stock_data,6409,TaiwanStockPrice,False,,,missing_token,FINMIND_TOKEN is not set,225,225,,,,sent,,FinMind request sent with token in query params and/or Authorization header
2026-08-13 16:32:40,api_call,get_stock_data,6412,TaiwanStockPrice,False,,,missing_token,FINMIND_TOKEN is not set,226,226,,,,sent,,FinMind request sent with token in query params and/or Authorization header
2026-08-13 16:32:41,api_call,get_stock_data,6414,TaiwanStockPrice,False,,,missing_token,FINMIND_TOKEN is not set,227,227,,,,sent,,FinMind request sent with token in query params and/or Authorization header
2026-08-13 16:32:42,api_call,get_stock_data,6415,TaiwanStockPrice,False,,,missing_token,FINMIND_TOKEN is not set,228,228,,,,sent,,FinMind request sent with token in query params and/or Authorization header
2026-08-13 16:32:43,api_call,get_stock_data,6442,TaiwanStockPrice,False,,,missing_token,FINMIND_TOKEN is not set,229,229,,,,sent,,FinMind request sent with token in query params and/or Authorization header
2026-08-13 16:32:44,api_call,get_stock_data,6446,TaiwanStockPrice,False,,,missing_token,FINMIND_TOKEN is not set,230,230,,,,sent,,FinMind request sent with token in query params and/or Authorization header
2026-08-13 16:32:45,api_call,get_stock_data,6451,TaiwanStockPrice,False,,,missing_token,FINMIND_TOKEN is not set,231,231,,,,sent,,FinMind request sent with token in query params and/or Authorization header
2026-08-13 16:32:46,api_call,get_stock_data,6472,TaiwanStockPrice,False,,,missing_token,FINMIND_TOKEN is not set,232,232,,,,sent,,FinMind request sent with token in query params and/or Authorization header
2026-08-13 16:32:47,api_call,get_stock_data,6505,TaiwanStockPrice,False,,,missing_token,FINMIND_TOKEN is not set,233,233,,,,sent,,FinMind request sent with token in query params and/or Authorization header
2026-08-13 16:32:48,api_call,get_stock_data,6510,TaiwanStockPrice,False,,,missing_token,FINMIND_TOKEN is not set,234,234,,,,sent,,FinMind request sent with token in query params and/or Authorization header
2026-08-13 16:32:49,api_call,get_stock_data,6515,TaiwanStockPrice,False,,,missing_token,FINMIND_TOKEN is not set,235,235,,,,sent,,FinMind request sent with token in query params and/or Authorization header
2026-08-13 16:32:50,api_call,get_stock_data,6526,TaiwanStockPrice,False,,,missing_token,FINMIND_TOKEN is not set,236,236,,,,sent,,FinMind request sent with token in query params and/or Authorization header
2026-08-13 16:32:51,api_call,get_stock_data,6531,TaiwanStockPrice,False,,,missing_token,FINMIND_TOKEN is not set,237,237,,,,sent,,FinMind request sent with token in query params and/or Authorization header
2026-08-13 16:32:53,api_call,get_stock_data,6584,TaiwanStockPrice,False,,,missing_token,FINMIND_TOKEN is not set,238,238,,,,sent,,FinMind request sent with token in query params and/or Authorization header
2026-08-13 16:32:54,api_call,get_stock_data,6640,TaiwanStockPrice,False,,,missing_token,FINMIND_TOKEN is not set,239,239,,,,sent,,FinMind request sent with token in query params and/or Authorization header
2026-08-13 16:32:55,api_call,get_stock_data,6643,TaiwanStockPrice,False,,,missing_token,FINMIND_TOKEN is not set,240,240,,,,sent,,FinMind request sent with token in query params and/or Authorization header
2026-08-13 16:32:56,api_call,get_stock_data,6664,TaiwanStockPrice,False,,,missing_token,FINMIND_TOKEN is not set,241,241,,,,sent,,FinMind request sent with token in query params and/or Authorization header
2026-08-13 16:32:57,api_call,get_stock_data,6669,TaiwanStockPrice,False,,,missing_token,FINMIND_TOKEN is not set,242,242,,,,sent,,FinMind request sent with token in query params and/or Authorization header
2026-08-13 16:32:58,api_call,get_stock_data,6672,TaiwanStockPrice,False,,,missing_token,FINMIND_TOKEN is not set,243,243,,,,sent,,FinMind request sent with token in query params and/or Authorization header
2026-08-13 16:32:59,api_call,get_stock_data,6683,TaiwanStockPrice,False,,,missing_token,FINMIND_TOKEN is not set,244,244,,,,sent,,FinMind request sent with token in query params and/or Authorization header
2026-08-13 16:33:00,api_call,get_stock_data,6691,TaiwanStockPrice,False,,,missing_token,FINMIND_TOKEN is not set,245,245,,,,sent,,FinMind request sent with token in query params and/or Authorization header
2026-08-13 16:33:01,api_call,get_stock_data,6693,TaiwanStockPrice,False,,,missing_token,FINMIND_TOKEN is not set,246,246,,,,sent,,FinMind request sent with token in query params and/or Authorization header
2026-08-13 16:33:02,api_call,get_stock_data,6770,TaiwanStockPrice,False,,,missing_token,FINMIND_TOKEN is not set,247,247,,,,sent,,FinMind request sent with token in query params and/or Authorization header
2026-08-13 16:33:03,api_call,get_stock_data,6781,TaiwanStockPrice,False,,,missing_token,FINMIND_TOKEN is not set,248,248,,,,sent,,FinMind request sent with token in query params and/or Authorization header
2026-08-13 16:33:04,api_call,get_stock_data,6789,TaiwanStockPrice,False,,,missing_token,FINMIND_TOKEN is not set,249,249,,,,sent,,FinMind request sent with token in query params and/or Authorization header
2026-08-13 16:33:05,api_call,get_stock_data,6805,TaiwanStockPrice,False,,,missing_token,FINMIND_TOKEN is not set,250,250,,,,sent,,FinMind request sent with token in query params and/or Authorization header
2026-08-13 16:33:06,api_call,get_stock_data,6919,TaiwanStockPrice,False,,,missing_token,FINMIND_TOKEN is not set,251,251,,,,sent,,FinMind request sent with token in query params and/or Authorization header
2026-08-13 16:33:07,api_call,get_stock_data,6940,TaiwanStockPrice,False,,,missing_token,FINMIND_TOKEN is not set,252,252,,,,sent,,FinMind request sent with token in query params and/or Authorization header
2026-08-13 16:33:10,api_call,get_stock_data,6944,TaiwanStockPrice,False,,,missing_token,FINMIND_TOKEN is not set,253,253,,,,sent,,FinMind request sent with token in query params and/or Authorization header
2026-08-13 16:33:11,api_call,get_stock_data,6949,TaiwanStockPrice,False,,,missing_token,FINMIND_TOKEN is not set,254,254,,,,sent,,FinMind request sent with token in query params and/or Authorization header
2026-08-13 16:33:12,api_call,get_stock_data,7610,TaiwanStockPrice,False,,,missing_token,FINMIND_TOKEN is not set,255,255,,,,sent,,FinMind request sent with token in query params and/or Authorization header
2026-08-13 16:33:13,api_call,get_stock_data,7711,TaiwanStockPrice,False,,,missing_token,FINMIND_TOKEN is not set,256,256,,,,sent,,FinMind request sent with token in query params and/or Authorization header
2026-08-13 16:33:14,api_call,get_stock_data,7717,TaiwanStockPrice,False,,,missing_token,FINMIND_TOKEN is not set,257,257,,,,sent,,FinMind request sent with token in query params and/or Authorization header
2026-08-13 16:33:15,api_call,get_stock_data,7728,TaiwanStockPrice,False,,,missing_token,FINMIND_TOKEN is not set,258,258,,,,sent,,FinMind request sent with token in query params and/or Authorization header
2026-08-13 16:33:16,api_call,get_stock_data,7734,TaiwanStockPrice,False,,,missing_token,FINMIND_TOKEN is not set,259,259,,,,sent,,FinMind request sent with token in query params and/or Authorization header
2026-08-13 16:33:17,api_call,get_stock_data,7750,TaiwanStockPrice,False,,,missing_token,FINMIND_TOKEN is not set,260,260,,,,sent,,FinMind request sent with token in query params and/or Authorization header
2026-08-13 16:33:18,api_call,get_stock_data,7751,TaiwanStockPrice,False,,,missing_token,FINMIND_TOKEN is not set,261,261,,,,sent,,FinMind request sent with token in query params and/or Authorization header
2026-08-13 16:33:19,api_call,get_stock_data,7769,TaiwanStockPrice,False,,,missing_token,FINMIND_TOKEN is not set,262,262,,,,sent,,FinMind request sent with token in query params and/or Authorization header
2026-08-13 16:33:20,api_call,get_stock_data,7792,TaiwanStockPrice,False,,,missing_token,FINMIND_TOKEN is not set,263,263,,,,sent,,FinMind request sent with token in query params and/or Authorization header
2026-08-13 16:33:21,api_call,get_stock_data,7799,TaiwanStockPrice,False,,,missing_token,FINMIND_TOKEN is not set,264,264,,,,sent,,FinMind request sent with token in query params and/or Authorization header
2026-08-13 16:33:22,api_call,get_stock_data,7828,TaiwanStockPrice,False,,,missing_token,FINMIND_TOKEN is not set,265,265,,,,sent,,FinMind request sent with token in query params and/or Authorization header
2026-08-13 16:33:23,api_call,get_stock_data,7856,TaiwanStockPrice,False,,,missing_token,FINMIND_TOKEN is not set,266,266,,,,sent,,FinMind request sent with token in query params and/or Authorization header
2026-08-13 16:33:24,api_call,get_stock_data,7899,TaiwanStockPrice,False,,,missing_token,FINMIND_TOKEN is not set,267,267,,,,sent,,FinMind request sent with token in query params and/or Authorization header
2026-08-13 16:33:24,api_call,get_stock_data,8021,TaiwanStockPrice,False,,,missing_token,FINMIND_TOKEN is not set,268,268,,,,sent,,FinMind request sent with token in query params and/or Authorization header
2026-08-13 16:33:26,api_call,get_stock_data,8027,TaiwanStockPrice,False,,,missing_token,FINMIND_TOKEN is not set,269,269,,,,sent,,FinMind request sent with token in query params and/or Authorization header
2026-08-13 16:33:29,api_call,get_stock_data,8028,TaiwanStockPrice,False,,,missing_token,FINMIND_TOKEN is not set,270,270,,,,sent,,FinMind request sent with token in query params and/or Authorization header
2026-08-13 16:33:30,api_call,get_stock_data,8039,TaiwanStockPrice,False,,,missing_token,FINMIND_TOKEN is not set,271,271,,,,sent,,FinMind request sent with token in query params and/or Authorization header
2026-08-13 16:33:31,api_call,get_stock_data,8046,TaiwanStockPrice,False,,,missing_token,FINMIND_TOKEN is not set,272,272,,,,sent,,FinMind request sent with token in query params and/or Authorization header
2026-08-13 16:33:32,api_call,get_stock_data,8070,TaiwanStockPrice,False,,,missing_token,FINMIND_TOKEN is not set,273,273,,,,sent,,FinMind request sent with token in query params and/or Authorization header
2026-08-13 16:33:33,api_call,get_stock_data,8112,TaiwanStockPrice,False,,,missing_token,FINMIND_TOKEN is not set,274,274,,,,sent,,FinMind request sent with token in query params and/or Authorization header
2026-08-13 16:33:34,api_call,get_stock_data,8150,TaiwanStockPrice,False,,,missing_token,FINMIND_TOKEN is not set,275,275,,,,sent,,FinMind request sent with token in query params and/or Authorization header
2026-08-13 16:33:35,api_call,get_stock_data,8155,TaiwanStockPrice,False,,,missing_token,FINMIND_TOKEN is not set,276,276,,,,sent,,FinMind request sent with token in query params and/or Authorization header
2026-08-13 16:33:36,api_call,get_stock_data,8210,TaiwanStockPrice,False,,,missing_token,FINMIND_TOKEN is not set,277,277,,,,sent,,FinMind request sent with token in query params and/or Authorization header
2026-08-13 16:33:37,api_call,get_stock_data,8299,TaiwanStockPrice,False,,,missing_token,FINMIND_TOKEN is not set,278,278,,,,sent,,FinMind request sent with token in query params and/or Authorization header
2026-08-13 16:33:38,api_call,get_stock_data,8358,TaiwanStockPrice,False,,,missing_token,FINMIND_TOKEN is not set,279,279,,,,sent,,FinMind request sent with token in query params and/or Authorization header
2026-08-13 16:33:39,api_call,get_stock_data,8454,TaiwanStockPrice,False,,,missing_token,FINMIND_TOKEN is not set,280,280,,,,sent,,FinMind request sent with token in query params and/or Authorization header
2026-08-13 16:33:40,api_call,get_stock_data,8464,TaiwanStockPrice,False,,,missing_token,FINMIND_TOKEN is not set,281,281,,,,sent,,FinMind request sent with token in query params and/or Authorization header
2026-08-13 16:33:41,api_call,get_stock_data,8926,TaiwanStockPrice,False,,,missing_token,FINMIND_TOKEN is not set,282,282,,,,sent,,FinMind request sent with token in query params and/or Authorization header
2026-08-13 16:33:42,api_call,get_stock_data,8996,TaiwanStockPrice,False,,,missing_token,FINMIND_TOKEN is not set,283,283,,,,sent,,FinMind request sent with token in query params and/or Authorization header
2026-08-13 16:33:43,api_call,get_stock_data,009816,TaiwanStockPrice,False,,,missing_token,FINMIND_TOKEN is not set,284,284,,,,sent,,FinMind request sent with token in query params and/or Authorization header
2026-08-13 16:33:44,api_call,get_stock_data,009820,TaiwanStockPrice,False,,,missing_token,FINMIND_TOKEN is not set,285,285,,,,sent,,FinMind request sent with token in query params and/or Authorization header
2026-08-13 16:33:45,api_call,get_stock_data,009823,TaiwanStockPrice,False,,,missing_token,FINMIND_TOKEN is not set,286,286,,,,sent,,FinMind request sent with token in query params and/or Authorization header
2026-08-13 16:33:46,api_call,get_stock_data,009824,TaiwanStockPrice,False,,,missing_token,FINMIND_TOKEN is not set,287,287,,,,sent,,FinMind request sent with token in query params and/or Authorization header
2026-08-13 16:33:47,api_call,get_stock_data,9904,TaiwanStockPrice,False,,,missing_token,FINMIND_TOKEN is not set,288,288,,,,sent,,FinMind request sent with token in query params and/or Authorization header
2026-08-13 16:33:48,api_call,get_stock_data,9910,TaiwanStockPrice,False,,,missing_token,FINMIND_TOKEN is not set,289,289,,,,sent,,FinMind request sent with token in query params and/or Authorization header
2026-08-13 16:33:49,api_call,get_stock_data,9917,TaiwanStockPrice,False,,,missing_token,FINMIND_TOKEN is not set,290,290,,,,sent,,FinMind request sent with token in query params and/or Authorization header
2026-08-13 16:33:50,api_call,get_stock_data,9941,TaiwanStockPrice,False,,,missing_token,FINMIND_TOKEN is not set,291,291,,,,sent,,FinMind request sent with token in query params and/or Authorization header
2026-08-13 16:33:51,api_call,get_stock_data,9945,TaiwanStockPrice,False,,,missing_token,FINMIND_TOKEN is not set,292,292,,,,sent,,FinMind request sent with token in query params and/or Authorization header
2026-08-13 16:33:52,api_call,get_stock_data,00631L,TaiwanStockPrice,False,,,missing_token,FINMIND_TOKEN is not set,293,293,,,,sent,,FinMind request sent with token in query params and/or Authorization header
2026-08-13 16:33:53,api_call,get_stock_data,00679B,TaiwanStockPrice,False,,,missing_token,FINMIND_TOKEN is not set,294,294,,,,sent,,FinMind request sent with token in query params and/or Authorization header
2026-08-13 16:33:54,api_call,get_stock_data,00685L,TaiwanStockPrice,False,,,missing_token,FINMIND_TOKEN is not set,295,295,,,,sent,,FinMind request sent with token in query params and/or Authorization header
2026-08-13 16:33:55,api_call,get_stock_data,00687B,TaiwanStockPrice,False,,,missing_token,FINMIND_TOKEN is not set,296,296,,,,sent,,FinMind request sent with token in query params and/or Authorization header
2026-08-13 16:33:56,api_call,get_stock_data,00937B,TaiwanStockPrice,False,,,missing_token,FINMIND_TOKEN is not set,297,297,,,,sent,,FinMind request sent with token in query params and/or Authorization header
2026-08-13 16:33:57,api_call,get_stock_data,00942B,TaiwanStockPrice,False,,,missing_token,FINMIND_TOKEN is not set,298,298,,,,sent,,FinMind request sent with token in query params and/or Authorization header
2026-08-13 16:33:58,api_call,get_stock_data,00953B,TaiwanStockPrice,False,,,missing_token,FINMIND_TOKEN is not set,299,299,,,,sent,,FinMind request sent with token in query params and/or Authorization header
2026-08-13 16:33:59,api_call,get_stock_data,00981A,TaiwanStockPrice,False,,,missing_token,FINMIND_TOKEN is not set,300,300,,,,sent,,FinMind request sent with token in query params and/or Authorization header
2026-08-13 16:34:00,api_call,get_stock_data,00987A,TaiwanStockPrice,False,,,missing_token,FINMIND_TOKEN is not set,301,301,,,,sent,,FinMind request sent with token in query params and/or Authorization header
2026-08-13 16:34:01,api_call,get_stock_data,00991A,TaiwanStockPrice,False,,,missing_token,FINMIND_TOKEN is not set,302,302,,,,sent,,FinMind request sent with token in query params and/or Authorization header
2026-08-13 16:34:02,api_call,CB daily overview,,TaiwanStockConvertibleBondDailyOverview,False,,,missing_token,FINMIND_TOKEN is not set,303,1,,,,sent,,FinMind request sent with token in query params and/or Authorization header
2026-08-13 16:34:03,api_call,CB daily overview,,TaiwanStockConvertibleBondDailyOverview,False,,,missing_token,FINMIND_TOKEN is not set,304,2,,,,sent,,FinMind request sent with token in query params and/or Authorization header
2026-08-13 16:34:03,api_call,CB daily overview,,TaiwanStockConvertibleBondDailyOverview,False,,,missing_token,FINMIND_TOKEN is not set,305,3,,,,sent,,FinMind request sent with token in query params and/or Authorization header
2026-08-13 16:34:04,api_call,CB daily overview,,TaiwanStockConvertibleBondDailyOverview,False,,,missing_token,FINMIND_TOKEN is not set,306,4,,,,sent,,FinMind request sent with token in query params and/or Authorization header
2026-08-13 16:34:05,api_call,CB daily overview,,TaiwanStockConvertibleBondDailyOverview,False,,,missing_token,FINMIND_TOKEN is not set,307,5,,,,sent,,FinMind request sent with token in query params and/or Authorization header
2026-08-13 16:34:06,api_call,CB daily overview,,TaiwanStockConvertibleBondDailyOverview,False,,,missing_token,FINMIND_TOKEN is not set,308,6,,,,sent,,FinMind request sent with token in query params and/or Authorization header
2026-08-13 16:34:07,api_call,CB daily overview,,TaiwanStockConvertibleBondDailyOverview,False,,,missing_token,FINMIND_TOKEN is not set,309,7,,,,sent,,FinMind request sent with token in query params and/or Authorization header
2026-08-13 16:34:08,api_call,CB daily overview,,TaiwanStockConvertibleBondDailyOverview,False,,,missing_token,FINMIND_TOKEN is not set,310,8,,,,sent,,FinMind request sent with token in query params and/or Authorization header
2026-08-13 16:34:09,api_call,CB daily overview,,TaiwanStockConvertibleBondDailyOverview,False,,,missing_token,FINMIND_TOKEN is not set,311,9,,,,sent,,FinMind request sent with token in query params and/or Authorization header
2026-08-13 16:34:10,api_call,CB daily overview,,TaiwanStockConvertibleBondDailyOverview,False,,,missing_token,FINMIND_TOKEN is not set,312,10,,,,sent,,FinMind request sent with token in query params and/or Authorization header
2026-08-13 16:34:11,api_call,market_total_chips,total,TaiwanStockTotalMarginPurchaseShortSale,False,,,missing_token,FINMIND_TOKEN is not set,313,1,,,,sent,,FinMind request sent with token in query params and/or Authorization header
2026-08-13 16:34:12,api_call,market_total_chips,total,TaiwanStockTotalInstitutionalInvestors,False,,,missing_token,FINMIND_TOKEN is not set,314,1,,,,sent,,FinMind request sent with token in query params and/or Authorization header
2026-08-13 16:34:14,api_call,get_index_ohlc_data,TAIEX,TaiwanStockPrice,False,,,missing_token,FINMIND_TOKEN is not set,315,303,,,,sent,,FinMind request sent with token in query params and/or Authorization header
2026-08-13 16:34:15,api_call,get_index_ohlc_data,TPEx,TaiwanStockTotalReturnIndex,False,,,missing_token,FINMIND_TOKEN is not set,316,1,,,,sent,,FinMind request sent with token in query params and/or Authorization header
2026-08-16 15:41:27,api_call,get_stock_data,2327,TaiwanStockPrice,False,,,not_checked,login not checked in this process yet,1,1,,,,sent,,FinMind request sent with token in query params and/or Authorization header
2026-08-16 15:42:13,api_call,get_stock_data,2327,TaiwanStockPrice,False,,,not_checked,login not checked in this process yet,1,1,,,,sent,,FinMind request sent with token in query params and/or Authorization header
2026-08-16 15:42:29,api_call,get_stock_data,2327,TaiwanStockPrice,False,,,not_checked,login not checked in this process yet,1,1,,,,sent,,FinMind request sent with token in query params and/or Authorization header
2026-08-16 15:43:01,api_call,get_stock_data,2327,TaiwanStockPrice,False,,,not_checked,login not checked in this process yet,1,1,,,,sent,,FinMind request sent with token in query params and/or Authorization header
2026-09-23 05:21:38,api_call,profit source,2330,TaiwanStockFinancialStatements,False,,,not_checked,login not checked in this process yet,1,1,,,,sent,,FinMind request sent with token in query params and/or Authorization header
2026-09-23 06:37:52,api_call,stock info source,2330,TaiwanStockInfo,False,,,not_checked,login not checked in this process yet,1,1,,,,sent,,FinMind request sent with token in query params and/or Authorization header
2026-09-23 07:36:27,api_call,stock info source,2330,TaiwanStockInfo,False,,,not_checked,login not checked in this process yet,1,1,,,,sent,,FinMind request sent with token in query params and/or Authorization header
2026-09-23 07:36:58,api_call,get_stock_data,0056,TaiwanStockPrice,False,,,missing_token,FINMIND_TOKEN is not set,1,1,,,,sent,,FinMind request sent with token in query params and/or Authorization header
2026-09-23 07:37:00,api_call,get_stock_reference_price,0056,TaiwanStockPriceLimit,False,,,missing_token,FINMIND_TOKEN is not set,2,1,,,,sent,,FinMind request sent with token in query params and/or Authorization header
2026-09-23 07:37:01,api_call,get_stock_data,00662,TaiwanStockPrice,False,,,missing_token,FINMIND_TOKEN is not set,3,2,,,,sent,,FinMind request sent with token in query params and/or Authorization header
2026-09-23 07:37:03,api_call,get_stock_reference_price,00662,TaiwanStockPriceLimit,False,,,missing_token,FINMIND_TOKEN is not set,4,2,,,,sent,,FinMind request sent with token in query params and/or Authorization header
2026-09-23 07:37:04,api_call,get_stock_data,00878,TaiwanStockPrice,False,,,missing_token,FINMIND_TOKEN is not set,5,3,,,,sent,,FinMind request sent with token in query params and/or Authorization header
2026-09-23 07:37:06,api_call,get_stock_reference_price,00878,TaiwanStockPriceLimit,False,,,missing_token,FINMIND_TOKEN is not set,6,3,,,,sent,,FinMind request sent with token in query params and/or Authorization header
2026-09-23 07:37:07,api_call,get_stock_data,00892,TaiwanStockPrice,False,,,missing_token,FINMIND_TOKEN is not set,7,4,,,,sent,,FinMind request sent with token in query params and/or Authorization header
2026-09-23 07:37:09,api_call,get_stock_reference_price,00892,TaiwanStockPriceLimit,False,,,missing_token,FINMIND_TOKEN is not set,8,4,,,,sent,,FinMind request sent with token in query params and/or Authorization header
2026-09-23 07:37:10,api_call,get_stock_data,00919,TaiwanStockPrice,False,,,missing_token,FINMIND_TOKEN is not set,9,5,,,,sent,,FinMind request sent with token in query params and/or Authorization header
2026-09-23 07:37:12,api_call,get_stock_reference_price,00919,TaiwanStockPriceLimit,False,,,missing_token,FINMIND_TOKEN is not set,10,5,,,,sent,,FinMind request sent with token in query params and/or Authorization header
2026-09-23 07:37:13,api_call,get_stock_data,00941,TaiwanStockPrice,False,,,missing_token,FINMIND_TOKEN is not set,11,6,,,,sent,,FinMind request sent with token in query params and/or Authorization header
2026-09-23 07:37:14,api_call,get_stock_reference_price,00941,TaiwanStockPriceLimit,False,,,missing_token,FINMIND_TOKEN is not set,12,6,,,,sent,,FinMind request sent with token in query params and/or Authorization header
2026-09-23 07:37:16,api_call,get_stock_data,1101,TaiwanStockPrice,False,,,missing_token,FINMIND_TOKEN is not set,13,7,,,,sent,,FinMind request sent with token in query params and/or Authorization header
2026-09-23 07:37:17,api_call,get_stock_reference_price,1101,TaiwanStockPriceLimit,False,,,missing_token,FINMIND_TOKEN is not set,14,7,,,,sent,,FinMind request sent with token in query params and/or Authorization header
2026-09-23 07:37:18,api_call,get_stock_data,1216,TaiwanStockPrice,False,,,missing_token,FINMIND_TOKEN is not set,15,8,,,,sent,,FinMind request sent with token in query params and/or Authorization header
2026-09-23 07:37:20,api_call,get_stock_reference_price,1216,TaiwanStockPriceLimit,False,,,missing_token,FINMIND_TOKEN is not set,16,8,,,,sent,,FinMind request sent with token in query params and/or Authorization header
2026-09-23 07:37:22,api_call,get_stock_data,1301,TaiwanStockPrice,False,,,missing_token,FINMIND_TOKEN is not set,17,9,,,,sent,,FinMind request sent with token in query params and/or Authorization header
2026-09-23 07:37:23,api_call,get_stock_reference_price,1301,TaiwanStockPriceLimit,False,,,missing_token,FINMIND_TOKEN is not set,18,9,,,,sent,,FinMind request sent with token in query params and/or Authorization header
2026-09-23 07:37:25,api_call,get_stock_data,1303,TaiwanStockPrice,False,,,missing_token,FINMIND_TOKEN is not set,19,10,,,,sent,,FinMind request sent with token in query params and/or Authorization header
2026-09-23 07:37:26,api_call,get_stock_reference_price,1303,TaiwanStockPriceLimit,False,,,missing_token,FINMIND_TOKEN is not set,20,10,,,,sent,,FinMind request sent with token in query params and/or Authorization header
2026-09-23 07:37:28,api_call,get_stock_data,1319,TaiwanStockPrice,False,,,missing_token,FINMIND_TOKEN is not set,21,11,,,,sent,,FinMind request sent with token in query params and/or Authorization header
2026-09-23 07:37:29,api_call,get_stock_reference_price,1319,TaiwanStockPriceLimit,False,,,missing_token,FINMIND_TOKEN is not set,22,11,,,,sent,,FinMind request sent with token in query params and/or Authorization header
2026-09-23 07:37:30,api_call,get_stock_data,1326,TaiwanStockPrice,False,,,missing_token,FINMIND_TOKEN is not set,23,12,,,,sent,,FinMind request sent with token in query params and/or Authorization header
2026-09-23 07:37:32,api_call,get_stock_reference_price,1326,TaiwanStockPriceLimit,False,,,missing_token,FINMIND_TOKEN is not set,24,12,,,,sent,,FinMind request sent with token in query params and/or Authorization header
2026-09-23 07:37:33,api_call,get_stock_data,1402,TaiwanStockPrice,False,,,missing_token,FINMIND_TOKEN is not set,25,13,,,,sent,,FinMind request sent with token in query params and/or Authorization header
2026-09-23 07:37:35,api_call,get_stock_reference_price,1402,TaiwanStockPriceLimit,False,,,missing_token,FINMIND_TOKEN is not set,26,13,,,,sent,,FinMind request sent with token in query params and/or Authorization header
2026-09-23 07:37:36,api_call,get_stock_data,1503,TaiwanStockPrice,False,,,missing_token,FINMIND_TOKEN is not set,27,14,,,,sent,,FinMind request sent with token in query params and/or Authorization header
2026-09-23 07:37:38,api_call,get_stock_reference_price,1503,TaiwanStockPriceLimit,False,,,missing_token,FINMIND_TOKEN is not set,28,14,,,,sent,,FinMind request sent with token in query params and/or Authorization header
2026-09-23 07:37:39,api_call,get_stock_data,1504,TaiwanStockPrice,False,,,missing_token,FINMIND_TOKEN is not set,29,15,,,,sent,,FinMind request sent with token in query params and/or Authorization header
2026-09-23 07:37:41,api_call,get_stock_reference_price,1504,TaiwanStockPriceLimit,False,,,missing_token,FINMIND_TOKEN is not set,30,15,,,,sent,,FinMind request sent with token in query params and/or Authorization header
2026-09-23 07:37:42,api_call,get_stock_data,1513,TaiwanStockPrice,False,,,missing_token,FINMIND_TOKEN is not set,31,16,,,,sent,,FinMind request sent with token in query params and/or Authorization header
2026-09-23 07:37:43,api_call,get_stock_reference_price,1513,TaiwanStockPriceLimit,False,,,missing_token,FINMIND_TOKEN is not set,32,16,,,,sent,,FinMind request sent with token in query params and/or Authorization header
2026-09-23 07:37:45,api_call,get_stock_data,1514,TaiwanStockPrice,False,,,missing_token,FINMIND_TOKEN is not set,33,17,,,,sent,,FinMind request sent with token in query params and/or Authorization header
2026-09-23 07:37:47,api_call,get_stock_reference_price,1514,TaiwanStockPriceLimit,False,,,missing_token,FINMIND_TOKEN is not set,34,17,,,,sent,,FinMind request sent with token in query params and/or Authorization header
2026-09-23 07:37:48,api_call,get_stock_data,1519,TaiwanStockPrice,False,,,missing_token,FINMIND_TOKEN is not set,35,18,,,,sent,,FinMind request sent with token in query params and/or Authorization header
2026-09-23 07:37:49,api_call,get_stock_reference_price,1519,TaiwanStockPriceLimit,False,,,missing_token,FINMIND_TOKEN is not set,36,18,,,,sent,,FinMind request sent with token in query params and/or Authorization header
2026-09-23 07:37:51,api_call,get_stock_data,1532,TaiwanStockPrice,False,,,missing_token,FINMIND_TOKEN is not set,37,19,,,,sent,,FinMind request sent with token in query params and/or Authorization header
2026-09-23 07:37:53,api_call,get_stock_reference_price,1532,TaiwanStockPriceLimit,False,,,missing_token,FINMIND_TOKEN is not set,38,19,,,,sent,,FinMind request sent with token in query params and/or Authorization header
2026-09-23 07:37:54,api_call,get_stock_data,1560,TaiwanStockPrice,False,,,missing_token,FINMIND_TOKEN is not set,39,20,,,,sent,,FinMind request sent with token in query params and/or Authorization header
2026-09-23 07:37:56,api_call,get_stock_reference_price,1560,TaiwanStockPriceLimit,False,,,missing_token,FINMIND_TOKEN is not set,40,20,,,,sent,,FinMind request sent with token in query params and/or Authorization header
2026-09-23 07:37:57,api_call,get_stock_data,1590,TaiwanStockPrice,False,,,missing_token,FINMIND_TOKEN is not set,41,21,,,,sent,,FinMind request sent with token in query params and/or Authorization header
2026-09-23 07:37:59,api_call,get_stock_reference_price,1590,TaiwanStockPriceLimit,False,,,missing_token,FINMIND_TOKEN is not set,42,21,,,,sent,,FinMind request sent with token in query params and/or Authorization header
2026-09-23 07:38:00,api_call,get_stock_data,1605,TaiwanStockPrice,False,,,missing_token,FINMIND_TOKEN is not set,43,22,,,,sent,,FinMind request sent with token in query params and/or Authorization header
2026-09-23 07:38:02,api_call,get_stock_reference_price,1605,TaiwanStockPriceLimit,False,,,missing_token,FINMIND_TOKEN is not set,44,22,,,,sent,,FinMind request sent with token in query params and/or Authorization header
2026-09-23 07:38:03,api_call,get_stock_data,1727,TaiwanStockPrice,False,,,missing_token,FINMIND_TOKEN is not set,45,23,,,,sent,,FinMind request sent with token in query params and/or Authorization header
2026-09-23 07:38:05,api_call,get_stock_reference_price,1727,TaiwanStockPriceLimit,False,,,missing_token,FINMIND_TOKEN is not set,46,23,,,,sent,,FinMind request sent with token in query params and/or Authorization header
2026-09-23 07:38:06,api_call,get_stock_data,1802,TaiwanStockPrice,False,,,missing_token,FINMIND_TOKEN is not set,47,24,,,,sent,,FinMind request sent with token in query params and/or Authorization header
2026-09-23 07:38:08,api_call,get_stock_reference_price,1802,TaiwanStockPriceLimit,False,,,missing_token,FINMIND_TOKEN is not set,48,24,,,,sent,,FinMind request sent with token in query params and/or Authorization header
2026-09-23 07:38:10,api_call,get_stock_data,1815,TaiwanStockPrice,False,,,missing_token,FINMIND_TOKEN is not set,49,25,,,,sent,,FinMind request sent with token in query params and/or Authorization header
2026-09-23 07:38:11,api_call,get_stock_reference_price,1815,TaiwanStockPriceLimit,False,,,missing_token,FINMIND_TOKEN is not set,50,25,,,,sent,,FinMind request sent with token in query params and/or Authorization header
2026-09-23 07:38:13,api_call,get_stock_data,2002,TaiwanStockPrice,False,,,missing_token,FINMIND_TOKEN is not set,51,26,,,,sent,,FinMind request sent with token in query params and/or Authorization header
2026-09-23 07:38:14,api_call,get_stock_reference_price,2002,TaiwanStockPriceLimit,False,,,missing_token,FINMIND_TOKEN is not set,52,26,,,,sent,,FinMind request sent with token in query params and/or Authorization header
2026-09-23 07:38:16,api_call,get_stock_data,2059,TaiwanStockPrice,False,,,missing_token,FINMIND_TOKEN is not set,53,27,,,,sent,,FinMind request sent with token in query params and/or Authorization header
2026-09-23 07:38:17,api_call,get_stock_reference_price,2059,TaiwanStockPriceLimit,False,,,missing_token,FINMIND_TOKEN is not set,54,27,,,,sent,,FinMind request sent with token in query params and/or Authorization header
2026-09-23 07:38:19,api_call,get_stock_data,2207,TaiwanStockPrice,False,,,missing_token,FINMIND_TOKEN is not set,55,28,,,,sent,,FinMind request sent with token in query params and/or Authorization header
2026-09-23 07:38:20,api_call,get_stock_reference_price,2207,TaiwanStockPriceLimit,False,,,missing_token,FINMIND_TOKEN is not set,56,28,,,,sent,,FinMind request sent with token in query params and/or Authorization header
2026-09-23 07:38:22,api_call,get_stock_data,2233,TaiwanStockPrice,False,,,missing_token,FINMIND_TOKEN is not set,57,29,,,,sent,,FinMind request sent with token in query params and/or Authorization header
2026-09-23 07:38:23,api_call,get_stock_reference_price,2233,TaiwanStockPriceLimit,False,,,missing_token,FINMIND_TOKEN is not set,58,29,,,,sent,,FinMind request sent with token in query params and/or Authorization header
2026-09-23 07:38:25,api_call,get_stock_data,2301,TaiwanStockPrice,False,,,missing_token,FINMIND_TOKEN is not set,59,30,,,,sent,,FinMind request sent with token in query params and/or Authorization header
2026-09-23 07:38:26,api_call,get_stock_reference_price,2301,TaiwanStockPriceLimit,False,,,missing_token,FINMIND_TOKEN is not set,60,30,,,,sent,,FinMind request sent with token in query params and/or Authorization header
2026-09-23 07:38:28,api_call,get_stock_data,2303,TaiwanStockPrice,False,,,missing_token,FINMIND_TOKEN is not set,61,31,,,,sent,,FinMind request sent with token in query params and/or Authorization header
2026-09-23 07:38:29,api_call,get_stock_reference_price,2303,TaiwanStockPriceLimit,False,,,missing_token,FINMIND_TOKEN is not set,62,31,,,,sent,,FinMind request sent with token in query params and/or Authorization header
2026-09-23 07:38:31,api_call,get_stock_data,2308,TaiwanStockPrice,False,,,missing_token,FINMIND_TOKEN is not set,63,32,,,,sent,,FinMind request sent with token in query params and/or Authorization header
2026-09-23 07:38:32,api_call,get_stock_reference_price,2308,TaiwanStockPriceLimit,False,,,missing_token,FINMIND_TOKEN is not set,64,32,,,,sent,,FinMind request sent with token in query params and/or Authorization header
2026-09-23 07:38:33,api_call,get_stock_data,2313,TaiwanStockPrice,False,,,missing_token,FINMIND_TOKEN is not set,65,33,,,,sent,,FinMind request sent with token in query params and/or Authorization header
2026-09-23 07:38:35,api_call,get_stock_reference_price,2313,TaiwanStockPriceLimit,False,,,missing_token,FINMIND_TOKEN is not set,66,33,,,,sent,,FinMind request sent with token in query params and/or Authorization header
2026-09-23 07:38:37,api_call,get_stock_data,2317,TaiwanStockPrice,False,,,missing_token,FINMIND_TOKEN is not set,67,34,,,,sent,,FinMind request sent with token in query params and/or Authorization header
2026-09-23 07:38:38,api_call,get_stock_reference_price,2317,TaiwanStockPriceLimit,False,,,missing_token,FINMIND_TOKEN is not set,68,34,,,,sent,,FinMind request sent with token in query params and/or Authorization header
2026-09-23 07:38:40,api_call,get_stock_data,2324,TaiwanStockPrice,False,,,missing_token,FINMIND_TOKEN is not set,69,35,,,,sent,,FinMind request sent with token in query params and/or Authorization header
2026-09-23 07:38:41,api_call,get_stock_reference_price,2324,TaiwanStockPriceLimit,False,,,missing_token,FINMIND_TOKEN is not set,70,35,,,,sent,,FinMind request sent with token in query params and/or Authorization header
2026-09-23 07:38:43,api_call,get_stock_data,2327,TaiwanStockPrice,False,,,missing_token,FINMIND_TOKEN is not set,71,36,,,,sent,,FinMind request sent with token in query params and/or Authorization header
2026-09-23 07:38:44,api_call,get_stock_reference_price,2327,TaiwanStockPriceLimit,False,,,missing_token,FINMIND_TOKEN is not set,72,36,,,,sent,,FinMind request sent with token in query params and/or Authorization header
2026-09-23 07:38:46,api_call,get_stock_data,2330,TaiwanStockPrice,False,,,missing_token,FINMIND_TOKEN is not set,73,37,,,,sent,,FinMind request sent with token in query params and/or Authorization header
2026-09-23 07:38:47,api_call,get_stock_reference_price,2330,TaiwanStockPriceLimit,False,,,missing_token,FINMIND_TOKEN is not set,74,37,,,,sent,,FinMind request sent with token in query params and/or Authorization header
2026-09-23 07:38:49,api_call,get_stock_data,2337,TaiwanStockPrice,False,,,missing_token,FINMIND_TOKEN is not set,75,38,,,,sent,,FinMind request sent with token in query params and/or Authorization header
2026-09-23 07:38:50,api_call,get_stock_reference_price,2337,TaiwanStockPriceLimit,False,,,missing_token,FINMIND_TOKEN is not set,76,38,,,,sent,,FinMind request sent with token in query params and/or Authorization header
2026-09-23 07:38:52,api_call,get_stock_data,2338,TaiwanStockPrice,False,,,missing_token,FINMIND_TOKEN is not set,77,39,,,,sent,,FinMind request sent with token in query params and/or Authorization header
2026-09-23 07:38:53,api_call,get_stock_reference_price,2338,TaiwanStockPriceLimit,False,,,missing_token,FINMIND_TOKEN is not set,78,39,,,,sent,,FinMind request sent with token in query params and/or Authorization header
2026-09-23 07:38:55,api_call,get_stock_data,2344,TaiwanStockPrice,False,,,missing_token,FINMIND_TOKEN is not set,79,40,,,,sent,,FinMind request sent with token in query params and/or Authorization header
2026-09-23 07:38:57,api_call,get_stock_reference_price,2344,TaiwanStockPriceLimit,False,,,missing_token,FINMIND_TOKEN is not set,80,40,,,,sent,,FinMind request sent with token in query params and/or Authorization header
2026-09-23 07:38:58,api_call,get_stock_data,2345,TaiwanStockPrice,False,,,missing_token,FINMIND_TOKEN is not set,81,41,,,,sent,,FinMind request sent with token in query params and/or Authorization header
2026-09-23 07:39:00,api_call,get_stock_reference_price,2345,TaiwanStockPriceLimit,False,,,missing_token,FINMIND_TOKEN is not set,82,41,,,,sent,,FinMind request sent with token in query params and/or Authorization header
2026-09-23 07:39:01,api_call,get_stock_data,2347,TaiwanStockPrice,False,,,missing_token,FINMIND_TOKEN is not set,83,42,,,,sent,,FinMind request sent with token in query params and/or Authorization header
2026-09-23 07:39:03,api_call,get_stock_reference_price,2347,TaiwanStockPriceLimit,False,,,missing_token,FINMIND_TOKEN is not set,84,42,,,,sent,,FinMind request sent with token in query params and/or Authorization header
2026-09-23 07:39:04,api_call,get_stock_data,2353,TaiwanStockPrice,False,,,missing_token,FINMIND_TOKEN is not set,85,43,,,,sent,,FinMind request sent with token in query params and/or Authorization header
2026-09-23 07:39:06,api_call,get_stock_reference_price,2353,TaiwanStockPriceLimit,False,,,missing_token,FINMIND_TOKEN is not set,86,43,,,,sent,,FinMind request sent with token in query params and/or Authorization header
2026-09-23 07:39:07,api_call,get_stock_data,2356,TaiwanStockPrice,False,,,missing_token,FINMIND_TOKEN is not set,87,44,,,,sent,,FinMind request sent with token in query params and/or Authorization header
2026-09-23 07:39:09,api_call,get_stock_reference_price,2356,TaiwanStockPriceLimit,False,,,missing_token,FINMIND_TOKEN is not set,88,44,,,,sent,,FinMind request sent with token in query params and/or Authorization header
2026-09-23 07:39:10,api_call,get_stock_data,2357,TaiwanStockPrice,False,,,missing_token,FINMIND_TOKEN is not set,89,45,,,,sent,,FinMind request sent with token in query params and/or Authorization header
2026-09-23 07:39:12,api_call,get_stock_reference_price,2357,TaiwanStockPriceLimit,False,,,missing_token,FINMIND_TOKEN is not set,90,45,,,,sent,,FinMind request sent with token in query params and/or Authorization header
2026-09-23 07:39:13,api_call,get_stock_data,2360,TaiwanStockPrice,False,,,missing_token,FINMIND_TOKEN is not set,91,46,,,,sent,,FinMind request sent with token in query params and/or Authorization header
2026-09-23 07:39:15,api_call,get_stock_reference_price,2360,TaiwanStockPriceLimit,False,,,missing_token,FINMIND_TOKEN is not set,92,46,,,,sent,,FinMind request sent with token in query params and/or Authorization header
2026-09-23 07:39:17,api_call,get_stock_data,2368,TaiwanStockPrice,False,,,missing_token,FINMIND_TOKEN is not set,93,47,,,,sent,,FinMind request sent with token in query params and/or Authorization header
2026-09-23 07:39:18,api_call,get_stock_reference_price,2368,TaiwanStockPriceLimit,False,,,missing_token,FINMIND_TOKEN is not set,94,47,,,,sent,,FinMind request sent with token in query params and/or Authorization header
2026-09-23 07:39:20,api_call,get_stock_data,2376,TaiwanStockPrice,False,,,missing_token,FINMIND_TOKEN is not set,95,48,,,,sent,,FinMind request sent with token in query params and/or Authorization header
2026-09-23 07:39:21,api_call,get_stock_reference_price,2376,TaiwanStockPriceLimit,False,,,missing_token,FINMIND_TOKEN is not set,96,48,,,,sent,,FinMind request sent with token in query params and/or Authorization header
2026-09-23 07:39:23,api_call,get_stock_data,2377,TaiwanStockPrice,False,,,missing_token,FINMIND_TOKEN is not set,97,49,,,,sent,,FinMind request sent with token in query params and/or Authorization header
2026-09-23 07:39:24,api_call,get_stock_reference_price,2377,TaiwanStockPriceLimit,False,,,missing_token,FINMIND_TOKEN is not set,98,49,,,,sent,,FinMind request sent with token in query params and/or Authorization header
2026-09-23 07:39:26,api_call,get_stock_data,2379,TaiwanStockPrice,False,,,missing_token,FINMIND_TOKEN is not set,99,50,,,,sent,,FinMind request sent with token in query params and/or Authorization header
2026-09-23 07:39:28,api_call,get_stock_reference_price,2379,TaiwanStockPriceLimit,False,,,missing_token,FINMIND_TOKEN is not set,100,50,,,,sent,,FinMind request sent with token in query params and/or Authorization header
2026-09-23 07:39:29,api_call,get_stock_data,2382,TaiwanStockPrice,False,,,missing_token,FINMIND_TOKEN is not set,101,51,,,,sent,,FinMind request sent with token in query params and/or Authorization header
2026-09-23 07:39:30,api_call,get_stock_reference_price,2382,TaiwanStockPriceLimit,False,,,missing_token,FINMIND_TOKEN is not set,102,51,,,,sent,,FinMind request sent with token in query params and/or Authorization header
2026-09-23 07:39:32,api_call,get_stock_data,2383,TaiwanStockPrice,False,,,missing_token,FINMIND_TOKEN is not set,103,52,,,,sent,,FinMind request sent with token in query params and/or Authorization header
2026-09-23 07:39:34,api_call,get_stock_reference_price,2383,TaiwanStockPriceLimit,False,,,missing_token,FINMIND_TOKEN is not set,104,52,,,,sent,,FinMind request sent with token in query params and/or Authorization header
2026-09-23 07:39:35,api_call,get_stock_data,2395,TaiwanStockPrice,False,,,missing_token,FINMIND_TOKEN is not set,105,53,,,,sent,,FinMind request sent with token in query params and/or Authorization header
2026-09-23 07:39:36,api_call,get_stock_reference_price,2395,TaiwanStockPriceLimit,False,,,missing_token,FINMIND_TOKEN is not set,106,53,,,,sent,,FinMind request sent with token in query params and/or Authorization header
2026-09-23 07:39:38,api_call,get_stock_data,2402,TaiwanStockPrice,False,,,missing_token,FINMIND_TOKEN is not set,107,54,,,,sent,,FinMind request sent with token in query params and/or Authorization header
2026-09-23 07:39:39,api_call,get_stock_reference_price,2402,TaiwanStockPriceLimit,False,,,missing_token,FINMIND_TOKEN is not set,108,54,,,,sent,,FinMind request sent with token in query params and/or Authorization header
2026-09-23 07:39:40,api_call,get_stock_data,2404,TaiwanStockPrice,False,,,missing_token,FINMIND_TOKEN is not set,109,55,,,,sent,,FinMind request sent with token in query params and/or Authorization header
2026-09-23 07:39:42,api_call,get_stock_reference_price,2404,TaiwanStockPriceLimit,False,,,missing_token,FINMIND_TOKEN is not set,110,55,,,,sent,,FinMind request sent with token in query params and/or Authorization header
2026-09-23 07:39:43,api_call,get_stock_data,2408,TaiwanStockPrice,False,,,missing_token,FINMIND_TOKEN is not set,111,56,,,,sent,,FinMind request sent with token in query params and/or Authorization header
2026-09-23 07:39:45,api_call,get_stock_reference_price,2408,TaiwanStockPriceLimit,False,,,missing_token,FINMIND_TOKEN is not set,112,56,,,,sent,,FinMind request sent with token in query params and/or Authorization header
2026-09-23 07:39:46,api_call,get_stock_data,2409,TaiwanStockPrice,False,,,missing_token,FINMIND_TOKEN is not set,113,57,,,,sent,,FinMind request sent with token in query params and/or Authorization header
2026-09-23 07:39:47,api_call,get_stock_reference_price,2409,TaiwanStockPriceLimit,False,,,missing_token,FINMIND_TOKEN is not set,114,57,,,,sent,,FinMind request sent with token in query params and/or Authorization header
2026-09-23 07:39:49,api_call,get_stock_data,2412,TaiwanStockPrice,False,,,missing_token,FINMIND_TOKEN is not set,115,58,,,,sent,,FinMind request sent with token in query params and/or Authorization header
2026-09-23 07:39:50,api_call,get_stock_reference_price,2412,TaiwanStockPriceLimit,False,,,missing_token,FINMIND_TOKEN is not set,116,58,,,,sent,,FinMind request sent with token in query params and/or Authorization header
2026-09-23 07:39:51,api_call,get_stock_data,2449,TaiwanStockPrice,False,,,missing_token,FINMIND_TOKEN is not set,117,59,,,,sent,,FinMind request sent with token in query params and/or Authorization header
2026-09-23 07:39:53,api_call,get_stock_reference_price,2449,TaiwanStockPriceLimit,False,,,missing_token,FINMIND_TOKEN is not set,118,59,,,,sent,,FinMind request sent with token in query params and/or Authorization header
2026-09-23 07:39:54,api_call,get_stock_data,2451,TaiwanStockPrice,False,,,missing_token,FINMIND_TOKEN is not set,119,60,,,,sent,,FinMind request sent with token in query params and/or Authorization header
2026-09-23 07:39:55,api_call,get_stock_reference_price,2451,TaiwanStockPriceLimit,False,,,missing_token,FINMIND_TOKEN is not set,120,60,,,,sent,,FinMind request sent with token in query params and/or Authorization header
2026-09-23 07:39:57,api_call,get_stock_data,2454,TaiwanStockPrice,False,,,missing_token,FINMIND_TOKEN is not set,121,61,,,,sent,,FinMind request sent with token in query params and/or Authorization header
2026-09-23 07:39:58,api_call,get_stock_reference_price,2454,TaiwanStockPriceLimit,False,,,missing_token,FINMIND_TOKEN is not set,122,61,,,,sent,,FinMind request sent with token in query params and/or Authorization header
2026-09-23 07:39:59,api_call,get_stock_data,2455,TaiwanStockPrice,False,,,missing_token,FINMIND_TOKEN is not set,123,62,,,,sent,,FinMind request sent with token in query params and/or Authorization header
2026-09-23 07:40:01,api_call,get_stock_reference_price,2455,TaiwanStockPriceLimit,False,,,missing_token,FINMIND_TOKEN is not set,124,62,,,,sent,,FinMind request sent with token in query params and/or Authorization header
2026-09-23 07:40:02,api_call,get_stock_data,2467,TaiwanStockPrice,False,,,missing_token,FINMIND_TOKEN is not set,125,63,,,,sent,,FinMind request sent with token in query params and/or Authorization header
2026-09-23 07:40:03,api_call,get_stock_reference_price,2467,TaiwanStockPriceLimit,False,,,missing_token,FINMIND_TOKEN is not set,126,63,,,,sent,,FinMind request sent with token in query params and/or Authorization header
2026-09-23 07:40:05,api_call,get_stock_data,2481,TaiwanStockPrice,False,,,missing_token,FINMIND_TOKEN is not set,127,64,,,,sent,,FinMind request sent with token in query params and/or Authorization header
2026-09-23 07:40:07,api_call,get_stock_reference_price,2481,TaiwanStockPriceLimit,False,,,missing_token,FINMIND_TOKEN is not set,128,64,,,,sent,,FinMind request sent with token in query params and/or Authorization header
2026-09-23 07:40:08,api_call,get_stock_data,2486,TaiwanStockPrice,False,,,missing_token,FINMIND_TOKEN is not set,129,65,,,,sent,,FinMind request sent with token in query params and/or Authorization header
2026-09-23 07:40:10,api_call,get_stock_reference_price,2486,TaiwanStockPriceLimit,False,,,missing_token,FINMIND_TOKEN is not set,130,65,,,,sent,,FinMind request sent with token in query params and/or Authorization header
2026-09-23 07:40:11,api_call,get_stock_data,2603,TaiwanStockPrice,False,,,missing_token,FINMIND_TOKEN is not set,131,66,,,,sent,,FinMind request sent with token in query params and/or Authorization header
2026-09-23 07:40:13,api_call,get_stock_reference_price,2603,TaiwanStockPriceLimit,False,,,missing_token,FINMIND_TOKEN is not set,132,66,,,,sent,,FinMind request sent with token in query params and/or Authorization header
2026-09-23 07:40:14,api_call,get_stock_data,2609,TaiwanStockPrice,False,,,missing_token,FINMIND_TOKEN is not set,133,67,,,,sent,,FinMind request sent with token in query params and/or Authorization header
2026-09-23 07:40:16,api_call,get_stock_reference_price,2609,TaiwanStockPriceLimit,False,,,missing_token,FINMIND_TOKEN is not set,134,67,,,,sent,,FinMind request sent with token in query params and/or Authorization header
2026-09-23 07:40:18,api_call,get_stock_data,2610,TaiwanStockPrice,False,,,missing_token,FINMIND_TOKEN is not set,135,68,,,,sent,,FinMind request sent with token in query params and/or Authorization header
2026-09-23 07:40:19,api_call,get_stock_reference_price,2610,TaiwanStockPriceLimit,False,,,missing_token,FINMIND_TOKEN is not set,136,68,,,,sent,,FinMind request sent with token in query params and/or Authorization header
2026-09-23 07:40:21,api_call,get_stock_data,2615,TaiwanStockPrice,False,,,missing_token,FINMIND_TOKEN is not set,137,69,,,,sent,,FinMind request sent with token in query params and/or Authorization header
2026-09-23 07:40:23,api_call,get_stock_reference_price,2615,TaiwanStockPriceLimit,False,,,missing_token,FINMIND_TOKEN is not set,138,69,,,,sent,,FinMind request sent with token in query params and/or Authorization header
2026-09-23 07:40:24,api_call,get_stock_data,2618,TaiwanStockPrice,False,,,missing_token,FINMIND_TOKEN is not set,139,70,,,,sent,,FinMind request sent with token in query params and/or Authorization header
2026-09-23 07:40:26,api_call,get_stock_reference_price,2618,TaiwanStockPriceLimit,False,,,missing_token,FINMIND_TOKEN is not set,140,70,,,,sent,,FinMind request sent with token in query params and/or Authorization header
2026-09-23 07:40:27,api_call,get_stock_data,2801,TaiwanStockPrice,False,,,missing_token,FINMIND_TOKEN is not set,141,71,,,,sent,,FinMind request sent with token in query params and/or Authorization header
2026-09-23 07:40:29,api_call,get_stock_reference_price,2801,TaiwanStockPriceLimit,False,,,missing_token,FINMIND_TOKEN is not set,142,71,,,,sent,,FinMind request sent with token in query params and/or Authorization header
2026-09-23 07:40:30,api_call,get_stock_data,2812,TaiwanStockPrice,False,,,missing_token,FINMIND_TOKEN is not set,143,72,,,,sent,,FinMind request sent with token in query params and/or Authorization header
2026-09-23 07:40:32,api_call,get_stock_reference_price,2812,TaiwanStockPriceLimit,False,,,missing_token,FINMIND_TOKEN is not set,144,72,,,,sent,,FinMind request sent with token in query params and/or Authorization header
2026-09-23 07:40:33,api_call,get_stock_data,2834,TaiwanStockPrice,False,,,missing_token,FINMIND_TOKEN is not set,145,73,,,,sent,,FinMind request sent with token in query params and/or Authorization header
2026-09-23 07:40:35,api_call,get_stock_reference_price,2834,TaiwanStockPriceLimit,False,,,missing_token,FINMIND_TOKEN is not set,146,73,,,,sent,,FinMind request sent with token in query params and/or Authorization header
2026-09-23 07:40:36,api_call,get_stock_data,2880,TaiwanStockPrice,False,,,missing_token,FINMIND_TOKEN is not set,147,74,,,,sent,,FinMind request sent with token in query params and/or Authorization header
2026-09-23 07:40:38,api_call,get_stock_reference_price,2880,TaiwanStockPriceLimit,False,,,missing_token,FINMIND_TOKEN is not set,148,74,,,,sent,,FinMind request sent with token in query params and/or Authorization header
2026-09-23 07:40:39,api_call,get_stock_data,2881,TaiwanStockPrice,False,,,missing_token,FINMIND_TOKEN is not set,149,75,,,,sent,,FinMind request sent with token in query params and/or Authorization header
2026-09-23 07:40:40,api_call,get_stock_reference_price,2881,TaiwanStockPriceLimit,False,,,missing_token,FINMIND_TOKEN is not set,150,75,,,,sent,,FinMind request sent with token in query params and/or Authorization header
2026-09-23 07:40:41,api_call,get_stock_data,2882,TaiwanStockPrice,False,,,missing_token,FINMIND_TOKEN is not set,151,76,,,,sent,,FinMind request sent with token in query params and/or Authorization header
2026-09-23 07:40:43,api_call,get_stock_reference_price,2882,TaiwanStockPriceLimit,False,,,missing_token,FINMIND_TOKEN is not set,152,76,,,,sent,,FinMind request sent with token in query params and/or Authorization header
2026-09-23 07:40:44,api_call,get_stock_data,2883,TaiwanStockPrice,False,,,missing_token,FINMIND_TOKEN is not set,153,77,,,,sent,,FinMind request sent with token in query params and/or Authorization header
2026-09-23 07:40:46,api_call,get_stock_reference_price,2883,TaiwanStockPriceLimit,False,,,missing_token,FINMIND_TOKEN is not set,154,77,,,,sent,,FinMind request sent with token in query params and/or Authorization header
2026-09-23 07:40:47,api_call,get_stock_data,2884,TaiwanStockPrice,False,,,missing_token,FINMIND_TOKEN is not set,155,78,,,,sent,,FinMind request sent with token in query params and/or Authorization header
2026-09-23 07:40:48,api_call,get_stock_reference_price,2884,TaiwanStockPriceLimit,False,,,missing_token,FINMIND_TOKEN is not set,156,78,,,,sent,,FinMind request sent with token in query params and/or Authorization header
2026-09-23 07:40:50,api_call,get_stock_data,2885,TaiwanStockPrice,False,,,missing_token,FINMIND_TOKEN is not set,157,79,,,,sent,,FinMind request sent with token in query params and/or Authorization header
2026-09-23 07:40:51,api_call,get_stock_reference_price,2885,TaiwanStockPriceLimit,False,,,missing_token,FINMIND_TOKEN is not set,158,79,,,,sent,,FinMind request sent with token in query params and/or Authorization header
2026-09-23 07:40:53,api_call,get_stock_data,2886,TaiwanStockPrice,False,,,missing_token,FINMIND_TOKEN is not set,159,80,,,,sent,,FinMind request sent with token in query params and/or Authorization header
2026-09-23 07:40:54,api_call,get_stock_reference_price,2886,TaiwanStockPriceLimit,False,,,missing_token,FINMIND_TOKEN is not set,160,80,,,,sent,,FinMind request sent with token in query params and/or Authorization header
2026-09-23 07:40:56,api_call,get_stock_data,2887,TaiwanStockPrice,False,,,missing_token,FINMIND_TOKEN is not set,161,81,,,,sent,,FinMind request sent with token in query params and/or Authorization header
2026-09-23 07:40:58,api_call,get_stock_reference_price,2887,TaiwanStockPriceLimit,False,,,missing_token,FINMIND_TOKEN is not set,162,81,,,,sent,,FinMind request sent with token in query params and/or Authorization header
2026-09-23 07:40:59,api_call,get_stock_data,2890,TaiwanStockPrice,False,,,missing_token,FINMIND_TOKEN is not set,163,82,,,,sent,,FinMind request sent with token in query params and/or Authorization header
2026-09-23 07:41:00,api_call,get_stock_reference_price,2890,TaiwanStockPriceLimit,False,,,missing_token,FINMIND_TOKEN is not set,164,82,,,,sent,,FinMind request sent with token in query params and/or Authorization header
2026-09-23 07:41:02,api_call,get_stock_data,2891,TaiwanStockPrice,False,,,missing_token,FINMIND_TOKEN is not set,165,83,,,,sent,,FinMind request sent with token in query params and/or Authorization header
2026-09-23 07:41:03,api_call,get_stock_reference_price,2891,TaiwanStockPriceLimit,False,,,missing_token,FINMIND_TOKEN is not set,166,83,,,,sent,,FinMind request sent with token in query params and/or Authorization header
2026-09-23 07:41:05,api_call,get_stock_data,2892,TaiwanStockPrice,False,,,missing_token,FINMIND_TOKEN is not set,167,84,,,,sent,,FinMind request sent with token in query params and/or Authorization header
2026-09-23 07:41:06,api_call,get_stock_reference_price,2892,TaiwanStockPriceLimit,False,,,missing_token,FINMIND_TOKEN is not set,168,84,,,,sent,,FinMind request sent with token in query params and/or Authorization header
2026-09-23 07:41:08,api_call,get_stock_data,2912,TaiwanStockPrice,False,,,missing_token,FINMIND_TOKEN is not set,169,85,,,,sent,,FinMind request sent with token in query params and/or Authorization header
2026-09-23 07:41:09,api_call,get_stock_reference_price,2912,TaiwanStockPriceLimit,False,,,missing_token,FINMIND_TOKEN is not set,170,85,,,,sent,,FinMind request sent with token in query params and/or Authorization header
2026-09-23 07:41:11,api_call,get_stock_data,3008,TaiwanStockPrice,False,,,missing_token,FINMIND_TOKEN is not set,171,86,,,,sent,,FinMind request sent with token in query params and/or Authorization header
2026-09-23 07:41:12,api_call,get_stock_reference_price,3008,TaiwanStockPriceLimit,False,,,missing_token,FINMIND_TOKEN is not set,172,86,,,,sent,,FinMind request sent with token in query params and/or Authorization header
2026-09-23 07:41:13,api_call,get_stock_data,3013,TaiwanStockPrice,False,,,missing_token,FINMIND_TOKEN is not set,173,87,,,,sent,,FinMind request sent with token in query params and/or Authorization header
2026-09-23 07:41:15,api_call,get_stock_reference_price,3013,TaiwanStockPriceLimit,False,,,missing_token,FINMIND_TOKEN is not set,174,87,,,,sent,,FinMind request sent with token in query params and/or Authorization header
2026-09-23 07:41:16,api_call,get_stock_data,3017,TaiwanStockPrice,False,,,missing_token,FINMIND_TOKEN is not set,175,88,,,,sent,,FinMind request sent with token in query params and/or Authorization header
2026-09-23 07:41:17,api_call,get_stock_reference_price,3017,TaiwanStockPriceLimit,False,,,missing_token,FINMIND_TOKEN is not set,176,88,,,,sent,,FinMind request sent with token in query params and/or Authorization header
2026-09-23 07:41:19,api_call,get_stock_data,3034,TaiwanStockPrice,False,,,missing_token,FINMIND_TOKEN is not set,177,89,,,,sent,,FinMind request sent with token in query params and/or Authorization header
2026-09-23 07:41:20,api_call,get_stock_reference_price,3034,TaiwanStockPriceLimit,False,,,missing_token,FINMIND_TOKEN is not set,178,89,,,,sent,,FinMind request sent with token in query params and/or Authorization header
2026-09-23 07:41:21,api_call,get_stock_data,3035,TaiwanStockPrice,False,,,missing_token,FINMIND_TOKEN is not set,179,90,,,,sent,,FinMind request sent with token in query params and/or Authorization header
2026-09-23 07:41:23,api_call,get_stock_reference_price,3035,TaiwanStockPriceLimit,False,,,missing_token,FINMIND_TOKEN is not set,180,90,,,,sent,,FinMind request sent with token in query params and/or Authorization header
2026-09-23 07:41:24,api_call,get_stock_data,3036,TaiwanStockPrice,False,,,missing_token,FINMIND_TOKEN is not set,181,91,,,,sent,,FinMind request sent with token in query params and/or Authorization header
2026-09-23 07:41:26,api_call,get_stock_reference_price,3036,TaiwanStockPriceLimit,False,,,missing_token,FINMIND_TOKEN is not set,182,91,,,,sent,,FinMind request sent with token in query params and/or Authorization header
2026-09-23 07:41:27,api_call,get_stock_data,3037,TaiwanStockPrice,False,,,missing_token,FINMIND_TOKEN is not set,183,92,,,,sent,,FinMind request sent with token in query params and/or Authorization header
2026-09-23 07:41:29,api_call,get_stock_reference_price,3037,TaiwanStockPriceLimit,False,,,missing_token,FINMIND_TOKEN is not set,184,92,,,,sent,,FinMind request sent with token in query params and/or Authorization header
2026-09-23 07:41:30,api_call,get_stock_data,3044,TaiwanStockPrice,False,,,missing_token,FINMIND_TOKEN is not set,185,93,,,,sent,,FinMind request sent with token in query params and/or Authorization header
2026-09-23 07:41:31,api_call,get_stock_reference_price,3044,TaiwanStockPriceLimit,False,,,missing_token,FINMIND_TOKEN is not set,186,93,,,,sent,,FinMind request sent with token in query params and/or Authorization header
2026-09-23 07:41:33,api_call,get_stock_data,3045,TaiwanStockPrice,False,,,missing_token,FINMIND_TOKEN is not set,187,94,,,,sent,,FinMind request sent with token in query params and/or Authorization header
2026-09-23 07:41:34,api_call,get_stock_reference_price,3045,TaiwanStockPriceLimit,False,,,missing_token,FINMIND_TOKEN is not set,188,94,,,,sent,,FinMind request sent with token in query params and/or Authorization header
2026-09-23 07:41:35,api_call,get_stock_data,3081,TaiwanStockPrice,False,,,missing_token,FINMIND_TOKEN is not set,189,95,,,,sent,,FinMind request sent with token in query params and/or Authorization header
2026-09-23 07:41:37,api_call,get_stock_reference_price,3081,TaiwanStockPriceLimit,False,,,missing_token,FINMIND_TOKEN is not set,190,95,,,,sent,,FinMind request sent with token in query params and/or Authorization header
2026-09-23 07:41:38,api_call,get_stock_data,3105,TaiwanStockPrice,False,,,missing_token,FINMIND_TOKEN is not set,191,96,,,,sent,,FinMind request sent with token in query params and/or Authorization header
2026-09-23 07:41:39,api_call,get_stock_reference_price,3105,TaiwanStockPriceLimit,False,,,missing_token,FINMIND_TOKEN is not set,192,96,,,,sent,,FinMind request sent with token in query params and/or Authorization header
2026-09-23 07:41:40,api_call,get_stock_data,3131,TaiwanStockPrice,False,,,missing_token,FINMIND_TOKEN is not set,193,97,,,,sent,,FinMind request sent with token in query params and/or Authorization header
2026-09-23 07:41:42,api_call,get_stock_reference_price,3131,TaiwanStockPriceLimit,False,,,missing_token,FINMIND_TOKEN is not set,194,97,,,,sent,,FinMind request sent with token in query params and/or Authorization header
2026-09-23 07:41:43,api_call,get_stock_data,3163,TaiwanStockPrice,False,,,missing_token,FINMIND_TOKEN is not set,195,98,,,,sent,,FinMind request sent with token in query params and/or Authorization header
2026-09-23 07:41:45,api_call,get_stock_reference_price,3163,TaiwanStockPriceLimit,False,,,missing_token,FINMIND_TOKEN is not set,196,98,,,,sent,,FinMind request sent with token in query params and/or Authorization header
2026-09-23 07:41:46,api_call,get_stock_data,3167,TaiwanStockPrice,False,,,missing_token,FINMIND_TOKEN is not set,197,99,,,,sent,,FinMind request sent with token in query params and/or Authorization header
2026-09-23 07:41:48,api_call,get_stock_reference_price,3167,TaiwanStockPriceLimit,False,,,missing_token,FINMIND_TOKEN is not set,198,99,,,,sent,,FinMind request sent with token in query params and/or Authorization header
2026-09-23 07:41:49,api_call,get_stock_data,3178,TaiwanStockPrice,False,,,missing_token,FINMIND_TOKEN is not set,199,100,,,,sent,,FinMind request sent with token in query params and/or Authorization header
2026-09-23 07:41:51,api_call,get_stock_reference_price,3178,TaiwanStockPriceLimit,False,,,missing_token,FINMIND_TOKEN is not set,200,100,,,,sent,,FinMind request sent with token in query params and/or Authorization header
2026-09-23 07:41:52,api_call,get_stock_data,3189,TaiwanStockPrice,False,,,missing_token,FINMIND_TOKEN is not set,201,101,,,,sent,,FinMind request sent with token in query params and/or Authorization header
2026-09-23 07:41:54,api_call,get_stock_reference_price,3189,TaiwanStockPriceLimit,False,,,missing_token,FINMIND_TOKEN is not set,202,101,,,,sent,,FinMind request sent with token in query params and/or Authorization header
2026-09-23 07:41:55,api_call,get_stock_data,3211,TaiwanStockPrice,False,,,missing_token,FINMIND_TOKEN is not set,203,102,,,,sent,,FinMind request sent with token in query params and/or Authorization header
2026-09-23 07:41:57,api_call,get_stock_reference_price,3211,TaiwanStockPriceLimit,False,,,missing_token,FINMIND_TOKEN is not set,204,102,,,,sent,,FinMind request sent with token in query params and/or Authorization header
2026-09-23 07:41:58,api_call,get_stock_data,3231,TaiwanStockPrice,False,,,missing_token,FINMIND_TOKEN is not set,205,103,,,,sent,,FinMind request sent with token in query params and/or Authorization header
2026-09-23 07:42:00,api_call,get_stock_reference_price,3231,TaiwanStockPriceLimit,False,,,missing_token,FINMIND_TOKEN is not set,206,103,,,,sent,,FinMind request sent with token in query params and/or Authorization header
2026-09-23 07:42:02,api_call,get_stock_data,3234,TaiwanStockPrice,False,,,missing_token,FINMIND_TOKEN is not set,207,104,,,,sent,,FinMind request sent with token in query params and/or Authorization header
2026-09-23 07:42:04,api_call,get_stock_reference_price,3234,TaiwanStockPriceLimit,False,,,missing_token,FINMIND_TOKEN is not set,208,104,,,,sent,,FinMind request sent with token in query params and/or Authorization header
2026-09-23 07:42:05,api_call,get_stock_data,3264,TaiwanStockPrice,False,,,missing_token,FINMIND_TOKEN is not set,209,105,,,,sent,,FinMind request sent with token in query params and/or Authorization header
2026-09-23 07:42:07,api_call,get_stock_reference_price,3264,TaiwanStockPriceLimit,False,,,missing_token,FINMIND_TOKEN is not set,210,105,,,,sent,,FinMind request sent with token in query params and/or Authorization header
2026-09-23 07:42:08,api_call,get_stock_data,3265,TaiwanStockPrice,False,,,missing_token,FINMIND_TOKEN is not set,211,106,,,,sent,,FinMind request sent with token in query params and/or Authorization header
2026-09-23 07:42:09,api_call,get_stock_reference_price,3265,TaiwanStockPriceLimit,False,,,missing_token,FINMIND_TOKEN is not set,212,106,,,,sent,,FinMind request sent with token in query params and/or Authorization header
2026-09-23 07:42:11,api_call,get_stock_data,3289,TaiwanStockPrice,False,,,missing_token,FINMIND_TOKEN is not set,213,107,,,,sent,,FinMind request sent with token in query params and/or Authorization header
2026-09-23 07:42:12,api_call,get_stock_reference_price,3289,TaiwanStockPriceLimit,False,,,missing_token,FINMIND_TOKEN is not set,214,107,,,,sent,,FinMind request sent with token in query params and/or Authorization header
2026-09-23 07:42:14,api_call,get_stock_data,3324,TaiwanStockPrice,False,,,missing_token,FINMIND_TOKEN is not set,215,108,,,,sent,,FinMind request sent with token in query params and/or Authorization header
2026-09-23 07:42:15,api_call,get_stock_reference_price,3324,TaiwanStockPriceLimit,False,,,missing_token,FINMIND_TOKEN is not set,216,108,,,,sent,,FinMind request sent with token in query params and/or Authorization header
2026-09-23 07:42:17,api_call,get_stock_data,3363,TaiwanStockPrice,False,,,missing_token,FINMIND_TOKEN is not set,217,109,,,,sent,,FinMind request sent with token in query params and/or Authorization header
2026-09-23 07:42:19,api_call,get_stock_reference_price,3363,TaiwanStockPriceLimit,False,,,missing_token,FINMIND_TOKEN is not set,218,109,,,,sent,,FinMind request sent with token in query params and/or Authorization header
2026-09-23 07:42:20,api_call,get_stock_data,3374,TaiwanStockPrice,False,,,missing_token,FINMIND_TOKEN is not set,219,110,,,,sent,,FinMind request sent with token in query params and/or Authorization header
2026-09-23 07:42:22,api_call,get_stock_reference_price,3374,TaiwanStockPriceLimit,False,,,missing_token,FINMIND_TOKEN is not set,220,110,,,,sent,,FinMind request sent with token in query params and/or Authorization header
2026-09-23 07:42:23,api_call,get_stock_data,3376,TaiwanStockPrice,False,,,missing_token,FINMIND_TOKEN is not set,221,111,,,,sent,,FinMind request sent with token in query params and/or Authorization header
2026-09-23 07:42:25,api_call,get_stock_reference_price,3376,TaiwanStockPriceLimit,False,,,missing_token,FINMIND_TOKEN is not set,222,111,,,,sent,,FinMind request sent with token in query params and/or Authorization header
2026-09-23 07:42:26,api_call,get_stock_data,3443,TaiwanStockPrice,False,,,missing_token,FINMIND_TOKEN is not set,223,112,,,,sent,,FinMind request sent with token in query params and/or Authorization header
2026-09-23 07:42:28,api_call,get_stock_reference_price,3443,TaiwanStockPriceLimit,False,,,missing_token,FINMIND_TOKEN is not set,224,112,,,,sent,,FinMind request sent with token in query params and/or Authorization header
2026-09-23 07:42:30,api_call,get_stock_data,3450,TaiwanStockPrice,False,,,missing_token,FINMIND_TOKEN is not set,225,113,,,,sent,,FinMind request sent with token in query params and/or Authorization header
2026-09-23 07:42:31,api_call,get_stock_reference_price,3450,TaiwanStockPriceLimit,False,,,missing_token,FINMIND_TOKEN is not set,226,113,,,,sent,,FinMind request sent with token in query params and/or Authorization header
2026-09-23 07:42:32,api_call,get_stock_data,3481,TaiwanStockPrice,False,,,missing_token,FINMIND_TOKEN is not set,227,114,,,,sent,,FinMind request sent with token in query params and/or Authorization header
2026-09-23 07:42:34,api_call,get_stock_reference_price,3481,TaiwanStockPriceLimit,False,,,missing_token,FINMIND_TOKEN is not set,228,114,,,,sent,,FinMind request sent with token in query params and/or Authorization header
2026-09-23 07:42:35,api_call,get_stock_data,3491,TaiwanStockPrice,False,,,missing_token,FINMIND_TOKEN is not set,229,115,,,,sent,,FinMind request sent with token in query params and/or Authorization header
2026-09-23 07:42:37,api_call,get_stock_reference_price,3491,TaiwanStockPriceLimit,False,,,missing_token,FINMIND_TOKEN is not set,230,115,,,,sent,,FinMind request sent with token in query params and/or Authorization header
2026-09-23 07:42:38,api_call,get_stock_data,3529,TaiwanStockPrice,False,,,missing_token,FINMIND_TOKEN is not set,231,116,,,,sent,,FinMind request sent with token in query params and/or Authorization header
2026-09-23 07:42:39,api_call,get_stock_reference_price,3529,TaiwanStockPriceLimit,False,,,missing_token,FINMIND_TOKEN is not set,232,116,,,,sent,,FinMind request sent with token in query params and/or Authorization header
2026-09-23 07:42:40,api_call,get_stock_data,3532,TaiwanStockPrice,False,,,missing_token,FINMIND_TOKEN is not set,233,117,,,,sent,,FinMind request sent with token in query params and/or Authorization header
2026-09-23 07:42:42,api_call,get_stock_reference_price,3532,TaiwanStockPriceLimit,False,,,missing_token,FINMIND_TOKEN is not set,234,117,,,,sent,,FinMind request sent with token in query params and/or Authorization header
2026-09-23 07:42:43,api_call,get_stock_data,3533,TaiwanStockPrice,False,,,missing_token,FINMIND_TOKEN is not set,235,118,,,,sent,,FinMind request sent with token in query params and/or Authorization header
2026-09-23 07:42:44,api_call,get_stock_reference_price,3533,TaiwanStockPriceLimit,False,,,missing_token,FINMIND_TOKEN is not set,236,118,,,,sent,,FinMind request sent with token in query params and/or Authorization header
2026-09-23 07:42:46,api_call,get_stock_data,3563,TaiwanStockPrice,False,,,missing_token,FINMIND_TOKEN is not set,237,119,,,,sent,,FinMind request sent with token in query params and/or Authorization header
2026-09-23 07:42:47,api_call,get_stock_reference_price,3563,TaiwanStockPriceLimit,False,,,missing_token,FINMIND_TOKEN is not set,238,119,,,,sent,,FinMind request sent with token in query params and/or Authorization header
2026-09-23 07:42:48,api_call,get_stock_data,3583,TaiwanStockPrice,False,,,missing_token,FINMIND_TOKEN is not set,239,120,,,,sent,,FinMind request sent with token in query params and/or Authorization header
2026-09-23 07:42:50,api_call,get_stock_reference_price,3583,TaiwanStockPriceLimit,False,,,missing_token,FINMIND_TOKEN is not set,240,120,,,,sent,,FinMind request sent with token in query params and/or Authorization header
2026-09-23 07:42:51,api_call,get_stock_data,3587,TaiwanStockPrice,False,,,missing_token,FINMIND_TOKEN is not set,241,121,,,,sent,,FinMind request sent with token in query params and/or Authorization header
2026-09-23 07:42:52,api_call,get_stock_reference_price,3587,TaiwanStockPriceLimit,False,,,missing_token,FINMIND_TOKEN is not set,242,121,,,,sent,,FinMind request sent with token in query params and/or Authorization header
2026-09-23 07:42:53,api_call,get_stock_data,3605,TaiwanStockPrice,False,,,missing_token,FINMIND_TOKEN is not set,243,122,,,,sent,,FinMind request sent with token in query params and/or Authorization header
2026-09-23 07:42:55,api_call,get_stock_reference_price,3605,TaiwanStockPriceLimit,False,,,missing_token,FINMIND_TOKEN is not set,244,122,,,,sent,,FinMind request sent with token in query params and/or Authorization header
2026-09-23 07:42:56,api_call,get_stock_data,3645,TaiwanStockPrice,False,,,missing_token,FINMIND_TOKEN is not set,245,123,,,,sent,,FinMind request sent with token in query params and/or Authorization header
2026-09-23 07:42:58,api_call,get_stock_reference_price,3645,TaiwanStockPriceLimit,False,,,missing_token,FINMIND_TOKEN is not set,246,123,,,,sent,,FinMind request sent with token in query params and/or Authorization header
2026-09-23 07:42:59,api_call,get_stock_data,3653,TaiwanStockPrice,False,,,missing_token,FINMIND_TOKEN is not set,247,124,,,,sent,,FinMind request sent with token in query params and/or Authorization header
2026-09-23 07:43:00,api_call,get_stock_reference_price,3653,TaiwanStockPriceLimit,False,,,missing_token,FINMIND_TOKEN is not set,248,124,,,,sent,,FinMind request sent with token in query params and/or Authorization header
2026-09-23 07:43:02,api_call,get_stock_data,3661,TaiwanStockPrice,False,,,missing_token,FINMIND_TOKEN is not set,249,125,,,,sent,,FinMind request sent with token in query params and/or Authorization header
2026-09-23 07:43:03,api_call,get_stock_reference_price,3661,TaiwanStockPriceLimit,False,,,missing_token,FINMIND_TOKEN is not set,250,125,,,,sent,,FinMind request sent with token in query params and/or Authorization header
2026-09-23 07:43:04,api_call,get_stock_data,3665,TaiwanStockPrice,False,,,missing_token,FINMIND_TOKEN is not set,251,126,,,,sent,,FinMind request sent with token in query params and/or Authorization header
2026-09-23 07:43:05,api_call,get_stock_reference_price,3665,TaiwanStockPriceLimit,False,,,missing_token,FINMIND_TOKEN is not set,252,126,,,,sent,,FinMind request sent with token in query params and/or Authorization header
2026-09-23 07:43:07,api_call,get_stock_data,3680,TaiwanStockPrice,False,,,missing_token,FINMIND_TOKEN is not set,253,127,,,,sent,,FinMind request sent with token in query params and/or Authorization header
2026-09-23 07:43:08,api_call,get_stock_reference_price,3680,TaiwanStockPriceLimit,False,,,missing_token,FINMIND_TOKEN is not set,254,127,,,,sent,,FinMind request sent with token in query params and/or Authorization header
2026-09-23 07:43:09,api_call,get_stock_data,3701,TaiwanStockPrice,False,,,missing_token,FINMIND_TOKEN is not set,255,128,,,,sent,,FinMind request sent with token in query params and/or Authorization header
2026-09-23 07:43:11,api_call,get_stock_reference_price,3701,TaiwanStockPriceLimit,False,,,missing_token,FINMIND_TOKEN is not set,256,128,,,,sent,,FinMind request sent with token in query params and/or Authorization header
2026-09-23 07:43:12,api_call,get_stock_data,3702,TaiwanStockPrice,False,,,missing_token,FINMIND_TOKEN is not set,257,129,,,,sent,,FinMind request sent with token in query params and/or Authorization header
2026-09-23 07:43:14,api_call,get_stock_reference_price,3702,TaiwanStockPriceLimit,False,,,missing_token,FINMIND_TOKEN is not set,258,129,,,,sent,,FinMind request sent with token in query params and/or Authorization header
2026-09-23 07:43:15,api_call,get_stock_data,3711,TaiwanStockPrice,False,,,missing_token,FINMIND_TOKEN is not set,259,130,,,,sent,,FinMind request sent with token in query params and/or Authorization header
2026-09-23 07:43:16,api_call,get_stock_reference_price,3711,TaiwanStockPriceLimit,False,,,missing_token,FINMIND_TOKEN is not set,260,130,,,,sent,,FinMind request sent with token in query params and/or Authorization header
2026-09-23 07:43:18,api_call,get_stock_data,3715,TaiwanStockPrice,False,,,missing_token,FINMIND_TOKEN is not set,261,131,,,,sent,,FinMind request sent with token in query params and/or Authorization header
2026-09-23 07:43:19,api_call,get_stock_reference_price,3715,TaiwanStockPriceLimit,False,,,missing_token,FINMIND_TOKEN is not set,262,131,,,,sent,,FinMind request sent with token in query params and/or Authorization header
2026-09-23 07:43:20,api_call,get_stock_data,4749,TaiwanStockPrice,False,,,missing_token,FINMIND_TOKEN is not set,263,132,,,,sent,,FinMind request sent with token in query params and/or Authorization header
2026-09-23 07:43:22,api_call,get_stock_reference_price,4749,TaiwanStockPriceLimit,False,,,missing_token,FINMIND_TOKEN is not set,264,132,,,,sent,,FinMind request sent with token in query params and/or Authorization header
2026-09-23 07:43:23,api_call,get_stock_data,4772,TaiwanStockPrice,False,,,missing_token,FINMIND_TOKEN is not set,265,133,,,,sent,,FinMind request sent with token in query params and/or Authorization header
2026-09-23 07:43:24,api_call,get_stock_reference_price,4772,TaiwanStockPriceLimit,False,,,missing_token,FINMIND_TOKEN is not set,266,133,,,,sent,,FinMind request sent with token in query params and/or Authorization header
2026-09-23 07:43:26,api_call,get_stock_data,4904,TaiwanStockPrice,False,,,missing_token,FINMIND_TOKEN is not set,267,134,,,,sent,,FinMind request sent with token in query params and/or Authorization header
2026-09-23 07:43:27,api_call,get_stock_reference_price,4904,TaiwanStockPriceLimit,False,,,missing_token,FINMIND_TOKEN is not set,268,134,,,,sent,,FinMind request sent with token in query params and/or Authorization header
2026-09-23 07:43:28,api_call,get_stock_data,4931,TaiwanStockPrice,False,,,missing_token,FINMIND_TOKEN is not set,269,135,,,,sent,,FinMind request sent with token in query params and/or Authorization header
2026-09-23 07:43:30,api_call,get_stock_reference_price,4931,TaiwanStockPriceLimit,False,,,missing_token,FINMIND_TOKEN is not set,270,135,,,,sent,,FinMind request sent with token in query params and/or Authorization header
2026-09-23 07:43:31,api_call,get_stock_data,4938,TaiwanStockPrice,False,,,missing_token,FINMIND_TOKEN is not set,271,136,,,,sent,,FinMind request sent with token in query params and/or Authorization header
2026-09-23 07:43:32,api_call,get_stock_reference_price,4938,TaiwanStockPriceLimit,False,,,missing_token,FINMIND_TOKEN is not set,272,136,,,,sent,,FinMind request sent with token in query params and/or Authorization header
2026-09-23 07:43:34,api_call,get_stock_data,4958,TaiwanStockPrice,False,,,missing_token,FINMIND_TOKEN is not set,273,137,,,,sent,,FinMind request sent with token in query params and/or Authorization header
2026-09-23 07:43:35,api_call,get_stock_reference_price,4958,TaiwanStockPriceLimit,False,,,missing_token,FINMIND_TOKEN is not set,274,137,,,,sent,,FinMind request sent with token in query params and/or Authorization header
2026-09-23 07:43:37,api_call,get_stock_data,4971,TaiwanStockPrice,False,,,missing_token,FINMIND_TOKEN is not set,275,138,,,,sent,,FinMind request sent with token in query params and/or Authorization header
2026-09-23 07:43:38,api_call,get_stock_reference_price,4971,TaiwanStockPriceLimit,False,,,missing_token,FINMIND_TOKEN is not set,276,138,,,,sent,,FinMind request sent with token in query params and/or Authorization header
2026-09-23 07:43:39,api_call,get_stock_data,4977,TaiwanStockPrice,False,,,missing_token,FINMIND_TOKEN is not set,277,139,,,,sent,,FinMind request sent with token in query params and/or Authorization header
2026-09-23 07:43:41,api_call,get_stock_reference_price,4977,TaiwanStockPriceLimit,False,,,missing_token,FINMIND_TOKEN is not set,278,139,,,,sent,,FinMind request sent with token in query params and/or Authorization header
2026-09-23 07:43:42,api_call,get_stock_data,4979,TaiwanStockPrice,False,,,missing_token,FINMIND_TOKEN is not set,279,140,,,,sent,,FinMind request sent with token in query params and/or Authorization header
2026-09-23 07:43:43,api_call,get_stock_reference_price,4979,TaiwanStockPriceLimit,False,,,missing_token,FINMIND_TOKEN is not set,280,140,,,,sent,,FinMind request sent with token in query params and/or Authorization header
2026-09-23 07:43:45,api_call,get_stock_data,4991,TaiwanStockPrice,False,,,missing_token,FINMIND_TOKEN is not set,281,141,,,,sent,,FinMind request sent with token in query params and/or Authorization header
2026-09-23 07:43:46,api_call,get_stock_reference_price,4991,TaiwanStockPriceLimit,False,,,missing_token,FINMIND_TOKEN is not set,282,141,,,,sent,,FinMind request sent with token in query params and/or Authorization header
2026-09-23 07:43:47,api_call,get_stock_data,5274,TaiwanStockPrice,False,,,missing_token,FINMIND_TOKEN is not set,283,142,,,,sent,,FinMind request sent with token in query params and/or Authorization header
2026-09-23 07:43:49,api_call,get_stock_reference_price,5274,TaiwanStockPriceLimit,False,,,missing_token,FINMIND_TOKEN is not set,284,142,,,,sent,,FinMind request sent with token in query params and/or Authorization header
2026-09-23 07:43:50,api_call,get_stock_data,5289,TaiwanStockPrice,False,,,missing_token,FINMIND_TOKEN is not set,285,143,,,,sent,,FinMind request sent with token in query params and/or Authorization header
2026-09-23 07:43:52,api_call,get_stock_reference_price,5289,TaiwanStockPriceLimit,False,,,missing_token,FINMIND_TOKEN is not set,286,143,,,,sent,,FinMind request sent with token in query params and/or Authorization header
2026-09-23 07:43:54,api_call,get_stock_data,5347,TaiwanStockPrice,False,,,missing_token,FINMIND_TOKEN is not set,287,144,,,,sent,,FinMind request sent with token in query params and/or Authorization header
2026-09-23 07:43:55,api_call,get_stock_reference_price,5347,TaiwanStockPriceLimit,False,,,missing_token,FINMIND_TOKEN is not set,288,144,,,,sent,,FinMind request sent with token in query params and/or Authorization header
2026-09-23 07:43:57,api_call,get_stock_data,5443,TaiwanStockPrice,False,,,missing_token,FINMIND_TOKEN is not set,289,145,,,,sent,,FinMind request sent with token in query params and/or Authorization header
2026-09-23 07:43:58,api_call,get_stock_reference_price,5443,TaiwanStockPriceLimit,False,,,missing_token,FINMIND_TOKEN is not set,290,145,,,,sent,,FinMind request sent with token in query params and/or Authorization header
2026-09-23 07:44:00,api_call,get_stock_data,5475,TaiwanStockPrice,False,,,missing_token,FINMIND_TOKEN is not set,291,146,,,,sent,,FinMind request sent with token in query params and/or Authorization header
2026-09-23 07:44:01,api_call,get_stock_reference_price,5475,TaiwanStockPriceLimit,False,,,missing_token,FINMIND_TOKEN is not set,292,146,,,,sent,,FinMind request sent with token in query params and/or Authorization header
2026-09-23 07:44:03,api_call,get_stock_data,5536,TaiwanStockPrice,False,,,missing_token,FINMIND_TOKEN is not set,293,147,,,,sent,,FinMind request sent with token in query params and/or Authorization header
2026-09-23 07:44:04,api_call,get_stock_reference_price,5536,TaiwanStockPriceLimit,False,,,missing_token,FINMIND_TOKEN is not set,294,147,,,,sent,,FinMind request sent with token in query params and/or Authorization header
2026-09-23 07:44:06,api_call,get_stock_data,5871,TaiwanStockPrice,False,,,missing_token,FINMIND_TOKEN is not set,295,148,,,,sent,,FinMind request sent with token in query params and/or Authorization header
2026-09-23 07:44:07,api_call,get_stock_reference_price,5871,TaiwanStockPriceLimit,False,,,missing_token,FINMIND_TOKEN is not set,296,148,,,,sent,,FinMind request sent with token in query params and/or Authorization header
2026-09-23 07:44:09,api_call,get_stock_data,5876,TaiwanStockPrice,False,,,missing_token,FINMIND_TOKEN is not set,297,149,,,,sent,,FinMind request sent with token in query params and/or Authorization header
2026-09-23 07:44:10,api_call,get_stock_reference_price,5876,TaiwanStockPriceLimit,False,,,missing_token,FINMIND_TOKEN is not set,298,149,,,,sent,,FinMind request sent with token in query params and/or Authorization header
2026-09-23 07:44:12,api_call,get_stock_data,5880,TaiwanStockPrice,False,,,missing_token,FINMIND_TOKEN is not set,299,150,,,,sent,,FinMind request sent with token in query params and/or Authorization header
2026-09-23 07:44:13,api_call,get_stock_reference_price,5880,TaiwanStockPriceLimit,False,,,missing_token,FINMIND_TOKEN is not set,300,150,,,,sent,,FinMind request sent with token in query params and/or Authorization header
2026-09-23 07:44:14,api_call,get_stock_data,6005,TaiwanStockPrice,False,,,missing_token,FINMIND_TOKEN is not set,301,151,,,,sent,,FinMind request sent with token in query params and/or Authorization header
2026-09-23 07:44:16,api_call,get_stock_reference_price,6005,TaiwanStockPriceLimit,False,,,missing_token,FINMIND_TOKEN is not set,302,151,,,,sent,,FinMind request sent with token in query params and/or Authorization header
2026-09-23 07:44:17,api_call,get_stock_data,6139,TaiwanStockPrice,False,,,missing_token,FINMIND_TOKEN is not set,303,152,,,,sent,,FinMind request sent with token in query params and/or Authorization header
2026-09-23 07:44:19,api_call,get_stock_reference_price,6139,TaiwanStockPriceLimit,False,,,missing_token,FINMIND_TOKEN is not set,304,152,,,,sent,,FinMind request sent with token in query params and/or Authorization header
2026-09-23 07:44:20,api_call,get_stock_data,6182,TaiwanStockPrice,False,,,missing_token,FINMIND_TOKEN is not set,305,153,,,,sent,,FinMind request sent with token in query params and/or Authorization header
2026-09-23 07:44:21,api_call,get_stock_reference_price,6182,TaiwanStockPriceLimit,False,,,missing_token,FINMIND_TOKEN is not set,306,153,,,,sent,,FinMind request sent with token in query params and/or Authorization header
2026-09-23 07:44:23,api_call,get_stock_data,6187,TaiwanStockPrice,False,,,missing_token,FINMIND_TOKEN is not set,307,154,,,,sent,,FinMind request sent with token in query params and/or Authorization header
2026-09-23 07:44:24,api_call,get_stock_reference_price,6187,TaiwanStockPriceLimit,False,,,missing_token,FINMIND_TOKEN is not set,308,154,,,,sent,,FinMind request sent with token in query params and/or Authorization header
2026-09-23 07:44:25,api_call,get_stock_data,6196,TaiwanStockPrice,False,,,missing_token,FINMIND_TOKEN is not set,309,155,,,,sent,,FinMind request sent with token in query params and/or Authorization header
2026-09-23 07:44:27,api_call,get_stock_reference_price,6196,TaiwanStockPriceLimit,False,,,missing_token,FINMIND_TOKEN is not set,310,155,,,,sent,,FinMind request sent with token in query params and/or Authorization header
2026-09-23 07:44:28,api_call,get_stock_data,6213,TaiwanStockPrice,False,,,missing_token,FINMIND_TOKEN is not set,311,156,,,,sent,,FinMind request sent with token in query params and/or Authorization header
2026-09-23 07:44:29,api_call,get_stock_reference_price,6213,TaiwanStockPriceLimit,False,,,missing_token,FINMIND_TOKEN is not set,312,156,,,,sent,,FinMind request sent with token in query params and/or Authorization header
2026-09-23 07:44:30,api_call,get_stock_data,6217,TaiwanStockPrice,False,,,missing_token,FINMIND_TOKEN is not set,313,157,,,,sent,,FinMind request sent with token in query params and/or Authorization header
2026-09-23 07:44:32,api_call,get_stock_reference_price,6217,TaiwanStockPriceLimit,False,,,missing_token,FINMIND_TOKEN is not set,314,157,,,,sent,,FinMind request sent with token in query params and/or Authorization header
2026-09-23 07:44:33,api_call,get_stock_data,6223,TaiwanStockPrice,False,,,missing_token,FINMIND_TOKEN is not set,315,158,,,,sent,,FinMind request sent with token in query params and/or Authorization header
2026-09-23 07:44:34,api_call,get_stock_reference_price,6223,TaiwanStockPriceLimit,False,,,missing_token,FINMIND_TOKEN is not set,316,158,,,,sent,,FinMind request sent with token in query params and/or Authorization header
2026-09-23 07:44:36,api_call,get_stock_data,6239,TaiwanStockPrice,False,,,missing_token,FINMIND_TOKEN is not set,317,159,,,,sent,,FinMind request sent with token in query params and/or Authorization header
2026-09-23 07:44:37,api_call,get_stock_reference_price,6239,TaiwanStockPriceLimit,False,,,missing_token,FINMIND_TOKEN is not set,318,159,,,,sent,,FinMind request sent with token in query params and/or Authorization header
2026-09-23 07:44:38,api_call,get_stock_data,6243,TaiwanStockPrice,False,,,missing_token,FINMIND_TOKEN is not set,319,160,,,,sent,,FinMind request sent with token in query params and/or Authorization header
2026-09-23 07:44:40,api_call,get_stock_reference_price,6243,TaiwanStockPriceLimit,False,,,missing_token,FINMIND_TOKEN is not set,320,160,,,,sent,,FinMind request sent with token in query params and/or Authorization header
2026-09-23 07:44:41,api_call,get_stock_data,6257,TaiwanStockPrice,False,,,missing_token,FINMIND_TOKEN is not set,321,161,,,,sent,,FinMind request sent with token in query params and/or Authorization header
2026-09-23 07:44:43,api_call,get_stock_reference_price,6257,TaiwanStockPriceLimit,False,,,missing_token,FINMIND_TOKEN is not set,322,161,,,,sent,,FinMind request sent with token in query params and/or Authorization header
2026-09-23 07:44:44,api_call,get_stock_data,6274,TaiwanStockPrice,False,,,missing_token,FINMIND_TOKEN is not set,323,162,,,,sent,,FinMind request sent with token in query params and/or Authorization header
2026-09-23 07:44:45,api_call,get_stock_reference_price,6274,TaiwanStockPriceLimit,False,,,missing_token,FINMIND_TOKEN is not set,324,162,,,,sent,,FinMind request sent with token in query params and/or Authorization header
2026-09-23 07:44:47,api_call,get_stock_data,6278,TaiwanStockPrice,False,,,missing_token,FINMIND_TOKEN is not set,325,163,,,,sent,,FinMind request sent with token in query params and/or Authorization header
2026-09-23 07:44:48,api_call,get_stock_reference_price,6278,TaiwanStockPriceLimit,False,,,missing_token,FINMIND_TOKEN is not set,326,163,,,,sent,,FinMind request sent with token in query params and/or Authorization header
2026-09-23 07:44:49,api_call,get_stock_data,6282,TaiwanStockPrice,False,,,missing_token,FINMIND_TOKEN is not set,327,164,,,,sent,,FinMind request sent with token in query params and/or Authorization header
2026-09-23 07:44:50,api_call,get_stock_reference_price,6282,TaiwanStockPriceLimit,False,,,missing_token,FINMIND_TOKEN is not set,328,164,,,,sent,,FinMind request sent with token in query params and/or Authorization header
2026-09-23 07:44:52,api_call,get_stock_data,6285,TaiwanStockPrice,False,,,missing_token,FINMIND_TOKEN is not set,329,165,,,,sent,,FinMind request sent with token in query params and/or Authorization header
2026-09-23 07:44:53,api_call,get_stock_reference_price,6285,TaiwanStockPriceLimit,False,,,missing_token,FINMIND_TOKEN is not set,330,165,,,,sent,,FinMind request sent with token in query params and/or Authorization header
2026-09-23 07:44:54,api_call,get_stock_data,6291,TaiwanStockPrice,False,,,missing_token,FINMIND_TOKEN is not set,331,166,,,,sent,,FinMind request sent with token in query params and/or Authorization header
2026-09-23 07:44:56,api_call,get_stock_reference_price,6291,TaiwanStockPriceLimit,False,,,missing_token,FINMIND_TOKEN is not set,332,166,,,,sent,,FinMind request sent with token in query params and/or Authorization header
2026-09-23 07:44:57,api_call,get_stock_data,6412,TaiwanStockPrice,False,,,missing_token,FINMIND_TOKEN is not set,333,167,,,,sent,,FinMind request sent with token in query params and/or Authorization header
2026-09-23 07:44:59,api_call,get_stock_reference_price,6412,TaiwanStockPriceLimit,False,,,missing_token,FINMIND_TOKEN is not set,334,167,,,,sent,,FinMind request sent with token in query params and/or Authorization header
2026-09-23 07:45:00,api_call,get_stock_data,6414,TaiwanStockPrice,False,,,missing_token,FINMIND_TOKEN is not set,335,168,,,,sent,,FinMind request sent with token in query params and/or Authorization header
2026-09-23 07:45:01,api_call,get_stock_reference_price,6414,TaiwanStockPriceLimit,False,,,missing_token,FINMIND_TOKEN is not set,336,168,,,,sent,,FinMind request sent with token in query params and/or Authorization header
2026-09-23 07:45:03,api_call,get_stock_data,6415,TaiwanStockPrice,False,,,missing_token,FINMIND_TOKEN is not set,337,169,,,,sent,,FinMind request sent with token in query params and/or Authorization header
2026-09-23 07:45:04,api_call,get_stock_reference_price,6415,TaiwanStockPriceLimit,False,,,missing_token,FINMIND_TOKEN is not set,338,169,,,,sent,,FinMind request sent with token in query params and/or Authorization header
2026-09-23 07:45:05,api_call,get_stock_data,6442,TaiwanStockPrice,False,,,missing_token,FINMIND_TOKEN is not set,339,170,,,,sent,,FinMind request sent with token in query params and/or Authorization header
2026-09-23 07:45:07,api_call,get_stock_reference_price,6442,TaiwanStockPriceLimit,False,,,missing_token,FINMIND_TOKEN is not set,340,170,,,,sent,,FinMind request sent with token in query params and/or Authorization header
2026-09-23 07:45:08,api_call,get_stock_data,6446,TaiwanStockPrice,False,,,missing_token,FINMIND_TOKEN is not set,341,171,,,,sent,,FinMind request sent with token in query params and/or Authorization header
2026-09-23 07:45:09,api_call,get_stock_reference_price,6446,TaiwanStockPriceLimit,False,,,missing_token,FINMIND_TOKEN is not set,342,171,,,,sent,,FinMind request sent with token in query params and/or Authorization header
2026-09-23 07:45:11,api_call,get_stock_data,6451,TaiwanStockPrice,False,,,missing_token,FINMIND_TOKEN is not set,343,172,,,,sent,,FinMind request sent with token in query params and/or Authorization header
2026-09-23 07:45:12,api_call,get_stock_reference_price,6451,TaiwanStockPriceLimit,False,,,missing_token,FINMIND_TOKEN is not set,344,172,,,,sent,,FinMind request sent with token in query params and/or Authorization header
2026-09-23 07:45:13,api_call,get_stock_data,6488,TaiwanStockPrice,False,,,missing_token,FINMIND_TOKEN is not set,345,173,,,,sent,,FinMind request sent with token in query params and/or Authorization header
2026-09-23 07:45:15,api_call,get_stock_reference_price,6488,TaiwanStockPriceLimit,False,,,missing_token,FINMIND_TOKEN is not set,346,173,,,,sent,,FinMind request sent with token in query params and/or Authorization header
2026-09-23 07:45:16,api_call,get_stock_data,6505,TaiwanStockPrice,False,,,missing_token,FINMIND_TOKEN is not set,347,174,,,,sent,,FinMind request sent with token in query params and/or Authorization header
2026-09-23 07:45:18,api_call,get_stock_reference_price,6505,TaiwanStockPriceLimit,False,,,missing_token,FINMIND_TOKEN is not set,348,174,,,,sent,,FinMind request sent with token in query params and/or Authorization header
2026-09-23 07:45:19,api_call,get_stock_data,6510,TaiwanStockPrice,False,,,missing_token,FINMIND_TOKEN is not set,349,175,,,,sent,,FinMind request sent with token in query params and/or Authorization header
2026-09-23 07:45:20,api_call,get_stock_reference_price,6510,TaiwanStockPriceLimit,False,,,missing_token,FINMIND_TOKEN is not set,350,175,,,,sent,,FinMind request sent with token in query params and/or Authorization header
2026-09-23 07:45:22,api_call,get_stock_data,6515,TaiwanStockPrice,False,,,missing_token,FINMIND_TOKEN is not set,351,176,,,,sent,,FinMind request sent with token in query params and/or Authorization header
2026-09-23 07:45:23,api_call,get_stock_reference_price,6515,TaiwanStockPriceLimit,False,,,missing_token,FINMIND_TOKEN is not set,352,176,,,,sent,,FinMind request sent with token in query params and/or Authorization header
2026-09-23 07:45:24,api_call,get_stock_data,6526,TaiwanStockPrice,False,,,missing_token,FINMIND_TOKEN is not set,353,177,,,,sent,,FinMind request sent with token in query params and/or Authorization header
2026-09-23 07:45:26,api_call,get_stock_reference_price,6526,TaiwanStockPriceLimit,False,,,missing_token,FINMIND_TOKEN is not set,354,177,,,,sent,,FinMind request sent with token in query params and/or Authorization header
2026-09-23 07:45:27,api_call,get_stock_data,6531,TaiwanStockPrice,False,,,missing_token,FINMIND_TOKEN is not set,355,178,,,,sent,,FinMind request sent with token in query params and/or Authorization header
2026-09-23 07:45:29,api_call,get_stock_reference_price,6531,TaiwanStockPriceLimit,False,,,missing_token,FINMIND_TOKEN is not set,356,178,,,,sent,,FinMind request sent with token in query params and/or Authorization header
2026-09-23 07:45:30,api_call,get_stock_data,6640,TaiwanStockPrice,False,,,missing_token,FINMIND_TOKEN is not set,357,179,,,,sent,,FinMind request sent with token in query params and/or Authorization header
2026-09-23 07:45:32,api_call,get_stock_reference_price,6640,TaiwanStockPriceLimit,False,,,missing_token,FINMIND_TOKEN is not set,358,179,,,,sent,,FinMind request sent with token in query params and/or Authorization header
2026-09-23 07:45:33,api_call,get_stock_data,6643,TaiwanStockPrice,False,,,missing_token,FINMIND_TOKEN is not set,359,180,,,,sent,,FinMind request sent with token in query params and/or Authorization header
2026-09-23 07:45:35,api_call,get_stock_reference_price,6643,TaiwanStockPriceLimit,False,,,missing_token,FINMIND_TOKEN is not set,360,180,,,,sent,,FinMind request sent with token in query params and/or Authorization header
2026-09-23 07:45:36,api_call,get_stock_data,6664,TaiwanStockPrice,False,,,missing_token,FINMIND_TOKEN is not set,361,181,,,,sent,,FinMind request sent with token in query params and/or Authorization header
2026-09-23 07:45:37,api_call,get_stock_reference_price,6664,TaiwanStockPriceLimit,False,,,missing_token,FINMIND_TOKEN is not set,362,181,,,,sent,,FinMind request sent with token in query params and/or Authorization header
2026-09-23 07:45:38,api_call,get_stock_data,6669,TaiwanStockPrice,False,,,missing_token,FINMIND_TOKEN is not set,363,182,,,,sent,,FinMind request sent with token in query params and/or Authorization header
2026-09-23 07:45:40,api_call,get_stock_reference_price,6669,TaiwanStockPriceLimit,False,,,missing_token,FINMIND_TOKEN is not set,364,182,,,,sent,,FinMind request sent with token in query params and/or Authorization header
2026-09-23 07:45:41,api_call,get_stock_data,6672,TaiwanStockPrice,False,,,missing_token,FINMIND_TOKEN is not set,365,183,,,,sent,,FinMind request sent with token in query params and/or Authorization header
2026-09-23 07:45:42,api_call,get_stock_reference_price,6672,TaiwanStockPriceLimit,False,,,missing_token,FINMIND_TOKEN is not set,366,183,,,,sent,,FinMind request sent with token in query params and/or Authorization header
2026-09-23 07:45:43,api_call,get_stock_data,6683,TaiwanStockPrice,False,,,missing_token,FINMIND_TOKEN is not set,367,184,,,,sent,,FinMind request sent with token in query params and/or Authorization header
2026-09-23 07:45:45,api_call,get_stock_reference_price,6683,TaiwanStockPriceLimit,False,,,missing_token,FINMIND_TOKEN is not set,368,184,,,,sent,,FinMind request sent with token in query params and/or Authorization header
2026-09-23 07:45:46,api_call,get_stock_data,6691,TaiwanStockPrice,False,,,missing_token,FINMIND_TOKEN is not set,369,185,,,,sent,,FinMind request sent with token in query params and/or Authorization header
2026-09-23 07:45:48,api_call,get_stock_reference_price,6691,TaiwanStockPriceLimit,False,,,missing_token,FINMIND_TOKEN is not set,370,185,,,,sent,,FinMind request sent with token in query params and/or Authorization header
2026-09-23 07:45:49,api_call,get_stock_data,6693,TaiwanStockPrice,False,,,missing_token,FINMIND_TOKEN is not set,371,186,,,,sent,,FinMind request sent with token in query params and/or Authorization header
2026-09-23 07:45:50,api_call,get_stock_reference_price,6693,TaiwanStockPriceLimit,False,,,missing_token,FINMIND_TOKEN is not set,372,186,,,,sent,,FinMind request sent with token in query params and/or Authorization header
2026-09-23 07:45:52,api_call,get_stock_data,6770,TaiwanStockPrice,False,,,missing_token,FINMIND_TOKEN is not set,373,187,,,,sent,,FinMind request sent with token in query params and/or Authorization header
2026-09-23 07:45:53,api_call,get_stock_reference_price,6770,TaiwanStockPriceLimit,False,,,missing_token,FINMIND_TOKEN is not set,374,187,,,,sent,,FinMind request sent with token in query params and/or Authorization header
2026-09-23 07:45:54,api_call,get_stock_data,6789,TaiwanStockPrice,False,,,missing_token,FINMIND_TOKEN is not set,375,188,,,,sent,,FinMind request sent with token in query params and/or Authorization header
2026-09-23 07:45:56,api_call,get_stock_reference_price,6789,TaiwanStockPriceLimit,False,,,missing_token,FINMIND_TOKEN is not set,376,188,,,,sent,,FinMind request sent with token in query params and/or Authorization header
2026-09-23 07:45:57,api_call,get_stock_data,6805,TaiwanStockPrice,False,,,missing_token,FINMIND_TOKEN is not set,377,189,,,,sent,,FinMind request sent with token in query params and/or Authorization header
2026-09-23 07:45:58,api_call,get_stock_reference_price,6805,TaiwanStockPriceLimit,False,,,missing_token,FINMIND_TOKEN is not set,378,189,,,,sent,,FinMind request sent with token in query params and/or Authorization header
2026-09-23 07:45:59,api_call,get_stock_data,6919,TaiwanStockPrice,False,,,missing_token,FINMIND_TOKEN is not set,379,190,,,,sent,,FinMind request sent with token in query params and/or Authorization header
2026-09-23 07:46:01,api_call,get_stock_reference_price,6919,TaiwanStockPriceLimit,False,,,missing_token,FINMIND_TOKEN is not set,380,190,,,,sent,,FinMind request sent with token in query params and/or Authorization header
2026-09-23 07:46:02,api_call,get_stock_data,7711,TaiwanStockPrice,False,,,missing_token,FINMIND_TOKEN is not set,381,191,,,,sent,,FinMind request sent with token in query params and/or Authorization header
2026-09-23 07:46:04,api_call,get_stock_reference_price,7711,TaiwanStockPriceLimit,False,,,missing_token,FINMIND_TOKEN is not set,382,191,,,,sent,,FinMind request sent with token in query params and/or Authorization header
2026-09-23 07:46:05,api_call,get_stock_data,7717,TaiwanStockPrice,False,,,missing_token,FINMIND_TOKEN is not set,383,192,,,,sent,,FinMind request sent with token in query params and/or Authorization header
2026-09-23 07:46:06,api_call,get_stock_reference_price,7717,TaiwanStockPriceLimit,False,,,missing_token,FINMIND_TOKEN is not set,384,192,,,,sent,,FinMind request sent with token in query params and/or Authorization header
2026-09-23 07:46:07,api_call,get_stock_data,7728,TaiwanStockPrice,False,,,missing_token,FINMIND_TOKEN is not set,385,193,,,,sent,,FinMind request sent with token in query params and/or Authorization header
2026-09-23 07:46:09,api_call,get_stock_reference_price,7728,TaiwanStockPriceLimit,False,,,missing_token,FINMIND_TOKEN is not set,386,193,,,,sent,,FinMind request sent with token in query params and/or Authorization header
2026-09-23 07:46:10,api_call,get_stock_data,7734,TaiwanStockPrice,False,,,missing_token,FINMIND_TOKEN is not set,387,194,,,,sent,,FinMind request sent with token in query params and/or Authorization header
2026-09-23 07:46:11,api_call,get_stock_reference_price,7734,TaiwanStockPriceLimit,False,,,missing_token,FINMIND_TOKEN is not set,388,194,,,,sent,,FinMind request sent with token in query params and/or Authorization header
2026-09-23 07:46:13,api_call,get_stock_data,7750,TaiwanStockPrice,False,,,missing_token,FINMIND_TOKEN is not set,389,195,,,,sent,,FinMind request sent with token in query params and/or Authorization header
2026-09-23 07:46:14,api_call,get_stock_reference_price,7750,TaiwanStockPriceLimit,False,,,missing_token,FINMIND_TOKEN is not set,390,195,,,,sent,,FinMind request sent with token in query params and/or Authorization header
2026-09-23 07:46:15,api_call,get_stock_data,7769,TaiwanStockPrice,False,,,missing_token,FINMIND_TOKEN is not set,391,196,,,,sent,,FinMind request sent with token in query params and/or Authorization header
2026-09-23 07:46:17,api_call,get_stock_reference_price,7769,TaiwanStockPriceLimit,False,,,missing_token,FINMIND_TOKEN is not set,392,196,,,,sent,,FinMind request sent with token in query params and/or Authorization header
2026-09-23 07:46:18,api_call,get_stock_data,7792,TaiwanStockPrice,False,,,missing_token,FINMIND_TOKEN is not set,393,197,,,,sent,,FinMind request sent with token in query params and/or Authorization header
2026-09-23 07:46:19,api_call,get_stock_reference_price,7792,TaiwanStockPriceLimit,False,,,missing_token,FINMIND_TOKEN is not set,394,197,,,,sent,,FinMind request sent with token in query params and/or Authorization header
2026-09-23 07:46:21,api_call,get_stock_data,7828,TaiwanStockPrice,False,,,missing_token,FINMIND_TOKEN is not set,395,198,,,,sent,,FinMind request sent with token in query params and/or Authorization header
2026-09-23 07:46:22,api_call,get_stock_reference_price,7828,TaiwanStockPriceLimit,False,,,missing_token,FINMIND_TOKEN is not set,396,198,,,,sent,,FinMind request sent with token in query params and/or Authorization header
2026-09-23 07:46:23,api_call,get_stock_data,7856,TaiwanStockPrice,False,,,missing_token,FINMIND_TOKEN is not set,397,199,,,,sent,,FinMind request sent with token in query params and/or Authorization header
2026-09-23 07:46:24,api_call,get_stock_reference_price,7856,TaiwanStockPriceLimit,False,,,missing_token,FINMIND_TOKEN is not set,398,199,,,,sent,,FinMind request sent with token in query params and/or Authorization header
2026-09-23 07:46:26,api_call,get_stock_data,8021,TaiwanStockPrice,False,,,missing_token,FINMIND_TOKEN is not set,399,200,,,,sent,,FinMind request sent with token in query params and/or Authorization header
2026-09-23 07:46:27,api_call,get_stock_reference_price,8021,TaiwanStockPriceLimit,False,,,missing_token,FINMIND_TOKEN is not set,400,200,,,,sent,,FinMind request sent with token in query params and/or Authorization header
2026-09-23 07:46:28,api_call,get_stock_data,8027,TaiwanStockPrice,False,,,missing_token,FINMIND_TOKEN is not set,401,201,,,,sent,,FinMind request sent with token in query params and/or Authorization header
2026-09-23 07:46:30,api_call,get_stock_reference_price,8027,TaiwanStockPriceLimit,False,,,missing_token,FINMIND_TOKEN is not set,402,201,,,,sent,,FinMind request sent with token in query params and/or Authorization header
2026-09-23 07:46:31,api_call,get_stock_data,8028,TaiwanStockPrice,False,,,missing_token,FINMIND_TOKEN is not set,403,202,,,,sent,,FinMind request sent with token in query params and/or Authorization header
2026-09-23 07:46:32,api_call,get_stock_reference_price,8028,TaiwanStockPriceLimit,False,,,missing_token,FINMIND_TOKEN is not set,404,202,,,,sent,,FinMind request sent with token in query params and/or Authorization header
2026-09-23 07:46:34,api_call,get_stock_data,8039,TaiwanStockPrice,False,,,missing_token,FINMIND_TOKEN is not set,405,203,,,,sent,,FinMind request sent with token in query params and/or Authorization header
2026-09-23 07:46:35,api_call,get_stock_reference_price,8039,TaiwanStockPriceLimit,False,,,missing_token,FINMIND_TOKEN is not set,406,203,,,,sent,,FinMind request sent with token in query params and/or Authorization header
2026-09-23 07:46:37,api_call,get_stock_data,8046,TaiwanStockPrice,False,,,missing_token,FINMIND_TOKEN is not set,407,204,,,,sent,,FinMind request sent with token in query params and/or Authorization header
2026-09-23 07:46:38,api_call,get_stock_reference_price,8046,TaiwanStockPriceLimit,False,,,missing_token,FINMIND_TOKEN is not set,408,204,,,,sent,,FinMind request sent with token in query params and/or Authorization header
2026-09-23 07:46:39,api_call,get_stock_data,8070,TaiwanStockPrice,False,,,missing_token,FINMIND_TOKEN is not set,409,205,,,,sent,,FinMind request sent with token in query params and/or Authorization header
2026-09-23 07:46:41,api_call,get_stock_reference_price,8070,TaiwanStockPriceLimit,False,,,missing_token,FINMIND_TOKEN is not set,410,205,,,,sent,,FinMind request sent with token in query params and/or Authorization header
2026-09-23 07:46:42,api_call,get_stock_data,8155,TaiwanStockPrice,False,,,missing_token,FINMIND_TOKEN is not set,411,206,,,,sent,,FinMind request sent with token in query params and/or Authorization header
2026-09-23 07:46:44,api_call,get_stock_reference_price,8155,TaiwanStockPriceLimit,False,,,missing_token,FINMIND_TOKEN is not set,412,206,,,,sent,,FinMind request sent with token in query params and/or Authorization header
2026-09-23 07:46:45,api_call,get_stock_data,8210,TaiwanStockPrice,False,,,missing_token,FINMIND_TOKEN is not set,413,207,,,,sent,,FinMind request sent with token in query params and/or Authorization header
2026-09-23 07:46:47,api_call,get_stock_reference_price,8210,TaiwanStockPriceLimit,False,,,missing_token,FINMIND_TOKEN is not set,414,207,,,,sent,,FinMind request sent with token in query params and/or Authorization header
2026-09-23 07:46:48,api_call,get_stock_data,8299,TaiwanStockPrice,False,,,missing_token,FINMIND_TOKEN is not set,415,208,,,,sent,,FinMind request sent with token in query params and/or Authorization header
2026-09-23 07:46:50,api_call,get_stock_reference_price,8299,TaiwanStockPriceLimit,False,,,missing_token,FINMIND_TOKEN is not set,416,208,,,,sent,,FinMind request sent with token in query params and/or Authorization header
2026-09-23 07:46:51,api_call,get_stock_data,8358,TaiwanStockPrice,False,,,missing_token,FINMIND_TOKEN is not set,417,209,,,,sent,,FinMind request sent with token in query params and/or Authorization header
2026-09-23 07:46:53,api_call,get_stock_reference_price,8358,TaiwanStockPriceLimit,False,,,missing_token,FINMIND_TOKEN is not set,418,209,,,,sent,,FinMind request sent with token in query params and/or Authorization header
2026-09-23 07:46:54,api_call,get_stock_data,8996,TaiwanStockPrice,False,,,missing_token,FINMIND_TOKEN is not set,419,210,,,,sent,,FinMind request sent with token in query params and/or Authorization header
2026-09-23 07:46:56,api_call,get_stock_reference_price,8996,TaiwanStockPriceLimit,False,,,missing_token,FINMIND_TOKEN is not set,420,210,,,,sent,,FinMind request sent with token in query params and/or Authorization header
2026-09-23 07:46:57,api_call,get_stock_data,009816,TaiwanStockPrice,False,,,missing_token,FINMIND_TOKEN is not set,421,211,,,,sent,,FinMind request sent with token in query params and/or Authorization header
2026-09-23 07:46:58,api_call,get_stock_reference_price,009816,TaiwanStockPriceLimit,False,,,missing_token,FINMIND_TOKEN is not set,422,211,,,,sent,,FinMind request sent with token in query params and/or Authorization header
2026-09-23 07:46:59,api_call,get_stock_data,009820,TaiwanStockPrice,False,,,missing_token,FINMIND_TOKEN is not set,423,212,,,,sent,,FinMind request sent with token in query params and/or Authorization header
2026-09-23 07:47:01,api_call,get_stock_reference_price,009820,TaiwanStockPriceLimit,False,,,missing_token,FINMIND_TOKEN is not set,424,212,,,,sent,,FinMind request sent with token in query params and/or Authorization header
2026-09-23 07:47:02,api_call,get_stock_data,009823,TaiwanStockPrice,False,,,missing_token,FINMIND_TOKEN is not set,425,213,,,,sent,,FinMind request sent with token in query params and/or Authorization header
2026-09-23 07:47:03,api_call,get_stock_data,009824,TaiwanStockPrice,False,,,missing_token,FINMIND_TOKEN is not set,426,214,,,,sent,,FinMind request sent with token in query params and/or Authorization header
2026-09-23 07:47:05,api_call,get_stock_data,00631L,TaiwanStockPrice,False,,,missing_token,FINMIND_TOKEN is not set,427,215,,,,sent,,FinMind request sent with token in query params and/or Authorization header
2026-09-23 07:47:06,api_call,get_stock_reference_price,00631L,TaiwanStockPriceLimit,False,,,missing_token,FINMIND_TOKEN is not set,428,213,,,,sent,,FinMind request sent with token in query params and/or Authorization header
2026-09-23 07:47:07,api_call,get_stock_data,00679B,TaiwanStockPrice,False,,,missing_token,FINMIND_TOKEN is not set,429,216,,,,sent,,FinMind request sent with token in query params and/or Authorization header
2026-09-23 07:47:09,api_call,get_stock_reference_price,00679B,TaiwanStockPriceLimit,False,,,missing_token,FINMIND_TOKEN is not set,430,214,,,,sent,,FinMind request sent with token in query params and/or Authorization header
2026-09-23 07:47:10,api_call,get_stock_data,00685L,TaiwanStockPrice,False,,,missing_token,FINMIND_TOKEN is not set,431,217,,,,sent,,FinMind request sent with token in query params and/or Authorization header
2026-09-23 07:47:11,api_call,get_stock_reference_price,00685L,TaiwanStockPriceLimit,False,,,missing_token,FINMIND_TOKEN is not set,432,215,,,,sent,,FinMind request sent with token in query params and/or Authorization header
2026-09-23 07:47:13,api_call,get_stock_data,00687B,TaiwanStockPrice,False,,,missing_token,FINMIND_TOKEN is not set,433,218,,,,sent,,FinMind request sent with token in query params and/or Authorization header
2026-09-23 07:47:14,api_call,get_stock_reference_price,00687B,TaiwanStockPriceLimit,False,,,missing_token,FINMIND_TOKEN is not set,434,216,,,,sent,,FinMind request sent with token in query params and/or Authorization header
2026-09-23 07:47:15,api_call,get_stock_data,00937B,TaiwanStockPrice,False,,,missing_token,FINMIND_TOKEN is not set,435,219,,,,sent,,FinMind request sent with token in query params and/or Authorization header
2026-09-23 07:47:17,api_call,get_stock_reference_price,00937B,TaiwanStockPriceLimit,False,,,missing_token,FINMIND_TOKEN is not set,436,217,,,,sent,,FinMind request sent with token in query params and/or Authorization header
2026-09-23 07:47:18,api_call,get_stock_data,00953B,TaiwanStockPrice,False,,,missing_token,FINMIND_TOKEN is not set,437,220,,,,sent,,FinMind request sent with token in query params and/or Authorization header
2026-09-23 07:47:19,api_call,get_stock_reference_price,00953B,TaiwanStockPriceLimit,False,,,missing_token,FINMIND_TOKEN is not set,438,218,,,,sent,,FinMind request sent with token in query params and/or Authorization header
2026-09-23 07:47:21,api_call,get_stock_data,00981A,TaiwanStockPrice,False,,,missing_token,FINMIND_TOKEN is not set,439,221,,,,sent,,FinMind request sent with token in query params and/or Authorization header
2026-09-23 07:47:22,api_call,get_stock_reference_price,00981A,TaiwanStockPriceLimit,False,,,missing_token,FINMIND_TOKEN is not set,440,219,,,,sent,,FinMind request sent with token in query params and/or Authorization header
2026-09-23 07:47:23,api_call,CB daily overview,,TaiwanStockConvertibleBondDailyOverview,False,,,missing_token,FINMIND_TOKEN is not set,441,1,,,,sent,,FinMind request sent with token in query params and/or Authorization header
2026-09-23 07:47:24,api_call,CB daily overview,,TaiwanStockConvertibleBondDailyOverview,False,,,missing_token,FINMIND_TOKEN is not set,442,2,,,,sent,,FinMind request sent with token in query params and/or Authorization header
2026-09-23 07:47:25,api_call,CB daily overview,,TaiwanStockConvertibleBondDailyOverview,False,,,missing_token,FINMIND_TOKEN is not set,443,3,,,,sent,,FinMind request sent with token in query params and/or Authorization header
2026-09-23 07:47:27,api_call,CB daily overview,,TaiwanStockConvertibleBondDailyOverview,False,,,missing_token,FINMIND_TOKEN is not set,444,4,,,,sent,,FinMind request sent with token in query params and/or Authorization header
2026-09-23 07:47:28,api_call,CB daily overview,,TaiwanStockConvertibleBondDailyOverview,False,,,missing_token,FINMIND_TOKEN is not set,445,5,,,,sent,,FinMind request sent with token in query params and/or Authorization header
2026-09-23 07:47:29,api_call,CB daily overview,,TaiwanStockConvertibleBondDailyOverview,False,,,missing_token,FINMIND_TOKEN is not set,446,6,,,,sent,,FinMind request sent with token in query params and/or Authorization header
2026-09-23 07:47:30,api_call,CB daily overview,,TaiwanStockConvertibleBondDailyOverview,False,,,missing_token,FINMIND_TOKEN is not set,447,7,,,,sent,,FinMind request sent with token in query params and/or Authorization header
2026-09-23 07:47:32,api_call,CB daily overview,,TaiwanStockConvertibleBondDailyOverview,False,,,missing_token,FINMIND_TOKEN is not set,448,8,,,,sent,,FinMind request sent with token in query params and/or Authorization header
2026-09-23 07:47:33,api_call,CB daily overview,,TaiwanStockConvertibleBondDailyOverview,False,,,missing_token,FINMIND_TOKEN is not set,449,9,,,,sent,,FinMind request sent with token in query params and/or Authorization header
2026-09-23 07:47:34,api_call,CB daily overview,,TaiwanStockConvertibleBondDailyOverview,False,,,missing_token,FINMIND_TOKEN is not set,450,10,,,,sent,,FinMind request sent with token in query params and/or Authorization header
2026-09-23 07:47:36,api_call,market_total_chips,total,TaiwanStockTotalMarginPurchaseShortSale,False,,,missing_token,FINMIND_TOKEN is not set,451,1,,,,sent,,FinMind request sent with token in query params and/or Authorization header
2026-09-23 07:47:37,api_call,market_total_chips,total,TaiwanStockTotalInstitutionalInvestors,False,,,missing_token,FINMIND_TOKEN is not set,452,1,,,,sent,,FinMind request sent with token in query params and/or Authorization header
2026-09-23 07:47:39,api_call,get_index_ohlc_data,TAIEX,TaiwanStockPrice,False,,,missing_token,FINMIND_TOKEN is not set,453,222,,,,sent,,FinMind request sent with token in query params and/or Authorization header
2026-09-23 07:47:41,api_call,get_index_ohlc_data,TPEx,TaiwanStockTotalReturnIndex,False,,,missing_token,FINMIND_TOKEN is not set,454,1,,,,sent,,FinMind request sent with token in query params and/or Authorization header
2026-09-23 07:47:48,api_call,stock info source,2330,TaiwanStockInfo,True,,runt...oken,not_checked,login not checked in this process yet,1,1,,,,sent,,FinMind request sent with token in query params and/or Authorization header
2026-09-23 08:03:32,api_call,stock info source,2330,TaiwanStockInfo,True,,runt...oken,not_checked,login not checked in this process yet,1,1,,,,sent,,FinMind request sent with token in query params and/or Authorization header
